species_sci,wcvp_matched_name,wcvp_status,accepted_name,accepted_authors,accepted_family,accepted_genus,accepted_rank,powo_id,powo_match_type
Abutilon therophrasti Medik.,Abutilon theophrasti Medik.,Accepted,Abutilon theophrasti,Medik.,Malvaceae,Abutilon,Species,1044174-2,canon_fuzzy1
Acalypha australis L.,Acalypha australis L.,Accepted,Acalypha australis,L.,Euphorbiaceae,Acalypha,Species,337182-1,exact_full
Acanthocephalus amplexifolius Kar. & Kir.,Acanthocephalus amplexifolius Kar. & Kir.,Accepted,Acanthocephalus amplexifolius,Kar. & Kir.,Asteraceae,Acanthocephalus,Species,173703-1,exact_full
Acanthocephalus benthamianus Regel & Schmalh.,Acanthocephalus benthamianus Regel,Accepted,Acanthocephalus benthamianus,Regel,Asteraceae,Acanthocephalus,Species,173704-1,exact_name_unique
Acantholepis orientalis Less.,Acantholepis orientalis Less.,Synonym,Echinops acantholepis,Jaub. & Spach,Asteraceae,Echinops,Species,202392-1,exact_full
Acantholimon alatavicum Bunge,Acantholimon alatavicum Bunge,Accepted,Acantholimon alatavicum,Bunge,Plumbaginaceae,Acantholimon,Species,685893-1,exact_full
Acantholimon alberti Regel,Acantholimon alberti Regel,Accepted,Acantholimon alberti,Regel,Plumbaginaceae,Acantholimon,Species,685895-1,exact_full
Acantholimon annae Lincz.,Acantholimon annae Lincz.,Accepted,Acantholimon annae,Lincz.,Plumbaginaceae,Acantholimon,Species,685901-1,exact_full
Acantholimon butkovii Lincz.,Acantholimon butkovii Lincz.,Accepted,Acantholimon butkovii,Lincz.,Plumbaginaceae,Acantholimon,Species,685934-1,exact_full
Acantholimon compactum Korovin,Acantholimon compactum Korovin,Accepted,Acantholimon compactum,Korovin,Plumbaginaceae,Acantholimon,Species,685953-1,exact_full
Acantholimon ekatherinae (B. Fedtsch.) Czerniak.,Acantholimon ekatherinae (B.Fedtsch.) Czerniak.,Accepted,Acantholimon ekatherinae,(B.Fedtsch.) Czerniak.,Plumbaginaceae,Acantholimon,Species,685969-1,exact_full
Acantholimon erythraeum Bunge,Acantholimon erythraeum Bunge,Accepted,Acantholimon erythraeum,Bunge,Plumbaginaceae,Acantholimon,Species,685973-1,exact_full
Acantholimon gontscharovii Czerniak.,Acantholimon gontscharovii Czerniak.,Accepted,Acantholimon gontscharovii,Czerniak.,Plumbaginaceae,Acantholimon,Species,77201824-1,exact_full
Acantholimon hissaricum Lincz.,Acantholimon hissaricum Lincz.,Accepted,Acantholimon hissaricum,Lincz.,Plumbaginaceae,Acantholimon,Species,686008-1,exact_full
Acantholimon katrantavicum Lincz.,Acantholimon katrantavicum Lincz.,Accepted,Acantholimon katrantavicum,Lincz.,Plumbaginaceae,Acantholimon,Species,686025-1,exact_full
Acantholimon korolkovii (Regel) Korovin ex Lincz.,Acantholimon korolkovii (Regel) Korovin,Accepted,Acantholimon korolkovii,(Regel) Korovin,Plumbaginaceae,Acantholimon,Species,686033-1,exact_name_unique
Acantholimon laxiusculum F.O. Khass. & I.I. Malzev,Acantholimon laxiusculum F.O.Khasanov & I.I.Mal'tsev,Synonym,Acantholimon margaritae,Korovin,Plumbaginaceae,Acantholimon,Species,686060-1,exact_name_unique
Acantholimon litvinovii Lincz.,Acantholimon litvinovii Lincz.,Accepted,Acantholimon litvinovii,Lincz.,Plumbaginaceae,Acantholimon,Species,686050-1,exact_full
Acantholimon majewianum Regel,Acantholimon majewianum Regel,Accepted,Acantholimon majewianum,Regel,Plumbaginaceae,Acantholimon,Species,686059-1,exact_full
Acantholimon margaritae Korovin ex Lincz.,Acantholimon margaritae Korovin,Accepted,Acantholimon margaritae,Korovin,Plumbaginaceae,Acantholimon,Species,686060-1,exact_name_unique
Acantholimon muchamedshanovii Lincz.,Acantholimon muchamedshanovii Lincz.,Accepted,Acantholimon muchamedshanovii,Lincz.,Plumbaginaceae,Acantholimon,Species,686070-1,exact_full
Acantholimon nabievii Lincz.,Acantholimon nabievii Lincz.,Accepted,Acantholimon nabievii,Lincz.,Plumbaginaceae,Acantholimon,Species,686072-1,exact_full
Acantholimon nuratavicum Zakirov ex Lincz.,Acantholimon nuratavicum Zakirov,Accepted,Acantholimon nuratavicum,Zakirov,Plumbaginaceae,Acantholimon,Species,686076-1,exact_name_unique
Acantholimon pskemense Lincz.,Acantholimon pskemense Lincz.,Accepted,Acantholimon pskemense,Lincz.,Plumbaginaceae,Acantholimon,Species,686098-1,exact_full
Acantholimon sarawschanicum Regel,Acantholimon saravschanicum Regel,Accepted,Acantholimon saravschanicum,Regel,Plumbaginaceae,Acantholimon,Species,686120-1,canon_exact
Acantholimon schachimardanicum Lincz.,Acantholimon schachimardanicum Lincz.,Accepted,Acantholimon schachimardanicum,Lincz.,Plumbaginaceae,Acantholimon,Species,686126-1,exact_full
Acantholimon subavenaceum Lincz.,Acantholimon subavenaceum Lincz.,Accepted,Acantholimon subavenaceum,Lincz.,Plumbaginaceae,Acantholimon,Species,686153-1,exact_full
Acantholimon taschkurganicum Lincz. & Akschig.,Acantholimon taschkurganicum Lincz. & N.I.Akshigitova,Accepted,Acantholimon taschkurganicum,Lincz. & N.I.Akshigitova,Plumbaginaceae,Acantholimon,Species,686161-1,exact_name_unique
Acantholimon tataricum Boiss.,Acantholimon tataricum Boiss.,Accepted,Acantholimon tataricum,Boiss.,Plumbaginaceae,Acantholimon,Species,686162-1,exact_full
Acantholimon virens Czerniak. ex Lincz.,Acantholimon virens Czerniak.,Accepted,Acantholimon virens,Czerniak.,Plumbaginaceae,Acantholimon,Species,686183-1,exact_name_unique
Acantholimon vvedenskyi Lincz.,Acantholimon vvedenskyi Lincz.,Accepted,Acantholimon vvedenskyi,Lincz.,Plumbaginaceae,Acantholimon,Species,686185-1,exact_full
Acantholimon zakirovii Beshko,Acantholimon zakirovii Beshko,Accepted,Acantholimon zakirovii,Beshko,Plumbaginaceae,Acantholimon,Species,77147347-1,exact_full
Acanthophyllum aculeatum Schischk.,Acanthophyllum aculeatum Schischk.,Accepted,Acanthophyllum aculeatum,Schischk.,Caryophyllaceae,Acanthophyllum,Species,150210-1,exact_full
Acanthophyllum albidum Schischk.,Acanthophyllum albidum Schischk.,Accepted,Acanthophyllum albidum,Schischk.,Caryophyllaceae,Acanthophyllum,Species,150212-1,exact_full
Acanthophyllum borszczowii Litv.,Acanthophyllum borsczowii Litv.,Synonym,Acanthophyllum elatius,Bunge,Caryophyllaceae,Acanthophyllum,Species,150229-1,canon_exact
Acanthophyllum cyrtostegium Vved.,Acanthophyllum cyrtostegium Vved.,Accepted,Acanthophyllum cyrtostegium,Vved.,Caryophyllaceae,Acanthophyllum,Species,978235-1,exact_full
Acanthophyllum elatius Bunge,Acanthophyllum elatius Bunge,Accepted,Acanthophyllum elatius,Bunge,Caryophyllaceae,Acanthophyllum,Species,150229-1,exact_full
Acanthophyllum gypsophiloides Regel,Acanthophyllum gypsophiloides Regel,Accepted,Acanthophyllum gypsophiloides,Regel,Caryophyllaceae,Acanthophyllum,Species,150238-1,exact_full
Acanthophyllum korolkowii Regel & Schmalh.,Acanthophyllum korolkowii Regel & Schmalh.,Accepted,Acanthophyllum korolkowii,Regel & Schmalh.,Caryophyllaceae,Acanthophyllum,Species,150245-1,exact_full
Acanthophyllum krascheninnikovii Schischk.,Acanthophyllum krascheninnikovii Schischk.,Accepted,Acanthophyllum krascheninnikovii,Schischk.,Caryophyllaceae,Acanthophyllum,Species,150247-1,exact_full
Acanthophyllum paniculatum Regel & Herder,Acanthophyllum paniculatum Regel & Herder,Accepted,Acanthophyllum paniculatum,Regel & Herder,Caryophyllaceae,Acanthophyllum,Species,150263-1,exact_full
Acanthophyllum pungens (Bunge) Boiss.,Acanthophyllum pungens (Bunge) Boiss.,Accepted,Acanthophyllum pungens,(Bunge) Boiss.,Caryophyllaceae,Acanthophyllum,Species,150268-1,exact_full
Acanthophyllum sarawschanicum Golenkin,Acanthophyllum sarawschanicum Golenkin,Accepted,Acanthophyllum sarawschanicum,Golenkin,Caryophyllaceae,Acanthophyllum,Species,77221663-1,exact_full
Acanthophyllum stenostegium Freyn,Acanthophyllum stenostegium Freyn,Accepted,Acanthophyllum stenostegium,Freyn,Caryophyllaceae,Acanthophyllum,Species,150279-1,exact_full
Acanthophyllum subglabrum Schischk.,Acanthophyllum subglabrum Schischk.,Accepted,Acanthophyllum subglabrum,Schischk.,Caryophyllaceae,Acanthophyllum,Species,150282-1,exact_full
Acanthophyllum tadshikistanicum Schischk.,Acanthophyllum tadshikistanicum (Schischk.) Schischk.,Accepted,Acanthophyllum tadshikistanicum,(Schischk.) Schischk.,Caryophyllaceae,Acanthophyllum,Species,60473747-2,exact_name_unique
Acer pubescens Franch.,Acer pubescens Franch.,Synonym,Acer pentapomicum,J.L.Stewart,Sapindaceae,Acer,Species,781447-1,exact_full
Acer semenovii Regel & Herder,Acer semenovii Regel & Herder,Synonym,Acer tataricum subsp. semenovii,(Regel & Herder) A.E.Murray,Sapindaceae,Acer,Subspecies,920440-1,exact_full
Acer turkestanicum Pax,Acer turkestanicum Pax,Synonym,Acer platanoides subsp. turkestanicum,(Pax) P.C.de Jong,Sapindaceae,Acer,Subspecies,978224-1,exact_full
Achillea biebersteinii Afan.,Achillea biebersteinii Afanasiev,Synonym,Achillea arabica,Kotschy,Asteraceae,Achillea,Species,173817-1,exact_name_unique
Achillea filipendulina Lam.,Achillea filipendulina Lam.,Accepted,Achillea filipendulina,Lam.,Asteraceae,Achillea,Species,173972-1,exact_full
Achillea karatavica Kamelin,Achillea karatavica Kamelin,Accepted,Achillea karatavica,Kamelin,Asteraceae,Achillea,Species,986180-1,exact_full
Achillea kermanica Gand.,Achillea kermanica Gand.,Synonym,Achillea wilhelmsii,K.Koch,Asteraceae,Achillea,Species,174355-1,exact_full
Achillea micrantha M. Bieb.,Achillea micrantha Willd.,Accepted,Achillea micrantha,Willd.,Asteraceae,Achillea,Species,174104-1,exact_name_unique
Achillea millefolium L.,Achillea millefolium L.,Accepted,Achillea millefolium,L.,Asteraceae,Achillea,Species,2294-2,exact_full
Achillea nobilis L.,Achillea nobilis L.,Accepted,Achillea nobilis,L.,Asteraceae,Achillea,Species,2332-2,name_multi_author_ok
Achnatherum caragana (Trin.) Roshev.,Achnatherum caragana (Trin.) Nevski,Synonym,Timouria conferta,(Poir.) Sennikov,Poaceae,Timouria,Species,77331096-1,exact_name_unique
Achnatherum splendens (Trin.) Nevski,Achnatherum splendens (Trin.) Nevski,Synonym,Neotrinia splendens,"(Trin.) M.Nobis, P.D.Gudkova & A.Nowak",Poaceae,Neotrinia,Species,77200896-1,exact_full
Achnatherum turkomanicum (Roshev.) Tzvelev,Achnatherum turcomanicum (Roshev.) Tzvelev,Accepted,Achnatherum turcomanicum,(Roshev.) Tzvelev,Poaceae,Achnatherum,Species,384458-1,canon_exact
Acinos rotundifolius Pers.,Acinos rotundifolius Pers.,Synonym,Clinopodium graveolens subsp. rotundifolium,(Pers.) Govaerts,Lamiaceae,Clinopodium,Subspecies,1009796-1,name_multi_author_ok
Aconitum rotundifolium Kar. & Kir.,Aconitum rotundifolium Kar. & Kir.,Accepted,Aconitum rotundifolium,Kar. & Kir.,Ranunculaceae,Aconitum,Species,707778-1,exact_full
Aconitum seravschanicum Steinb.,Aconitum seravschanicum Steinb.,Accepted,Aconitum seravschanicum,Steinb.,Ranunculaceae,Aconitum,Species,707808-1,exact_full
Aconitum talassicum Popov,Aconitum talassicum Popov,Accepted,Aconitum talassicum,Popov,Ranunculaceae,Aconitum,Species,707867-1,exact_full
Aconogonon bucharicum (Grig.) Holub,Aconogonon bucharicum (Grig.) Holub,Synonym,Koenigia coriaria,(Grig.) T.M.Schust. & Reveal,Polygonaceae,Koenigia,Species,77152597-1,exact_full
Aconogonon hissaricum (Popov) Sojăk,Aconogonon hissaricum (Popov) Soják,Synonym,Koenigia rumicifolia var. rumicifolia,"",Polygonaceae,Koenigia,Variety,77232455-1,exact_name_unique
Acorus calamus L.,Acorus calamus L.,Accepted,Acorus calamus,L.,Acoraceae,Acorus,Species,84009-1,exact_full
Acroptilon repens (L.) DC.,Acroptilon repens (L.) DC.,Synonym,Rhaponticum repens,(L.) Hidalgo,Asteraceae,Rhaponticum,Species,77073843-1,exact_full
Adiantum capillus-veneris L.,Adiantum capillus-veneris L.,Accepted,Adiantum capillus-veneris,L.,Pteridaceae,Adiantum,Species,325030-2,exact_full
Adonis aestivalis L.,Adonis aestivalis L.,Accepted,Adonis aestivalis,L.,Ranunculaceae,Adonis,Species,708056-1,name_multi_author_ok
Adonis chrysocyathus Hook.f. & Thomson,Adonis chrysocyathus Hook.f. & Thomson,Accepted,Adonis chrysocyathus,Hook.f. & Thomson,Ranunculaceae,Adonis,Species,708081-1,exact_full
Adonis leiosepala Butkov,Adonis leiosepala Butkov,Accepted,Adonis leiosepala,Butkov,Ranunculaceae,Adonis,Species,978258-1,exact_full
Adonis parviflora Fisch. ex DC.,Adonis parviflora Fisch. ex DC.,Synonym,Adonis aestivalis subsp. aestivalis,"",Ranunculaceae,Adonis,Subspecies,77227397-1,name_multi_author_ok
Adonis turkestanica (Korsh.) Adolf,Adonis turkestanica (Korsh.) Adolf,Accepted,Adonis turkestanica,(Korsh.) Adolf,Ranunculaceae,Adonis,Species,708155-1,exact_full
Aegilops crassa Boiss.,Aegilops crassa Boiss. ex Hohen.,Accepted,Aegilops crassa,Boiss. ex Hohen.,Poaceae,Aegilops,Species,384576-1,exact_name_unique
Aegilops cylindrica Host,Aegilops cylindrica Host,Accepted,Aegilops cylindrica,Host,Poaceae,Aegilops,Species,384583-1,name_multi_author_ok
Aegilops juvenalis (Thell.) Eig,Aegilops juvenalis (Thell.) Eig,Accepted,Aegilops juvenalis,(Thell.) Eig,Poaceae,Aegilops,Species,384606-1,exact_full
Aegilops squarrosa L.,Aegilops squarrosa L.,Synonym,Aegilops triuncialis,L.,Poaceae,Aegilops,Species,384658-1,exact_full
Aegilops triuncialis L.,Aegilops triuncialis L.,Accepted,Aegilops triuncialis,L.,Poaceae,Aegilops,Species,384658-1,exact_full
Aegopodium alpestre Ledeb.,Aegopodium alpestre Ledeb.,Accepted,Aegopodium alpestre,Ledeb.,Apiaceae,Aegopodium,Species,837318-1,exact_full
Aegopodium kashmiricum (R.R. Stewart ex Dunn) Pimenov,Aegopodium kashmiricum (R.R.Stewart ex Dunn) Pimenov,Accepted,Aegopodium kashmiricum,(R.R.Stewart ex Dunn) Pimenov,Apiaceae,Aegopodium,Species,969437-1,exact_full
Aegopodium tadshikorum Schischk.,Aegopodium tadshikorum Schischk.,Accepted,Aegopodium tadshikorum,Schischk.,Apiaceae,Aegopodium,Species,837331-1,exact_full
Aeluropus intermedius Regel,Aeluropus intermedius Regel,Synonym,Aeluropus littoralis,(Gouan) Parl.,Poaceae,Aeluropus,Species,1180129-2,exact_full
Aeluropus litoralis (Gouan.) Parl.,Aeluropus littoralis (Gouan) Parl.,Accepted,Aeluropus littoralis,(Gouan) Parl.,Poaceae,Aeluropus,Species,1180129-2,manual_alias
Aeluropus repens (Desf.) Parl.,Aeluropus repens (Desf.) Parl.,Synonym,Aeluropus lagopoides,(L.) Thwaites,Poaceae,Aeluropus,Species,384722-1,exact_full
Aethionema carneum (Banks & Soland.) B. Fedtsch.,Aethionema carneum (Banks & Sol.) B.Fedtsch.,Accepted,Aethionema carneum,(Banks & Sol.) B.Fedtsch.,Brassicaceae,Aethionema,Species,277172-1,exact_name_unique
Agrimonia asiatica Juz.,Agrimonia asiatica Juz.,Synonym,Agrimonia eupatoria subsp. asiatica,(Juz.) Skalický,Rosaceae,Agrimonia,Subspecies,77251250-1,exact_full
Agriophyllum lateriflorum (Lam.) Moq.,Agriophyllum lateriflorum (Lam.) Moq.,Accepted,Agriophyllum lateriflorum,(Lam.) Moq.,Amaranthaceae,Agriophyllum,Species,163343-1,exact_full
Agriophyllum latifolium Fisch. & C.A. Mey.,Agriophyllum latifolium Fisch. & C.A.Mey.,Accepted,Agriophyllum latifolium,Fisch. & C.A.Mey.,Amaranthaceae,Agriophyllum,Species,163344-1,exact_full
Agriophyllum minus Fisch. & C.A. Mey.,Agriophyllum minus Fisch. & C.A.Mey. ex Fenzl,Accepted,Agriophyllum minus,Fisch. & C.A.Mey. ex Fenzl,Amaranthaceae,Agriophyllum,Species,163345-1,exact_name_unique
Agriophyllum paletzkianum Litv.,Agriophyllum paletzkianum Litv.,Accepted,Agriophyllum paletzkianum,Litv.,Amaranthaceae,Agriophyllum,Species,163347-1,exact_full
Agriophyllum pungens (Vahl) Link ex A.Dietr.,Agriophyllum pungens (Vahl) Link ex A.Dietr.,Accepted,Agriophyllum pungens,(Vahl) Link ex A.Dietr.,Amaranthaceae,Agriophyllum,Species,163348-1,exact_full
Agropyron alaicum Drobow,Agropyron alaicum Drobow,Synonym,Kengyilia batalinii,"(Krasn.) J.L.Yang, C.Yen & B.R.Baum",Poaceae,Kengyilia,Species,971690-1,exact_full
Agropyron alatavicum Drobow,Agropyron alatavicum Drobow,Synonym,Kengyilia alatavica,"(Drobow) J.L.Yang, C.Yen & B.R.Baum",Poaceae,Kengyilia,Species,971692-1,exact_full
Agropyron badamense Drobow,Agropyron badamense Drobow,Accepted,Agropyron badamense,Drobow,Poaceae,Agropyron,Species,384865-1,exact_full
Agropyron batalinii (Krasn.) Roshev.,Agropyron batalinii (Krasn.) Roshev.,Synonym,Kengyilia batalinii,"(Krasn.) J.L.Yang, C.Yen & B.R.Baum",Poaceae,Kengyilia,Species,971690-1,exact_full
Agropyron caninum (L.) Beauv.,Agropyron caninum (L.) P.Beauv.,Synonym,Elymus caninus,(L.) L.,Poaceae,Elymus,Species,400197-1,exact_name_unique
Agropyron cristatum (L.) Beauv.,Agropyron cristatum (L.) Gaertn.,Accepted,Agropyron cristatum,(L.) Gaertn.,Poaceae,Agropyron,Species,7365-2,exact_name_unique
Agropyron curvatum Nevski,Agropyron curvatum Nevski,Synonym,Elymus fedtschenkoi,Tzvelev,Poaceae,Elymus,Species,400255-1,exact_full
Agropyron drobovii Nevski,Agropyron drobovii Nevski,Synonym,Campeiostachys drobovii,"(Nevski) B.R.Baum, J.L.Yang & C.Yen",Poaceae,Campeiostachys,Species,77323254-1,exact_full
Agropyron ferganense Drobow,Agropyron ferganense Drobow,Synonym,Pseudoroegneria geniculata,(Trin.) Á.Löve,Poaceae,Pseudoroegneria,Species,914490-1,exact_full
Agropyron fragile (Roth) Nevski,Agropyron fragile (Roth) P.Candargy,Accepted,Agropyron fragile,(Roth) P.Candargy,Poaceae,Agropyron,Species,384994-1,exact_name_unique
Agropyron intermedium (Host) Beauv.,Agropyron intermedium (Host) P.Beauv.,Synonym,Thinopyrum intermedium,(Host) Barkworth & D.R.Dewey,Poaceae,Thinopyrum,Species,1003651-1,exact_name_unique
Agropyron interruptum Nevski,Agropyron interruptum Nevski,Synonym,Elymus praeruptus,Tzvelev,Poaceae,Elymus,Species,400392-1,exact_full
Agropyron lachnophyllum (Ovcz. & Sidorenko) Bondarenko,Agropyron lachnophyllum (Ovcz. & Sidorenko) Bondarenko,Synonym,Elymus dentatus,(Hook.f.) Tzvelev,Poaceae,Elymus,Species,910573-1,exact_full
Agropyron lolioides (Kar. & Kir.) Roshev.,Agropyron lolioides P.Candargy,Synonym,Elymus lolioides,(P.Candargy) Melderis,Poaceae,Elymus,Species,400331-1,exact_name_unique
Agropyron longiaristatum Boiss.,Agropyron longiaristatum var. aitchisonii Boiss.,Synonym,Elymus longearistatus,(Boiss.) Tzvelev,Poaceae,Elymus,Species,400332-1,canon_exact
Agropyron macrochaetum (Nevski) Bondarenko,Agropyron macrochaetum (Nevski) Bondarenko,Synonym,Elymus macrochaetus,(Nevski) Tzvelev,Poaceae,Elymus,Species,400337-1,exact_full
Agropyron praecaespitosum Nevski,Agropyron praecaespitosum Nevski,Synonym,Elymus mutabilis,(Drobow) Tzvelev,Poaceae,Elymus,Species,400355-1,exact_full
Agropyron repens (L.) Beauv.,Agropyron repens (L.) P.Beauv.,Synonym,Elymus repens,(L.) Gould,Poaceae,Elymus,Species,90320-2,exact_name_unique
Agropyron schrenkianum (Fisch. & C.A. Mey.) P. Candargy,Agropyron schrenkianum (Fisch. & C.A.Mey. ex Schrenk) P.Candargy,Synonym,Campeiostachys schrenkiana,(Fisch. & C.A.Mey. ex Schrenk) Drobow,Poaceae,Campeiostachys,Species,394989-1,exact_name_unique
Agropyron setuliferum Nevski,Agropyron setuliferum (Nevski) Nevski,Synonym,Pseudoroegneria setulifera,(Nevski) Á.Löve,Poaceae,Pseudoroegneria,Species,914497-1,exact_name_unique
Agropyron tianschanicum Drobow,Agropyron tianschanicum Drobow,Synonym,Elymus uralensis,(Nevski) Tzvelev,Poaceae,Elymus,Species,400477-1,exact_full
Agropyron transhyrcanum (Nevski) Bondarenko,Agropyron transhyrcanum (Nevski) Bondarenko,Synonym,Elymus transhyrcanus,(Nevski) Tzvelev,Poaceae,Elymus,Species,400466-1,exact_full
Agropyron transnominatum Bondarenko,Agropyron transnominatum Bondarenko,Synonym,Elymus sclerophyllus,(Nevski) Tzvelev,Poaceae,Elymus,Species,400428-1,exact_full
Agropyron trichophorum (Link) K. Richt.,Agropyron trichophorum (Link) K.Richt.,Synonym,Thinopyrum intermedium subsp. intermedium,"",Poaceae,Thinopyrum,Subspecies,77172814-1,exact_full
Agropyron tschimganicum Drobow,Agropyron czimganicum Drobow,Synonym,Elymus czimganicus,(Drobow) Tzvelev,Poaceae,Elymus,Species,400227-1,canon_exact
Agropyron ugamicum Drobow,Agropyron ugamicum Drobow,Synonym,Elymus dentatus,(Hook.f.) Tzvelev,Poaceae,Elymus,Species,910573-1,exact_full
Agrostemma githago L.,Agrostemma githago L.,Accepted,Agrostemma githago,L.,Caryophyllaceae,Agrostemma,Species,150316-1,exact_full
Agrostis gigantea Roth,Agrostis gigantea Roth,Accepted,Agrostis gigantea,Roth,Poaceae,Agrostis,Species,385783-1,exact_full
Agrostis hissarica Roshev.,Agrostis hissarica Roshev.,Synonym,Polypogon hissaricus,(Roshev.) Bor,Poaceae,Polypogon,Species,418686-1,exact_full
Agrostis stolonifera L.,Agrostis stolonifera L.,Accepted,Agrostis stolonifera,L.,Poaceae,Agrostis,Species,386353-1,name_multi_author_ok
Agrostis transcaspica Litv.,Agrostis transcaspica Litv.,Synonym,Agrostis stolonifera,L.,Poaceae,Agrostis,Species,386353-1,exact_full
Agrostis turkestanica Drobow,Agrostis turkestanica Drobow,Synonym,Agrostis vinealis,Schreb.,Poaceae,Agrostis,Species,386503-1,exact_full
Ailantus altissima (Mill.) Swingle,Ailanthus altissima (Mill.) Swingle,Accepted,Ailanthus altissima,(Mill.) Swingle,Simaroubaceae,Ailanthus,Species,813521-1,manual_alias
Ajuga turkestanica (Regel) Briq.,Ajuga turkestanica (Regel) Briq.,Accepted,Ajuga turkestanica,(Regel) Briq.,Lamiaceae,Ajuga,Species,444689-1,exact_full
Alcea baldshuanica (Bornm.) Iljin,Alcea baldshuanica (Bornm.) Iljin,Accepted,Alcea baldshuanica,(Bornm.) Iljin,Malvaceae,Alcea,Species,558649-1,exact_full
Alcea litvinovii (Iljin) Iljin,Alcea litwinowii (Iljin) Iljin,Accepted,Alcea litwinowii,(Iljin) Iljin,Malvaceae,Alcea,Species,558690-1,canon_exact
Alcea nikitinii Iljin,Alcea nikitinii Iljin,Accepted,Alcea nikitinii,Iljin,Malvaceae,Alcea,Species,558696-1,exact_full
Alcea nudiflora (Lindl.) Boiss.,Alcea nudiflora (Lindl.) Boiss.,Accepted,Alcea nudiflora,(Lindl.) Boiss.,Malvaceae,Alcea,Species,60465994-2,exact_full
Alcea rhyticarpa (Trautv.) Iljin,Alcea rhyticarpa (Trautv.) Iljin,Accepted,Alcea rhyticarpa,(Trautv.) Iljin,Malvaceae,Alcea,Species,558712-1,exact_full
Alchemilla chionophila Juz.,Alchemilla chionophila Juz.,Accepted,Alchemilla chionophila,Juz.,Rosaceae,Alchemilla,Species,720463-1,exact_full
Alchemilla cyrtopleura Juz.,Alchemilla cyrtopleura Juz.,Accepted,Alchemilla cyrtopleura,Juz.,Rosaceae,Alchemilla,Species,720500-1,exact_full
Alchemilla fontinalis Juz.,Alchemilla fontinalis Juz.,Accepted,Alchemilla fontinalis,Juz.,Rosaceae,Alchemilla,Species,720578-1,exact_full
Alchemilla krylovii Juz.,Alchemilla krylovii Juz.,Accepted,Alchemilla krylovii,Juz.,Rosaceae,Alchemilla,Species,720712-1,exact_full
Alchemilla retropilosa Juz.,Alchemilla retropilosa Juz.,Accepted,Alchemilla retropilosa,Juz.,Rosaceae,Alchemilla,Species,720920-1,exact_full
Alchemilla sibirica Zámelis,Alchemilla sibirica Zämelis,Accepted,Alchemilla sibirica,Zämelis,Rosaceae,Alchemilla,Species,720972-1,exact_name_unique
Alchemilla tianschanica Juz.,Alchemilla tianschanica Juz.,Accepted,Alchemilla tianschanica,Juz.,Rosaceae,Alchemilla,Species,721026-1,exact_full
Aldrovanda vesiculosa L.,Aldrovanda vesiculosa L.,Accepted,Aldrovanda vesiculosa,L.,Droseraceae,Aldrovanda,Species,321755-1,exact_full
Alexandra lehmannii Bunge,Alexandra lehmannii Bunge,Synonym,Suaeda lehmannii,"(Bunge) Kapralov, Akhani & Roalson",Amaranthaceae,Suaeda,Species,60443480-2,exact_full
Alhagi canescens (Regel) Shap. ex Keller & Shap.,Alhagi canescens (Regel) Shap.,Synonym,Alhagi pseudalhagi subsp. canescens,(Regel) Yakovl.,Fabaceae,Alhagi,Subspecies,77253836-1,exact_name_unique
Alhagi kirghisorum Schrenk ex Fisch. & C. A. Mey.,Alhagi kirghisorum Schrenk ex Fisch. & C.A.Mey.,Synonym,Alhagi pseudalhagi subsp. kirghisorum,(Schrenk) Yakovl.,Fabaceae,Alhagi,Subspecies,77253639-1,exact_full
Alhagi persarum Boiss. & Buhse,Alhagi persarum Boiss. & Buhse,Synonym,Alhagi pseudalhagi subsp. persarum,(Boiss. & Buhse) Takht.,Fabaceae,Alhagi,Subspecies,884591-1,exact_full
Alhagi pseudalhagi (M. Bieb.) Desv.,Alhagi pseudalhagi (M.Bieb.) Desv. ex Wangerin,Accepted,Alhagi pseudalhagi,(M.Bieb.) Desv. ex Wangerin,Fabaceae,Alhagi,Species,77221624-1,exact_name_unique
Alisma gramineum Gmelin,Alisma gramineum Lej.,Accepted,Alisma gramineum,Lej.,Alismataceae,Alisma,Species,77097302-1,exact_name_unique
Alisma lanceolatum With.,Alisma lanceolatum With.,Accepted,Alisma lanceolatum,With.,Alismataceae,Alisma,Species,1047073-2,exact_full
Alisma plantago-aguatica L.,Alisma plantago-aquatica L.,Accepted,Alisma plantago-aquatica,L.,Alismataceae,Alisma,Species,30019518-2,manual_alias
Alliaria petiolata (M. Bieb.) Cavara & Grande,Alliaria petiolata (M.Bieb.) Cavara & Grande,Accepted,Alliaria petiolata,(M.Bieb.) Cavara & Grande,Brassicaceae,Alliaria,Species,1176324-2,exact_full
Allium adylovii Tojibaev & R.M. Fritsch ined.,,,,,,,,,not_found
Allium aflatunense B. Fedtsch.,Allium aflatunense B.Fedtsch.,Accepted,Allium aflatunense,B.Fedtsch.,Amaryllidaceae,Allium,Species,527536-1,exact_full
Allium aktauense F.O. Khass. & Esankulov,Allium aktauense F.O.Khass. & Esankulov,Accepted,Allium aktauense,F.O.Khass. & Esankulov,Amaryllidaceae,Allium,Species,77165250-1,exact_full
Allium alaicum Vved.,Allium alaicum Vved.,Accepted,Allium alaicum,Vved.,Amaryllidaceae,Allium,Species,527542-1,exact_full
Allium alexeianum Regel,Allium alexeianum Regel,Accepted,Allium alexeianum,Regel,Amaryllidaceae,Allium,Species,527560-1,exact_full
Allium altissimum Regel,Allium altissimum Regel,Accepted,Allium altissimum,Regel,Amaryllidaceae,Allium,Species,527568-1,exact_full
Allium ampeloprasum L.,Allium ampeloprasum L.,Accepted,Allium ampeloprasum,L.,Amaryllidaceae,Allium,Species,332079-2,name_multi_author_ok
Allium anisotepalum Vved.,Allium anisotepalum Vved.,Accepted,Allium anisotepalum,Vved.,Amaryllidaceae,Allium,Species,527606-1,exact_full
Allium aroides Popov & Vved.,Allium aroides Popov & Vved.,Accepted,Allium aroides,Popov & Vved.,Amaryllidaceae,Allium,Species,527628-1,exact_full
Allium atrosanguineum Schrenk,Allium atrosanguineum Schrenk,Accepted,Allium atrosanguineum,Schrenk,Amaryllidaceae,Allium,Species,60440753-2,exact_full
Allium atroviolaceum Boiss.,Allium atroviolaceum Boiss.,Accepted,Allium atroviolaceum,Boiss.,Amaryllidaceae,Allium,Species,527645-1,name_multi_author_ok
Allium backhousianum Regel,Allium backhousianum Regel,Accepted,Allium backhousianum,Regel,Amaryllidaceae,Allium,Species,527660-1,exact_full
Allium baissunense Lipsky,Allium baissunense Lipsky,Synonym,Allium caspium subsp. baissunense,(Lipsky) F.O.Khass. & R.M.Fritsch,Amaryllidaceae,Allium,Subspecies,980438-1,exact_full
Allium barsczewskii Lipsky,Allium barsczewskii Lipsky,Accepted,Allium barsczewskii,Lipsky,Amaryllidaceae,Allium,Species,527670-1,exact_full
Allium borszczowii Regel,Allium borszczowii Regel,Accepted,Allium borszczowii,Regel,Amaryllidaceae,Allium,Species,527703-1,exact_full
Allium botschantzevii Kamelin,Allium botschantzevii Kamelin,Accepted,Allium botschantzevii,Kamelin,Amaryllidaceae,Allium,Species,527706-1,exact_full
Allium brevidens Vved.,Allium brevidens Vved.,Accepted,Allium brevidens,Vved.,Amaryllidaceae,Allium,Species,527717-1,exact_full
Allium brevidentiforme Vved.,Allium brevidentiforme Vved.,Accepted,Allium brevidentiforme,Vved.,Amaryllidaceae,Allium,Species,527718-1,exact_full
Allium bucharicum Regel,Allium bucharicum Regel,Accepted,Allium bucharicum,Regel,Amaryllidaceae,Allium,Species,527725-1,exact_full
Allium caeruleum Pall.,Allium caeruleum Pall.,Accepted,Allium caeruleum,Pall.,Amaryllidaceae,Allium,Species,527740-1,name_multi_author_ok
Allium caesioides Wendelbo,Allium caesioides Wendelbo,Accepted,Allium caesioides,Wendelbo,Amaryllidaceae,Allium,Species,527741-1,exact_full
Allium caesium Schrenk,Allium caesium Schrenk,Accepted,Allium caesium,Schrenk,Amaryllidaceae,Allium,Species,527742-1,exact_full
Allium carolinianum DC.,Allium carolinianum Redouté,Accepted,Allium carolinianum,Redouté,Amaryllidaceae,Allium,Species,527786-1,exact_name_unique
Allium caspium (Pall.) M. Bieb.,Allium caspium (Pall.) M.Bieb.,Accepted,Allium caspium,(Pall.) M.Bieb.,Amaryllidaceae,Allium,Species,527788-1,exact_full
Allium chorkesaricum F.O. Khass. & Tojibaev,Allium chorkessaricum F.O.Khass. & Tojibaev,Accepted,Allium chorkessaricum,F.O.Khass. & Tojibaev,Amaryllidaceae,Allium,Species,77129268-1,canon_exact
Allium clausum Vved.,Allium clausum Vved.,Accepted,Allium clausum,Vved.,Amaryllidaceae,Allium,Species,527844-1,exact_full
Allium costatovaginatum Kamelin & Levichev,Allium costatovaginatum Kamelin & Levichev,Accepted,Allium costatovaginatum,Kamelin & Levichev,Amaryllidaceae,Allium,Species,930009-1,exact_full
Allium crystallinum Vved.,Allium crystallinum Vved.,Accepted,Allium crystallinum,Vved.,Amaryllidaceae,Allium,Species,527892-1,exact_full
Allium cupuliferum Regel subsp. cupuliferum,Allium cupuliferum Regel,Accepted,Allium cupuliferum,Regel,Amaryllidaceae,Allium,Species,527897-1,exact_name_unique
Allium cupuliferum subsp. nuratavicum R.M. Fritsch & Beshko,Allium cupuliferum subsp. nuratavicum R.M.Fritsch & Beshko,Synonym,Allium nuratavicum,(R.M.Fritsch & Beshko) Beshko,Amaryllidaceae,Allium,Species,77330949-1,exact_full
Allium darwasicum Regel,Allium darwasicum Regel,Accepted,Allium darwasicum,Regel,Amaryllidaceae,Allium,Species,527913-1,exact_full
Allium decoratum Turginov & Tojibaev,Allium decoratum Turginov & Tojibaev,Accepted,Allium decoratum,Turginov & Tojibaev,Amaryllidaceae,Allium,Species,77143068-1,exact_full
Allium dodecadontum Vved.,Allium dodecadontum Vved.,Accepted,Allium dodecadontum,Vved.,Amaryllidaceae,Allium,Species,527952-1,exact_full
Allium dolichomischum Vved.,Allium dolichomischum Vved.,Accepted,Allium dolichomischum,Vved.,Amaryllidaceae,Allium,Species,527954-1,exact_full
Allium dolichostylum Vved.,Allium dolichostylum Vved.,Accepted,Allium dolichostylum,Vved.,Amaryllidaceae,Allium,Species,527955-1,exact_full
Allium drepanophyllum Vved.,Allium drepanophyllum Vved.,Accepted,Allium drepanophyllum,Vved.,Amaryllidaceae,Allium,Species,527961-1,exact_full
Allium drobovii Vved.,Allium drobovii Vved.,Accepted,Allium drobovii,Vved.,Amaryllidaceae,Allium,Species,527962-1,exact_full
Allium elegans Drobow,Allium elegans Drobow,Accepted,Allium elegans,Drobow,Amaryllidaceae,Allium,Species,527979-1,exact_full
Allium eremoprasum Vved.,Allium eremoprasum Vved.,Accepted,Allium eremoprasum,Vved.,Amaryllidaceae,Allium,Species,527992-1,exact_full
Allium eriocoleum Vved.,Allium eriocoleum Vved.,Accepted,Allium eriocoleum,Vved.,Amaryllidaceae,Allium,Species,527994-1,exact_full
Allium fedschenkoanum Regel,Allium fedschenkoanum Regel,Synonym,Allium atrosanguineum var. fedschenkoanum,(Regel) G.H.Zhu & Turland,Amaryllidaceae,Allium,Variety,1015523-1,exact_full
Allium ferganicum Vved.,Allium ferganicum Vved.,Accepted,Allium ferganicum,Vved.,Amaryllidaceae,Allium,Species,528026-1,exact_full
Allium fetisowii Regel,Allium fetisowii Regel,Accepted,Allium fetisowii,Regel,Amaryllidaceae,Allium,Species,528028-1,exact_full
Allium fibrosum Regel,Allium fibrosum Regel,Synonym,Allium leucosphaerum,Aitch. & Baker,Amaryllidaceae,Allium,Species,528311-1,name_multi_author_ok
Allium filidens Regel subsp. filidens,Allium filidens Regel,Accepted,Allium filidens,Regel,Amaryllidaceae,Allium,Species,528033-1,exact_name_unique
Allium filidentiforme Vved.,Allium filidentiforme Vved.,Accepted,Allium filidentiforme,Vved.,Amaryllidaceae,Allium,Species,528034-1,exact_full
Allium flavellum Vved.,Allium flavellum Vved.,Accepted,Allium flavellum,Vved.,Amaryllidaceae,Allium,Species,528047-1,exact_full
Allium fritschii F.O. Khass. & Yengalycheva,Allium fritschii F.O.Khass. & Yengal.,Accepted,Allium fritschii,F.O.Khass. & Yengal.,Amaryllidaceae,Allium,Species,996296-1,exact_name_unique
Allium furkatii R. M. Fritsch,Allium furkatii R.M.Fritsch,Accepted,Allium furkatii,R.M.Fritsch,Amaryllidaceae,Allium,Species,77100367-1,exact_full
Allium giganteum Regel,Allium giganteum Regel,Accepted,Allium giganteum,Regel,Amaryllidaceae,Allium,Species,528087-1,exact_full
Allium gracillimum Vved.,Allium gracillimum Vved.,Accepted,Allium gracillimum,Vved.,Amaryllidaceae,Allium,Species,528110-1,exact_full
Allium griffithianum Boiss.,Allium griffithianum Boiss.,Accepted,Allium griffithianum,Boiss.,Amaryllidaceae,Allium,Species,528124-1,exact_full
Allium gusaricum Regel,Allium gusaricum Regel,Accepted,Allium gusaricum,Regel,Amaryllidaceae,Allium,Species,528132-1,exact_full
Allium gypsaceum Popov & Vved.,Allium gypsaceum Popov & Vved.,Accepted,Allium gypsaceum,Popov & Vved.,Amaryllidaceae,Allium,Species,528134-1,exact_full
Allium gypsodictyum Vved.,Allium gypsodictyum Vved.,Accepted,Allium gypsodictyum,Vved.,Amaryllidaceae,Allium,Species,528135-1,exact_full
Allium habibi F.O. Khass.,Allium habibii F.O.Khass.,Accepted,Allium habibii,F.O.Khass.,Amaryllidaceae,Allium,Species,77297089-1,canon_exact
Allium haneltii F. O. Khass. & R. M. Fritsch,Allium haneltii F.O.Khass. & R.M.Fritsch,Accepted,Allium haneltii,F.O.Khass. & R.M.Fritsch,Amaryllidaceae,Allium,Species,1002906-1,exact_full
Allium hexaceras Vved.,Allium hexaceras Vved.,Accepted,Allium hexaceras,Vved.,Amaryllidaceae,Allium,Species,528152-1,exact_full
Allium hissaricum Vved.,Allium hissaricum Vved.,Accepted,Allium hissaricum,Vved.,Amaryllidaceae,Allium,Species,528162-1,exact_full
Allium hymenorrhizum Ledeb.,Allium hymenorhizum Ledeb.,Accepted,Allium hymenorhizum,Ledeb.,Amaryllidaceae,Allium,Species,528178-1,manual_alias
Allium inconspicuum Vved.,Allium inconspicuum Vved.,Accepted,Allium inconspicuum,Vved.,Amaryllidaceae,Allium,Species,528191-1,exact_full
Allium incrustatum Vved.,Allium incrustatum Vved.,Accepted,Allium incrustatum,Vved.,Amaryllidaceae,Allium,Species,528192-1,exact_full
Allium isakulii R.M. Fritsch & F.O. Khass.,Allium isakulii R.M.Fritsch & F.O.Khass.,Accepted,Allium isakulii,R.M.Fritsch & F.O.Khass.,Amaryllidaceae,Allium,Species,1016281-1,exact_full
Allium jesdianum Boiss. & Buhse subsp. angustipetalum (Wendelbo) F.O. Khass. & R.M. Fritsch (= A. ecornutum),Allium jesdianum Boiss. & Buhse,Accepted,Allium jesdianum,Boiss. & Buhse,Amaryllidaceae,Allium,Species,528222-1,exact_name_unique
Allium jodanthum Vved.,Allium jodanthum Vved.,Accepted,Allium jodanthum,Vved.,Amaryllidaceae,Allium,Species,528223-1,exact_full
Allium karataviense Regel,Allium karataviense Regel,Accepted,Allium karataviense,Regel,Amaryllidaceae,Allium,Species,528236-1,exact_full
Allium kaufmannii Regel,Allium kaufmannii Regel,Synonym,Allium atrosanguineum var. fedschenkoanum,(Regel) G.H.Zhu & Turland,Amaryllidaceae,Allium,Variety,1015523-1,exact_full
Allium kokanicum Regel,Allium kokanicum Regel,Accepted,Allium kokanicum,Regel,Amaryllidaceae,Allium,Species,528257-1,exact_full
Allium komarowii Lipsky,Allium komarowii Lipsky,Accepted,Allium komarowii,Lipsky,Amaryllidaceae,Allium,Species,528259-1,exact_full
Allium kuramense F. O. Khass. & N. Friesen,Allium kuramense F.O.Khass. & N.Friesen,Accepted,Allium kuramense,F.O.Khass. & N.Friesen,Amaryllidaceae,Allium,Species,1002908-1,exact_full
Allium kysylkumi Kamelin,Allium kysylkumi Kamelin,Accepted,Allium kysylkumi,Kamelin,Amaryllidaceae,Allium,Species,528272-1,exact_full
Allium levichevii F.O. Khass. & Esankulov,"Allium levichevii F.O.Khass., Esankulov & Sulejm.",Accepted,Allium levichevii,"F.O.Khass., Esankulov & Sulejm.",Amaryllidaceae,Allium,Species,77219916-1,exact_name_unique
Allium lipskyanum Vved.,Allium lipskyanum Vved.,Accepted,Allium lipskyanum,Vved.,Amaryllidaceae,Allium,Species,528321-1,exact_full
Allium longicuspis Regel,Allium longicuspis Regel,Synonym,Allium sativum,L.,Amaryllidaceae,Allium,Species,528796-1,exact_full
Allium longiradiatum (Regel) Vved.,Allium longiradiatum (Regel) Vved.,Accepted,Allium longiradiatum,(Regel) Vved.,Amaryllidaceae,Allium,Species,528338-1,exact_full
Allium lutescens Vved.,Allium lutescens Vved.,Accepted,Allium lutescens,Vved.,Amaryllidaceae,Allium,Species,528352-1,exact_full
Allium majus Vved.,Allium majus Vved.,Accepted,Allium majus,Vved.,Amaryllidaceae,Allium,Species,528377-1,exact_full
Allium margaritiferum Vved.,Allium margaritiferum Vved.,Accepted,Allium margaritiferum,Vved.,Amaryllidaceae,Allium,Species,528384-1,exact_full
Allium marmoratum Seregin,Allium marmoratum Seregin,Accepted,Allium marmoratum,Seregin,Amaryllidaceae,Allium,Species,77146875-1,exact_full
Allium michaelis F.O. Khass. & Tojibaev,Allium michaelis F.O.Khass. & Tojibaev,Accepted,Allium michaelis,F.O.Khass. & Tojibaev,Amaryllidaceae,Allium,Species,77103807-1,exact_full
Allium minutum Vved.,Allium minutum Vved.,Accepted,Allium minutum,Vved.,Amaryllidaceae,Allium,Species,528416-1,exact_full
Allium nevskianum Vved.,Allium nevskianum Vved.,Illegitimate,Allium nevskianum,Vved. ex Wendelbo,Amaryllidaceae,Allium,Species,528483-1,name_multi_author_ok
Allium nikolai F.O. Khass. et Achilova,Allium nikolaii F.O.Khass. & Achilova,Accepted,Allium nikolaii,F.O.Khass. & Achilova,Amaryllidaceae,Allium,Species,77297087-1,canon_exact
Allium ophiophyllum Vved.,Allium ophiophyllum Vved.,Accepted,Allium ophiophyllum,Vved.,Amaryllidaceae,Allium,Species,528533-1,exact_full
Allium oreodictyum Vved.,Allium oreodictyum Vved.,Accepted,Allium oreodictyum,Vved.,Amaryllidaceae,Allium,Species,528538-1,exact_full
Allium oreophiloides Regel,Allium oreophiloides Regel,Accepted,Allium oreophiloides,Regel,Amaryllidaceae,Allium,Species,528539-1,exact_full
Allium oreophilum C.A. Mey.,Allium oreophilum C.A.Mey.,Accepted,Allium oreophilum,C.A.Mey.,Amaryllidaceae,Allium,Species,528540-1,exact_full
Allium oreoprasum Schrenk,Allium oreoprasum Schrenk,Accepted,Allium oreoprasum,Schrenk,Amaryllidaceae,Allium,Species,528542-1,exact_full
Allium oreoscordum Vved.,Allium oreoscordum Vved.,Accepted,Allium oreoscordum,Vved.,Amaryllidaceae,Allium,Species,528543-1,exact_full
Allium orunbaii F. O. Khass. & R. M. Fritsch,Allium orunbaii F.O.Khass. & R.M.Fritsch,Accepted,Allium orunbaii,F.O.Khass. & R.M.Fritsch,Amaryllidaceae,Allium,Species,20007589-1,exact_full
Allium oschaninii O. Fedtsch.,Allium oschaninii O.Fedtsch.,Accepted,Allium oschaninii,O.Fedtsch.,Amaryllidaceae,Allium,Species,528547-1,exact_full
Allium oxianum F.O. Khass. et Tojibaev,Allium oxianum F.O.Khass. & Tojibaev,Accepted,Allium oxianum,F.O.Khass. & Tojibaev,Amaryllidaceae,Allium,Species,77297088-1,exact_name_unique
Allium pallasii Murr.,Allium pallasii Murray,Accepted,Allium pallasii,Murray,Amaryllidaceae,Allium,Species,528560-1,exact_name_unique
Allium petraeum Kar. & Kir.,Allium petraeum Kar. & Kir.,Accepted,Allium petraeum,Kar. & Kir.,Amaryllidaceae,Allium,Species,528609-1,name_multi_author_ok
Allium platyspathum Schrenk,Allium platyspathum Schrenk ex Fisch. & C.A.Mey.,Accepted,Allium platyspathum,Schrenk ex Fisch. & C.A.Mey.,Amaryllidaceae,Allium,Species,528627-1,exact_name_unique
Allium popovii Vved.,Allium popovii Vved.,Accepted,Allium popovii,Vved.,Amaryllidaceae,Allium,Species,528642-1,exact_full
Allium praemixtum Vved.,Allium praemixtum Vved.,Accepted,Allium praemixtum,Vved.,Amaryllidaceae,Allium,Species,528653-1,exact_full
Allium protensum Wendelbo,Allium protensum Wendelbo,Accepted,Allium protensum,Wendelbo,Amaryllidaceae,Allium,Species,528663-1,exact_full
Allium pskemense B. Fedtsch.,Allium pskemense B.Fedtsch.,Accepted,Allium pskemense,B.Fedtsch.,Amaryllidaceae,Allium,Species,528683-1,exact_full
"Allium ravenii F.O. Khass., Shomurodov & Kadyrov","Allium ravenii F.O.Khass., Shomur. & Kadyrov",Accepted,Allium ravenii,"F.O.Khass., Shomur. & Kadyrov",Amaryllidaceae,Allium,Species,77116771-1,exact_name_unique
Allium renardii Regel,Allium renardii Regel,Synonym,Allium caesium,Schrenk,Amaryllidaceae,Allium,Species,527742-1,exact_full
Allium rhodanthum Vved.,Allium rhodanthum Vved.,Synonym,Allium caspium subsp. baissunense,(Lipsky) F.O.Khass. & R.M.Fritsch,Amaryllidaceae,Allium,Subspecies,980438-1,exact_full
"Allium rinae F.O. Khass., Shomuradov & Tojibaev","Allium rinae F.O.Khass., Shomur. & Tojibaev",Accepted,Allium rinae,"F.O.Khass., Shomur. & Tojibaev",Amaryllidaceae,Allium,Species,77103809-1,exact_name_unique
Allium rosenbachianum Regel,Allium rosenbachianum Regel,Accepted,Allium rosenbachianum,Regel,Amaryllidaceae,Allium,Species,528745-1,exact_full
Allium rosenorum R.M. Fritsch,Allium rosenorum R.M.Fritsch,Accepted,Allium rosenorum,R.M.Fritsch,Amaryllidaceae,Allium,Species,980439-1,exact_full
Allium rubellum M. Bieb.,Allium rubellum M.Bieb.,Accepted,Allium rubellum,M.Bieb.,Amaryllidaceae,Allium,Species,528756-1,name_multi_author_ok
Allium sabulosum Steven ex Bunge,Allium sabulosum Steven ex Bunge,Accepted,Allium sabulosum,Steven ex Bunge,Amaryllidaceae,Allium,Species,528779-1,exact_full
Allium saposhnikovii Nikitina,Allium saposhnikovii Nikitina,Accepted,Allium saposhnikovii,Nikitina,Amaryllidaceae,Allium,Species,528793-1,exact_full
Allium sarawschanicum Regel,Allium sarawschanicum Regel,Accepted,Allium sarawschanicum,Regel,Amaryllidaceae,Allium,Species,528794-1,exact_full
Allium scabrellum Boiss. & Buhse,Allium scabrellum Boiss. & Buhse,Synonym,Allium umbilicatum,Boiss.,Amaryllidaceae,Allium,Species,529079-1,exact_full
Allium schachimardanicum Vved.,Allium schachimardanicum Vved.,Accepted,Allium schachimardanicum,Vved.,Amaryllidaceae,Allium,Species,528815-1,exact_full
Allium scharobitdinii F.O. Khass. & Tojibaev,Allium scharobitdinii F.O.Khass. & Tojibaev,Accepted,Allium scharobitdinii,F.O.Khass. & Tojibaev,Amaryllidaceae,Allium,Species,77129267-1,exact_full
Allium schoenoprasoides Regel,Allium schoenoprasoides Regel,Accepted,Allium schoenoprasoides,Regel,Amaryllidaceae,Allium,Species,528822-1,exact_full
Allium severtzovioides R.M. Fritsch,Allium severtzovioides R.M.Fritsch,Accepted,Allium severtzovioides,R.M.Fritsch,Amaryllidaceae,Allium,Species,980431-1,exact_full
Allium sewerzowii Regel,Allium sewerzowii Regel,Accepted,Allium sewerzowii,Regel,Amaryllidaceae,Allium,Species,528862-1,exact_full
Allium sochense R.M. Fritsch & U. Turakulov,Allium sochense R.M.Fritsch & U.Turak.,Accepted,Allium sochense,R.M.Fritsch & U.Turak.,Amaryllidaceae,Allium,Species,20007591-1,exact_name_unique
Allium sordidiflorum Vved.,Allium sordidiflorum Vved.,Accepted,Allium sordidiflorum,Vved.,Amaryllidaceae,Allium,Species,528885-1,exact_full
Allium spathulatum F.O. Khass. & R.M. Fritsch,Allium spathulatum F.O.Khass. & R.M.Fritsch,Accepted,Allium spathulatum,F.O.Khass. & R.M.Fritsch,Amaryllidaceae,Allium,Species,1002907-1,exact_full
Allium stephanophorum Vved.,Allium stephanophorum Vved.,Accepted,Allium stephanophorum,Vved.,Amaryllidaceae,Allium,Species,528918-1,exact_full
Allium stipitatum Regel,Allium stipitatum Regel,Accepted,Allium stipitatum,Regel,Amaryllidaceae,Allium,Species,528920-1,exact_full
Allium sulphureum Vved.,Allium sulphureum Vved.,Accepted,Allium sulphureum,Vved.,Amaryllidaceae,Allium,Species,528954-1,exact_full
Allium suworowii Regel,Allium suworowii Regel,Accepted,Allium suworowii,Regel,Amaryllidaceae,Allium,Species,528956-1,exact_full
Allium svetlanae Vved.,Allium svetlanae Vved. ex Filim.,Accepted,Allium svetlanae,Vved. ex Filim.,Amaryllidaceae,Allium,Species,899127-1,exact_name_unique
Allium taeniopetalum Popov & Vved. subsp. taeniopetalum,Allium taeniopetalum Popov & Vved.,Accepted,Allium taeniopetalum,Popov & Vved.,Amaryllidaceae,Allium,Species,528965-1,exact_name_unique
Allium taeniopetalum subsp. mogoltavicum (Vved.) R.M. Fritsch & F.O. Khass.,Allium taeniopetalum subsp. mogoltavicum (Vved.) R.M.Fritsch & F.O.Khass.,Accepted,Allium taeniopetalum subsp. mogoltavicum,(Vved.) R.M.Fritsch & F.O.Khass.,Amaryllidaceae,Allium,Subspecies,1002909-1,exact_full
Allium talassicum Regel,Allium talassicum Regel,Accepted,Allium talassicum,Regel,Amaryllidaceae,Allium,Species,528967-1,exact_full
Allium tashkenticum F.O. Khass. & R.M. Fritsch,Allium tashkenticum F.O.Khass. & R.M.Fritsch,Invalid,Allium taschkenticum,F.O.Khass. & R.M.Fritsch,Amaryllidaceae,Allium,Species,77165623-1,exact_full
Allium tatyanae F.O. Khass. & F. Karim.,Allium tatyanae F.O.Khass. & F.Karimov,Accepted,Allium tatyanae,F.O.Khass. & F.Karimov,Amaryllidaceae,Allium,Species,77136024-1,exact_name_unique
Allium tenuicaule Regel,Allium tenuicaule Regel,Accepted,Allium tenuicaule,Regel,Amaryllidaceae,Allium,Species,528994-1,exact_full
Allium tschimganicum O. Fedtsch.,Allium tschimganicum B.Fedtsch. ex Vved.,Accepted,Allium tschimganicum,B.Fedtsch. ex Vved.,Amaryllidaceae,Allium,Species,529057-1,exact_name_unique
Allium tuberosum Rottler ex Spreng.,Allium tuberosum Rottler ex Spreng.,Accepted,Allium tuberosum,Rottler ex Spreng.,Amaryllidaceae,Allium,Species,529062-1,name_multi_author_ok
Allium turcomanicum Regel,Allium turcomanicum Regel,Accepted,Allium turcomanicum,Regel,Amaryllidaceae,Allium,Species,529067-1,exact_full
Allium turkestanicum Regel,Allium turkestanicum Regel,Accepted,Allium turkestanicum,Regel,Amaryllidaceae,Allium,Species,529068-1,exact_full
Allium tytthanthum Vved.,Allium tytthanthum Vved.,Accepted,Allium tytthanthum,Vved.,Amaryllidaceae,Allium,Species,529071-1,exact_full
Allium ugami Vved.,Allium ugami Vved.,Synonym,Allium filidens subsp. ugami,(Vved.) R.M.Fritsch & F.O.Khass.,Amaryllidaceae,Allium,Subspecies,77095176-1,exact_full
Allium verticillatum Regel,Allium verticillatum Regel,Accepted,Allium verticillatum,Regel,Amaryllidaceae,Allium,Species,529106-1,exact_full
Allium viridiflorum Pobed.,Allium viridiflorum Pobed.,Accepted,Allium viridiflorum,Pobed.,Amaryllidaceae,Allium,Species,529123-1,exact_full
Allium winklerianum Regel,Allium winklerianum Regel,Accepted,Allium winklerianum,Regel,Amaryllidaceae,Allium,Species,529148-1,exact_full
Allium x tokaliense Kamelin & Levichev,Allium × tokalense Kamelin & Levichev,Accepted,Allium × tokalense,Kamelin & Levichev,Amaryllidaceae,Allium,Species,930011-1,manual_alias
Allium xiphopetalum Aitch. & Baker,Allium xiphopetalum Aitch. & Baker,Accepted,Allium xiphopetalum,Aitch. & Baker,Amaryllidaceae,Allium,Species,529152-1,exact_full
Alopecurus apiatus Ovcz.,Alopecurus apiatus Ovcz.,Accepted,Alopecurus apiatus,Ovcz.,Poaceae,Alopecurus,Species,387020-1,exact_full
Alopecurus arundinaceus Poir.,Alopecurus arundinaceus Poir.,Accepted,Alopecurus arundinaceus,Poir.,Poaceae,Alopecurus,Species,387025-1,exact_full
Alopecurus geniculatus L.,Alopecurus geniculatus L.,Accepted,Alopecurus geniculatus,L.,Poaceae,Alopecurus,Species,387091-1,name_multi_author_ok
Alopecurus himalaicus Hook. f.,Alopecurus himalaicus Hook.f.,Accepted,Alopecurus himalaicus,Hook.f.,Poaceae,Alopecurus,Species,387103-1,exact_full
Alopecurus mucronatus Hack.,Alopecurus mucronatus Hack.,Accepted,Alopecurus mucronatus,Hack.,Poaceae,Alopecurus,Species,387141-1,exact_full
Alopecurus myosuroides Huds.,Alopecurus myosuroides Huds.,Accepted,Alopecurus myosuroides,Huds.,Poaceae,Alopecurus,Species,387143-1,exact_full
Alopecurus nepalensis Trin.,Alopecurus nepalensis Trin. ex Steud.,Accepted,Alopecurus nepalensis,Trin. ex Steud.,Poaceae,Alopecurus,Species,387146-1,exact_name_unique
Alopecurus pratensis L.,Alopecurus pratensis L.,Accepted,Alopecurus pratensis,L.,Poaceae,Alopecurus,Species,387176-1,name_multi_author_ok
Alposelinum albomarginatum (Schrenk) Pimenov,Alposelinum albomarginatum (Schrenk) Pimenov,Synonym,Lomatocarpa albomarginata,(Schrenk) Pimenov & Lavrova,Apiaceae,Lomatocarpa,Species,943754-1,exact_full
Althaea armeniaca Ten.,Althaea armeniaca Ten.,Accepted,Althaea armeniaca,Ten.,Malvaceae,Althaea,Species,558770-1,exact_full
Althaea broussonetiifolia Iljin,Althaea broussonetiifolia Iljin,Synonym,Althaea armeniaca,Ten.,Malvaceae,Althaea,Species,558770-1,exact_full
Althaea cannabina L.,Althaea cannabina L.,Accepted,Althaea cannabina,L.,Malvaceae,Althaea,Species,558787-1,exact_full
Althaea ludwigii L.,Althaea ludwigii L.,Synonym,Malva ludwigii,"(L.) Soldano, Banfi & Galasso",Malvaceae,Malva,Species,77116743-1,exact_full
Althaea officinalis L.,Althaea officinalis L.,Accepted,Althaea officinalis,L.,Malvaceae,Althaea,Species,558872-1,exact_full
Alyssum dasycarpum Steph. ex Willd.,Alyssum dasycarpum Stephan ex Willd.,Accepted,Alyssum dasycarpum,Stephan ex Willd.,Brassicaceae,Alyssum,Species,277443-1,exact_name_unique
Alyssum simplex Rudolphi,Alyssum simplex Rudolphi,Accepted,Alyssum simplex,Rudolphi,Brassicaceae,Alyssum,Species,277791-1,exact_full
Alyssum stenostachyum Botsch. & Vved.,Alyssum stenostachyum Botsch. & Vved.,Synonym,Alyssum szovitsianum,Fisch. & C.A.Mey.,Brassicaceae,Alyssum,Species,277826-1,exact_full
Alyssum szovitsianum Fisch. & C.A. Mey.,Alyssum szovitsianum Fisch. & C.A.Mey.,Accepted,Alyssum szovitsianum,Fisch. & C.A.Mey.,Brassicaceae,Alyssum,Species,277826-1,exact_full
Alyssum turkestanicum Regel & Schmalh.,Alyssum turkestanicum Regel & Schmalh.,Accepted,Alyssum turkestanicum,Regel & Schmalh.,Brassicaceae,Alyssum,Species,277849-1,exact_full
Amaranthus albus L.,Amaranthus albus L.,Accepted,Amaranthus albus,L.,Amaranthaceae,Amaranthus,Species,327388-2,name_multi_author_ok
Amaranthus blitoides S. Watson,Amaranthus blitoides S.Watson,Accepted,Amaranthus blitoides,S.Watson,Amaranthaceae,Amaranthus,Species,10615-2,exact_full
Amaranthus blitum L.,Amaranthus blitum L.,Accepted,Amaranthus blitum,L.,Amaranthaceae,Amaranthus,Species,10619-2,name_multi_author_ok
Amaranthus deflexus L.,Amaranthus deflexus L.,Accepted,Amaranthus deflexus,L.,Amaranthaceae,Amaranthus,Species,327382-2,exact_full
Amaranthus lividus L.,Amaranthus lividus L.,Synonym,Amaranthus blitum subsp. oleraceus,(L.) Costea,Amaranthaceae,Amaranthus,Subspecies,1212777-2,name_multi_author_ok
Amaranthus retroflexus L.,Amaranthus retroflexus L.,Accepted,Amaranthus retroflexus,L.,Amaranthaceae,Amaranthus,Species,10698-2,exact_full
Amaranthus thellungianus Nevski,Amaranthus thellungianus Nevski,Synonym,Amaranthus graecizans subsp. thellungianus,(Nevski) Gusev,Amaranthaceae,Amaranthus,Subspecies,874094-1,exact_full
Amaranthus tricolor L.,Amaranthus tricolor L.,Accepted,Amaranthus tricolor,L.,Amaranthaceae,Amaranthus,Species,327386-2,exact_full
Amberboa bucharica Iljin,Amberboa bucharica Iljin,Accepted,Amberboa bucharica,Iljin,Asteraceae,Amberboa,Species,175981-1,exact_full
Amberboa nana (Boiss.) Iljin,Amberboa nana (Boiss.) Iljin,Accepted,Amberboa nana,(Boiss.) Iljin,Asteraceae,Amberboa,Species,176006-1,exact_full
Amberboa turanica Iljin,Amberboa turanica Iljin,Accepted,Amberboa turanica,Iljin,Asteraceae,Amberboa,Species,176022-1,exact_full
Ambrosia artemisiifolia L.,Ambrosia artemisiifolia L.,Accepted,Ambrosia artemisiifolia,L.,Asteraceae,Ambrosia,Species,176058-1,exact_full
Ammania multiflora Roxb.,Ammannia multiflora Roxb.,Accepted,Ammannia multiflora,Roxb.,Lythraceae,Ammannia,Species,552730-1,canon_exact
Ammannia auriculata Willd.,Ammannia auriculata Willd.,Accepted,Ammannia auriculata,Willd.,Lythraceae,Ammannia,Species,30030870-2,exact_full
Ammannia baccifera L.,Ammannia baccifera L.,Accepted,Ammannia baccifera,L.,Lythraceae,Ammannia,Species,552663-1,name_multi_author_ok
Ammodendron conollyi Bunge ex Boiss.,Ammodendron conollyi Bunge ex Boiss.,Synonym,Sophora conollyi,(Bunge ex Boiss.) M.Liao & Bo Xu bis,Fabaceae,Sophora,Species,77327367-1,exact_full
Ammodendron eichwaldi Ledeb.,Ammodendron eichwaldii Ledeb. & C.A.Mey.,Accepted,Ammodendron eichwaldii,Ledeb. & C.A.Mey.,Fabaceae,Ammodendron,Species,473731-1,canon_exact
Ammodendron karelini Fisch. & C.A. Mey.,Ammodendron karelinii Fisch. & C.A.Mey. ex Ledeb.,Accepted,Ammodendron karelinii,Fisch. & C.A.Mey. ex Ledeb.,Fabaceae,Ammodendron,Species,473733-1,manual_alias
Ammodendron lehmanni Bunge ex Boiss.,Ammodendron lehmannii Bunge ex Boiss.,Synonym,Ammodendron bifolium,(Pall.) Yakovlev,Fabaceae,Ammodendron,Species,473728-1,canon_exact
Ammothamnus lehmanni Bunge,Ammothamnus lehmannii Bunge,Synonym,Sophora lehmannii,(Bunge) Yakovlev,Fabaceae,Sophora,Species,518873-1,canon_exact
Amoria bonannii (C. Persl.) Roskov,Amoria bonannii (C.Presl) Roskov,Synonym,Trifolium fragiferum var. fragiferum,"",Fabaceae,Trifolium,Variety,77194541-1,exact_name_unique
Amoria fragifera (L.) Roskov,Amoria fragifera (L.) Roskov,Synonym,Trifolium fragiferum,L.,Fabaceae,Trifolium,Species,523154-1,exact_full
Ampelopsis aegirophylla (Bunge) Planch.,Ampelopsis aegirophylla (Bunge) Planch.,Synonym,Ampelopsis vitifolia subsp. vitifolia,"",Vitaceae,Ampelopsis,Subspecies,77228242-1,exact_full
Ampelopsis chondisensis (Vassilcz. & V.N. Vassil.) Tuljag.,Ampelopsis chondisensis (Vassilcz. & V.N.Vassil.) Tulyag.,Accepted,Ampelopsis chondisensis,(Vassilcz. & V.N.Vassil.) Tulyag.,Vitaceae,Ampelopsis,Species,1004009-1,exact_name_unique
Ampelopsis tadshikistanica Zaprjag.,Ampelopsis tadshikistanica Zaprjagaeva,Accepted,Ampelopsis tadshikistanica,Zaprjagaeva,Vitaceae,Ampelopsis,Species,77205612-1,exact_name_unique
Amygdalus bucharica Korsh.,Amygdalus bucharica Korsh.,Synonym,Prunus bucharica,(Korsh.) Hand.-Mazz.,Rosaceae,Prunus,Species,729524-1,exact_full
Amygdalus communis L.,Amygdalus communis L.,Synonym,Prunus amygdalus,Batsch,Rosaceae,Prunus,Species,60439867-2,name_multi_author_ok
Amygdalus petunnikovii Litv.,Amygdalus petunnikowii Litv.,Synonym,Prunus petunnikowii,(Litv.) Rehder,Rosaceae,Prunus,Species,730106-1,canon_exact
Amygdalus spinosissima Bunge,Amygdalus spinosissima Bunge,Synonym,Prunus spinosissima,(Bunge) Franch.,Rosaceae,Prunus,Species,730299-1,exact_full
Anabasis annua Bunge,Anabasis annua Bunge,Accepted,Anabasis annua,Bunge,Amaranthaceae,Anabasis,Species,163385-1,exact_full
Anabasis aphylla L.,Anabasis aphylla L.,Accepted,Anabasis aphylla,L.,Amaranthaceae,Anabasis,Species,163386-1,exact_full
Anabasis brachiata Fisch. & C.A. Mey.,Anabasis brachiata Fisch. & C.A.Mey. ex Kar. & Kir.,Accepted,Anabasis brachiata,Fisch. & C.A.Mey. ex Kar. & Kir.,Amaranthaceae,Anabasis,Species,163394-1,exact_name_unique
Anabasis cretacea Pall.,Anabasis cretacea Pall.,Accepted,Anabasis cretacea,Pall.,Amaranthaceae,Anabasis,Species,163406-1,name_multi_author_ok
Anabasis ebracteolata Korovin ex Botsch.,Anabasis ebracteolata Korovin ex Botsch.,Accepted,Anabasis ebracteolata,Korovin ex Botsch.,Amaranthaceae,Anabasis,Species,163410-1,exact_full
Anabasis elatior (C.A. Mey.) Schischk.,Anabasis elatior (C.A.Mey.) Schischk.,Accepted,Anabasis elatior,(C.A.Mey.) Schischk.,Amaranthaceae,Anabasis,Species,163414-1,exact_full
Anabasis eriopoda (Schrenk) Paulsen,Anabasis eriopoda (Schrenk) Paulsen,Accepted,Anabasis eriopoda,(Schrenk) Paulsen,Amaranthaceae,Anabasis,Species,163415-1,exact_full
Anabasis ferganica Drobow,Anabasis ferganica Drobow,Accepted,Anabasis ferganica,Drobow,Amaranthaceae,Anabasis,Species,163418-1,exact_full
Anabasis jaxartica (Bunge) Benth. ex Volkens,Anabasis jaxartica (Bunge) Benth. ex Iljin,Accepted,Anabasis jaxartica,(Bunge) Benth. ex Iljin,Amaranthaceae,Anabasis,Species,60455216-2,exact_name_unique
Anabasis salsa (Ledeb.) Benth. ex Volkens,Anabasis salsa (Ledeb.) Benth. ex Volkens,Accepted,Anabasis salsa,(Ledeb.) Benth. ex Volkens,Amaranthaceae,Anabasis,Species,163460-1,exact_full
Anabasis truncata (Schrenk) Bunge,Anabasis truncata (Schrenk) Bunge,Accepted,Anabasis truncata,(Schrenk) Bunge,Amaranthaceae,Anabasis,Species,163474-1,exact_full
Anabasis turkestanica Korovin ex Iljin,Anabasis turkestanica Korovin ex Iljin,Accepted,Anabasis turkestanica,Korovin ex Iljin,Amaranthaceae,Anabasis,Species,163477-1,exact_full
Anagallis arvensis L.,Anagallis arvensis L.,Synonym,Lysimachia arvensis,(L.) U.Manns & Anderb.,Primulaceae,Lysimachia,Species,77100386-1,exact_full
Anagallis foemina Mill.,Anagallis foemina Mill.,Synonym,Lysimachia foemina,(Mill.) U.Manns & Anderb.,Primulaceae,Lysimachia,Species,77100397-1,exact_full
Anaphalis racemifera Franch.,Anaphalis racemifera Franch.,Accepted,Anaphalis racemifera,Franch.,Asteraceae,Anaphalis,Species,176470-1,exact_full
Anaphalis roseo-alba Krasch.,Anaphalis roseoalba Krasch.,Accepted,Anaphalis roseoalba,Krasch.,Asteraceae,Anaphalis,Species,176472-1,manual_alias
Anaphalis serawschanica (C. Winkl.) B. Fedtsch.,Anaphalis sarawschanica (C.Winkl.) B.Fedtsch.,Accepted,Anaphalis sarawschanica,(C.Winkl.) B.Fedtsch.,Asteraceae,Anaphalis,Species,176475-1,canon_fuzzy1
Anaphalis velutina Krasch.,Anaphalis velutina Krasch.,Accepted,Anaphalis velutina,Krasch.,Asteraceae,Anaphalis,Species,176510-1,exact_full
Anchusa italica Retz.,Anchusa italica Retz.,Synonym,Anchusa azurea var. azurea,"",Boraginaceae,Anchusa,Variety,77227975-1,exact_full
Andrachne fedtschenkoi Kossinski,Andrachne fedtschenkoi Kossinsky,Accepted,Andrachne fedtschenkoi,Kossinsky,Phyllanthaceae,Andrachne,Species,338649-1,exact_name_unique
Andrachne sp. nova,,,,,,,,,not_found
Andrachne telephioides L.,Andrachne telephioides L.,Accepted,Andrachne telephioides,L.,Phyllanthaceae,Andrachne,Species,338694-1,exact_full
Andrachne virga-tenuis Nevski,Andrachne virgatenuis Nevski,Synonym,Andrachne telephioides,L.,Phyllanthaceae,Andrachne,Species,338694-1,canon_exact
Andrachne vvedenskyi Pazij,Andrachne vvedenskyi Pazij,Synonym,Andrachne telephioides,L.,Phyllanthaceae,Andrachne,Species,338694-1,exact_full
Androsace caduca Ovcz.,Androsace caduca Ovcz.,Accepted,Androsace caduca,Ovcz.,Primulaceae,Androsace,Species,700212-1,exact_full
Androsace darvasica Ovcz.,Androsace darvasica Ovcz.,Accepted,Androsace darvasica,Ovcz.,Primulaceae,Androsace,Species,700243-1,exact_full
Androsace dasyphylla Bunge,Androsace dasyphylla Bunge,Accepted,Androsace dasyphylla,Bunge,Primulaceae,Androsace,Species,700244-1,exact_full
Androsace lehmanniana Spreng.,Androsace lehmanniana Spreng.,Accepted,Androsace lehmanniana,Spreng.,Primulaceae,Androsace,Species,700339-1,exact_full
Androsace maxima L.,Androsace maxima L.,Accepted,Androsace maxima,L.,Primulaceae,Androsace,Species,700355-1,exact_full
Androsace sericea Ovcz. ex Schischk. & Bobrov,Androsace sericea Ovcz.,Accepted,Androsace sericea,Ovcz.,Primulaceae,Androsace,Species,700439-1,exact_name_unique
Anemone baissunensis Juz.,Anemone baissunensis Juz.,Invalid,Anemone baissunensis,Juz. ex M.M.Sharipova,Ranunculaceae,Anemone,Species,708249-1,name_multi_author_ok
Anemone bucharica (Regel) Finet & Gagnep.,Anemone bucharica (Regel) Juz.,Accepted,Anemone bucharica,(Regel) Juz.,Ranunculaceae,Anemone,Species,708276-1,exact_name_unique
Anemone gortschakowii Kar. & Kir.,Anemone gortschakowii Kar. & Kir.,Synonym,Anemone biflora var. gortschakowii,(Kar. & Kir.) Sinno,Ranunculaceae,Anemone,Variety,77080311-1,exact_full
Anemone petiolulosa Juz.,Anemone petiolulosa Juz.,Accepted,Anemone petiolulosa,Juz.,Ranunculaceae,Anemone,Species,708556-1,exact_full
Anemone protracta (Ulbr.) Juz.,Anemone protracta (Ulbr.) Juz.,Synonym,Anemonastrum protractum,(Ulbr.) Holub,Ranunculaceae,Anemonastrum,Species,708192-1,exact_full
Anemone seravschanica Kom.,Anemone seravschanica Kom.,Accepted,Anemone seravschanica,Kom.,Ranunculaceae,Anemone,Species,708634-1,exact_full
Anemone tschernaewii (Czern.) Regel,Anemone tschernaewii Regel,Accepted,Anemone tschernaewii,Regel,Ranunculaceae,Anemone,Species,708691-1,exact_name_unique
Anethum graveolens L.,Anethum graveolens L.,Accepted,Anethum graveolens,L.,Apiaceae,Anethum,Species,837530-1,name_multi_author_ok
Anethum involucratum Korovin,Anethum involucratum Korovin,Synonym,Galagania involucrata,(Korovin) Kljuykov,Apiaceae,Galagania,Species,77211088-1,exact_full
Angelica archangelica subsp. decurrens (Ledeb.) Kuvaev,Angelica archangelica subsp. decurrens (Ledeb.) Kuvaev,Synonym,Angelica decurrens,(Ledeb.) B.Fedtsch.,Apiaceae,Angelica,Species,837598-1,exact_full
Angelica brevicaulis (Rupr.) B. Fedtsch.,Angelica brevicaulis (Rupr.) B.Fedtsch.,Accepted,Angelica brevicaulis,(Rupr.) B.Fedtsch.,Apiaceae,Angelica,Species,837568-1,exact_full
Angelica ternata Regel & Schmalh.,Angelica ternata Regel & Schmalh.,Accepted,Angelica ternata,Regel & Schmalh.,Apiaceae,Angelica,Species,837785-1,exact_full
Angelica tschimganica (Korovin) V.N. Tikhom.,Angelica tschimganica (Klokov) V.N.Tikhom.,Synonym,Angelica decurrens,(Ledeb.) B.Fedtsch.,Apiaceae,Angelica,Species,837598-1,exact_name_unique
Anoda hastata (Willd.) Cav.,Anoda hastata Cav.,Synonym,Anoda cristata,(L.) Schltdl.,Malvaceae,Anoda,Species,1218005-2,exact_name_unique
Anthemis altissima L.,Anthemis altissima L.,Synonym,Cota altissima,(L.) J.Gay,Asteraceae,Cota,Species,198373-1,name_multi_author_ok
Anthemis candidissima Willd. ex Spreng.,Anthemis candidissima Willd. ex Spreng.,Accepted,Anthemis candidissima,Willd. ex Spreng.,Asteraceae,Anthemis,Species,177206-1,exact_full
Anthemis deserticola Krasch. & Popov,Anthemis deserticola Krasch. & Popov,Accepted,Anthemis deserticola,Krasch. & Popov,Asteraceae,Anthemis,Species,177287-1,exact_full
Anthemis hirtella C. Winkl.,Anthemis hirtella C.Winkl.,Accepted,Anthemis hirtella,C.Winkl.,Asteraceae,Anthemis,Species,177367-1,exact_full
Anthemis odontostephana Boiss.,Anthemis odontostephana Boiss.,Accepted,Anthemis odontostephana,Boiss.,Asteraceae,Anthemis,Species,177481-1,exact_full
Anthemis ruthenica M. Bieb.,Anthemis ruthenica M.Bieb.,Accepted,Anthemis ruthenica,M.Bieb.,Asteraceae,Anthemis,Species,177582-1,name_multi_author_ok
Anthemis tinctoria L.,Anthemis tinctoria L.,Synonym,Cota tinctoria,(L.) J.Gay,Asteraceae,Cota,Species,198407-1,exact_full
Anthochlamys tianschanica Iljin ex Aellen,Anthochlamys tjanschanica Iljin ex Aellen,Accepted,Anthochlamys tjanschanica,Iljin ex Aellen,Amaranthaceae,Anthochlamys,Species,163527-1,canon_exact
Anthriscus cerefolium (L.) Hoffm.,Anthriscus cerefolium (L.) Hoffm.,Accepted,Anthriscus cerefolium,(L.) Hoffm.,Apiaceae,Anthriscus,Species,837913-1,exact_full
Anthriscus glacialis Lipsky,Anthriscus glacialis Lipsky,Accepted,Anthriscus glacialis,Lipsky,Apiaceae,Anthriscus,Species,837923-1,exact_full
Anthriscus sylvestris (L.) Hoffm.,Anthriscus sylvestris (L.) Hoffm.,Accepted,Anthriscus sylvestris,(L.) Hoffm.,Apiaceae,Anthriscus,Species,837969-1,exact_full
Antonina debilis (Bunge) Vved.,Antonina debilis (Bunge) Vved.,Synonym,Clinopodium debile,(Bunge) Kuntze,Lamiaceae,Clinopodium,Species,445764-1,exact_full
Anura pallidivirens (Kult.) Tscherneva,Anura pallidivirens (Kult.) Tschern.,Synonym,Arctium pallidivirens,"(Kult.) S.López, Romasch., Susanna & N.Garcia",Asteraceae,Arctium,Species,77112842-1,exact_name_unique
Apera interrupta (L.) Beauv.,Apera interrupta (L.) P.Beauv.,Accepted,Apera interrupta,(L.) P.Beauv.,Poaceae,Apera,Species,389070-1,exact_name_unique
Aphanopleura capillifolia (Regel & Schmalh.) Lipsky,Aphanopleura capillifolia (Regel & Schmalh.) Lipsky,Synonym,Psammogeton capillifolius,"(Regel & Schmalh.) Mousavi, Mozaff. & Zarre",Apiaceae,Psammogeton,Species,77297268-1,exact_full
Aphanopleura leptoclada (Aitch. & Hemsl) Lipsky,Aphanopleura leptoclada (Aitch. & Hemsl.) Lipsky,Synonym,Pimpinella leptoclada,"(Aitch. & Hemsl.) Mousavi, Mozaff. & Zarre",Apiaceae,Pimpinella,Species,77297266-1,exact_name_unique
Apium graveolens L.,Apium graveolens L.,Accepted,Apium graveolens,L.,Apiaceae,Apium,Species,838067-1,name_multi_author_ok
Apium nodiflorum (L.) Lag.,Apium nodiflorum (L.) Lag.,Synonym,Helosciadium nodiflorum,(L.) W.D.J.Koch,Apiaceae,Helosciadium,Species,842893-1,exact_full
Apluda inermis Regel,Apluda inermis Regel,Synonym,Apluda mutica,L.,Poaceae,Apluda,Species,389110-1,exact_full
Aquilegia atrovinosa Popov ex Gamajun.,Aquilegia atrovinosa Popov ex Gamajun.,Accepted,Aquilegia atrovinosa,Popov ex Gamajun.,Ranunculaceae,Aquilegia,Species,708805-1,exact_full
Aquilegia lactiflora Kar. & Kir.,Aquilegia lactiflora Kar. & Kir.,Accepted,Aquilegia lactiflora,Kar. & Kir.,Ranunculaceae,Aquilegia,Species,708932-1,exact_full
Aquilegia tianschanica Butkov,Aquilegia tianschanica Butkov,Accepted,Aquilegia tianschanica,Butkov,Ranunculaceae,Aquilegia,Species,978259-1,exact_full
Aquilegia vicaria Nevski,Aquilegia vicaria Nevski,Accepted,Aquilegia vicaria,Nevski,Ranunculaceae,Aquilegia,Species,709046-1,exact_full
Arabidopsis thaliana (L.) Heynh.,Arabidopsis thaliana (L.) Heynh.,Accepted,Arabidopsis thaliana,(L.) Heynh.,Brassicaceae,Arabidopsis,Species,277970-1,exact_full
Arabis aucheri Boiss.,Arabis aucheri Boiss.,Accepted,Arabis aucheri,Boiss.,Brassicaceae,Arabis,Species,278027-1,exact_full
Arabis auriculata Lam.,Arabis auriculata Lam.,Accepted,Arabis auriculata,Lam.,Brassicaceae,Arabis,Species,278028-1,exact_full
Arabis montbretiana Boiss.,Arabis montbretiana Boiss.,Accepted,Arabis montbretiana,Boiss.,Brassicaceae,Arabis,Species,278411-1,exact_full
Arabis tianschanica Pavlov,Arabis tianschanica Pavlov,Accepted,Arabis tianschanica,Pavlov,Brassicaceae,Arabis,Species,278691-1,exact_full
Arceuthobium oxycedri (DC.) M. Bieb.,Arceuthobium oxycedri (DC.) M.Bieb.,Accepted,Arceuthobium oxycedri,(DC.) M.Bieb.,Santalaceae,Arceuthobium,Species,547939-1,exact_full
Arctium leiospermum Juz. & Ye.V. Serg.,Arctium leiospermum Juz. & Ye.V.Serg.,Accepted,Arctium leiospermum,Juz. & Ye.V.Serg.,Asteraceae,Arctium,Species,178391-1,exact_full
Arctium tomentosum Mill.,Arctium tomentosum Mill.,Accepted,Arctium tomentosum,Mill.,Asteraceae,Arctium,Species,17712-2,exact_full
Arenaria griffithii Boiss.,Arenaria griffithii Boiss.,Synonym,Eremogone griffithii,(Boiss.) Ikonn.,Caryophyllaceae,Eremogone,Species,154258-1,exact_full
Arenaria leptoclados (Reichenb.) Guss.,Arenaria leptoclados (Rchb.) Guss.,Accepted,Arenaria leptoclados,(Rchb.) Guss.,Caryophyllaceae,Arenaria,Species,151355-1,exact_name_unique
Arenaria paulsenii H.J.P. Winkl.,Arenaria paulsenii H.J.P.Winkl.,Synonym,Eremogone paulsenii,(H.J.P.Winkl.) Ikonn.,Caryophyllaceae,Eremogone,Species,154280-1,exact_full
Arenaria rotundifolia M. Bieb.,Arenaria rotundifolia M.Bieb.,Accepted,Arenaria rotundifolia,M.Bieb.,Caryophyllaceae,Arenaria,Species,151665-1,exact_full
Arenaria serpyllifolia L.,Arenaria serpyllifolia L.,Accepted,Arenaria serpyllifolia,L.,Caryophyllaceae,Arenaria,Species,303826-2,name_multi_author_ok
Arenaria talassica Adylov,Arenaria talassica Adylov,Synonym,Eremogone talassica,(Adylov) Czerep.,Caryophyllaceae,Eremogone,Species,984699-1,exact_full
Argusia sibirica (L.) Dandy,Argusia sibirica (L.) Dandy,Synonym,Heliotropium sibiricum,(L.) J.I.M.Melo,Boraginaceae,Heliotropium,Species,77304114-1,exact_full
Argusia sogdiana (Bunge) Czer.,Argusia sogdiana (Bunge) Czerep.,Synonym,Heliotropium sogdianum,Bunge,Boraginaceae,Heliotropium,Species,117239-1,exact_name_unique
Aristida adscensionis L.,Aristida adscensionis L.,Accepted,Aristida adscensionis,L.,Poaceae,Aristida,Species,319759-2,exact_full
Aristida arachnoidea Litv.,Aristida arachnoidea Litv.,Synonym,Stipagrostis arachnoidea,(Litv.) De Winter,Poaceae,Stipagrostis,Species,423882-1,exact_full
Aristida karelinii (Trin. & Rupr.) Roshev.,Aristida karelinii (Trin. & Rupr.) Roshev.,Synonym,Stipagrostis karelinii,(Trin. & Rupr.) H.Scholz,Poaceae,Stipagrostis,Species,423904-1,exact_full
Aristida pennata Trin.,Aristida pennata Trin.,Synonym,Stipagrostis pennata,(Trin.) De Winter,Poaceae,Stipagrostis,Species,423917-1,exact_full
Aristida plumosa L.,Aristida plumosa L.,Synonym,Stipagrostis plumosa,(L.) Munro ex T.Anderson,Poaceae,Stipagrostis,Species,423918-1,exact_full
Armeniaca vulgaris Lam.,Armeniaca vulgaris Lam.,Synonym,Prunus armeniaca,L.,Rosaceae,Prunus,Species,729463-1,exact_full
Arnebia caerulea Schipcz.,Arnebia coerulea Schipcz.,Accepted,Arnebia coerulea,Schipcz.,Boraginaceae,Arnebia,Species,113448-1,canon_exact
Arnebia decumbens (Vent.) Coss. & M. Král.,Arnebia decumbens (Vent.) Coss. & Kralik,Accepted,Arnebia decumbens,(Vent.) Coss. & Kralik,Boraginaceae,Arnebia,Species,113451-1,exact_name_unique
Arnebia minima Wettst.,Arnebia minima Wettst. ex Stapf,Accepted,Arnebia minima,Wettst. ex Stapf,Boraginaceae,Arnebia,Species,113475-1,exact_name_unique
Arnebia obovata Bunge,Arnebia obovata Bunge,Accepted,Arnebia obovata,Bunge,Boraginaceae,Arnebia,Species,113477-1,exact_full
Arnebia transcaspica Popov,Arnebia transcaspica Popov,Accepted,Arnebia transcaspica,Popov,Boraginaceae,Arnebia,Species,113495-1,exact_full
Arrhenatherum elatius Beauv.,Arrhenatherum elatius (L.) P.Beauv. ex J.Presl & C.Presl,Accepted,Arrhenatherum elatius,(L.) P.Beauv. ex J.Presl & C.Presl,Poaceae,Arrhenatherum,Species,389923-1,exact_name_unique
Artemisia absinthium L.,Artemisia absinthium L.,Accepted,Artemisia absinthium,L.,Asteraceae,Artemisia,Species,300106-2,exact_full
Artemisia albicaulis Nevski,Artemisia albicaulis Nevski,Accepted,Artemisia albicaulis,Nevski,Asteraceae,Artemisia,Species,179169-1,exact_full
Artemisia annua L.,Artemisia annua L.,Accepted,Artemisia annua,L.,Asteraceae,Artemisia,Species,304416-2,exact_full
Artemisia aschurbajewii C. Winkl.,Artemisia aschurbajewii C.Winkl.,Accepted,Artemisia aschurbajewii,C.Winkl.,Asteraceae,Artemisia,Species,179233-1,exact_full
Artemisia austriaca Jacq.,Artemisia austriaca Jacq.,Accepted,Artemisia austriaca,Jacq.,Asteraceae,Artemisia,Species,179249-1,exact_full
Artemisia badhysi Krasch. & Lincz. ex Poljakov,Artemisia badghysi Krasch. & Lincz. ex Poljakov,Accepted,Artemisia badghysi,Krasch. & Lincz. ex Poljakov,Asteraceae,Artemisia,Species,179251-1,canon_fuzzy1
Artemisia baldshuanica Krasch. & Zaprjag.,Artemisia baldshuanica Krasch. & Zopr.,Accepted,Artemisia baldshuanica,Krasch. & Zopr.,Asteraceae,Artemisia,Species,179255-1,exact_name_unique
Artemisia cina Berg. ex Poljakov,Artemisia cina O.Berg,Accepted,Artemisia cina,O.Berg,Asteraceae,Artemisia,Species,179351-1,exact_name_unique
Artemisia diffusa Krasch. ex Poljakov,Artemisia diffusa Krasch. ex Poljakov,Accepted,Artemisia diffusa,Krasch. ex Poljakov,Asteraceae,Artemisia,Species,179413-1,exact_full
Artemisia dimoana Popov,Artemisia dimoana Popov,Accepted,Artemisia dimoana,Popov,Asteraceae,Artemisia,Species,179414-1,exact_full
Artemisia dracunculus L.,Artemisia dracunculus L.,Accepted,Artemisia dracunculus,L.,Asteraceae,Artemisia,Species,307848-2,exact_full
Artemisia eremophila Krasch. & Butkov,Artemisia eremophila Krasch. & Butkov ex Poljakov,Accepted,Artemisia eremophila,Krasch. & Butkov ex Poljakov,Asteraceae,Artemisia,Species,179452-1,exact_name_unique
Artemisia ferganensis Krasch. ex Poljakov,Artemisia ferganensis Krasch. ex Poljakov,Accepted,Artemisia ferganensis,Krasch. ex Poljakov,Asteraceae,Artemisia,Species,179469-1,exact_full
Artemisia glanduligera Krasch. ex Poljakov,Artemisia glanduligera Krasch. ex Poljakov,Accepted,Artemisia glanduligera,Krasch. ex Poljakov,Asteraceae,Artemisia,Species,179523-1,exact_full
Artemisia glaucina Krasch. ex Poljakov,Artemisia glaucina Krasch. ex Poljak.,Accepted,Artemisia glaucina,Krasch. ex Poljak.,Asteraceae,Artemisia,Species,179526-1,exact_name_unique
Artemisia halophila Krasch.,Artemisia halophila Krasch.,Accepted,Artemisia halophila,Krasch.,Asteraceae,Artemisia,Species,50972580-1,exact_full
Artemisia juncea Kar. & Kir.,Artemisia juncea Kar. & Kir.,Accepted,Artemisia juncea,Kar. & Kir.,Asteraceae,Artemisia,Species,179664-1,exact_full
Artemisia kelleri Krasch.,Artemisia kelleri Krasch.,Accepted,Artemisia kelleri,Krasch.,Asteraceae,Artemisia,Species,50942065-1,exact_full
Artemisia kemrudica Krasch.,Artemisia kemrudica Krasch.,Accepted,Artemisia kemrudica,Krasch.,Asteraceae,Artemisia,Species,50972584-1,exact_full
Artemisia kochiiformis Krasch. & Lincz. ex Poljakov,Artemisia kochiiformis Krasch. & Lincz. ex Poljakov,Accepted,Artemisia kochiiformis,Krasch. & Lincz. ex Poljakov,Asteraceae,Artemisia,Species,179684-1,exact_full
Artemisia korshinskyi Krasch. ex Poljakov,Artemisia korshinskyi Krasch. ex Poljakov,Accepted,Artemisia korshinskyi,Krasch. ex Poljakov,Asteraceae,Artemisia,Species,179693-1,exact_full
Artemisia lehmanniana Bunge,Artemisia lehmanniana Bunge,Accepted,Artemisia lehmanniana,Bunge,Asteraceae,Artemisia,Species,927977-1,exact_full
Artemisia leucodes Schrenk,Artemisia leucodes Schrenk,Accepted,Artemisia leucodes,Schrenk,Asteraceae,Artemisia,Species,179737-1,exact_full
Artemisia namanganica Poljakov,Artemisia namanganica Poljakov,Accepted,Artemisia namanganica,Poljakov,Asteraceae,Artemisia,Species,179849-1,exact_full
Artemisia pamirica C. Winkl.,Artemisia pamirica C.Winkl.,Synonym,Artemisia dracunculus var. pamirica,(C.Winkl.) Y.R.Ling & Humphries,Asteraceae,Artemisia,Variety,954760-1,exact_full
Artemisia persica L.,Artemisia persica Boiss.,Accepted,Artemisia persica,Boiss.,Asteraceae,Artemisia,Species,179951-1,exact_name_unique
Artemisia porrecta Krasch. ex Poljakov,Artemisia porrecta Krasch. ex Poljakov,Accepted,Artemisia porrecta,Krasch. ex Poljakov,Asteraceae,Artemisia,Species,179973-1,exact_full
Artemisia prolixa Krasch. ex Poljakov,Artemisia prolixa Krasch. ex Poljakov,Accepted,Artemisia prolixa,Krasch. ex Poljakov,Asteraceae,Artemisia,Species,179991-1,exact_full
Artemisia rutifolia Steph. ex Spreng.,Artemisia rutifolia Willd. ex Spreng.,Accepted,Artemisia rutifolia,Willd. ex Spreng.,Asteraceae,Artemisia,Species,180056-1,exact_name_unique
Artemisia santolina Schrenk,Artemisia santolina Schrenk,Accepted,Artemisia santolina,Schrenk,Asteraceae,Artemisia,Species,50972596-1,exact_full
Artemisia santolinifolia (Turcz.ex Pamp.) Krasch.,Artemisia santolinifolia (Pamp.) Turcz. ex Krasch.,Synonym,Artemisia stechmanniana,Besser,Asteraceae,Artemisia,Species,180140-1,exact_name_unique
Artemisia schrenkiana Ledeb.,Artemisia schrenkiana Ledeb.,Accepted,Artemisia schrenkiana,Ledeb.,Asteraceae,Artemisia,Species,180090-1,exact_full
Artemisia scoparia Waldst. & Kitag.,Artemisia scoparia Waldst. & Kit.,Accepted,Artemisia scoparia,Waldst. & Kit.,Asteraceae,Artemisia,Species,180092-1,exact_name_unique
Artemisia scotina Nevski,Artemisia scotina Nevski,Accepted,Artemisia scotina,Nevski,Asteraceae,Artemisia,Species,180095-1,exact_full
Artemisia serotina Bunge,Artemisia serotina Bunge,Synonym,Artemisia oliveriana,J.Gay ex Besser,Asteraceae,Artemisia,Species,179897-1,exact_full
Artemisia sieversiana Willd.,Artemisia sieversiana Ehrh. ex Willd.,Accepted,Artemisia sieversiana,Ehrh. ex Willd.,Asteraceae,Artemisia,Species,180122-1,exact_name_unique
Artemisia sogdiana Bunge,Artemisia sogdiana Bunge,Synonym,Artemisia oliveriana,J.Gay ex Besser,Asteraceae,Artemisia,Species,179897-1,exact_full
Artemisia songarica Schrenk,Artemisia songarica Schrenk ex Fisch. & C.A.Mey.,Accepted,Artemisia songarica,Schrenk ex Fisch. & C.A.Mey.,Asteraceae,Artemisia,Species,180128-1,exact_name_unique
Artemisia subsalsa Filatova,Artemisia subsalsa Filatova,Accepted,Artemisia subsalsa,Filatova,Asteraceae,Artemisia,Species,896962-1,exact_full
Artemisia succulenta Ledeb.,Artemisia succulenta Ledeb.,Accepted,Artemisia succulenta,Ledeb.,Asteraceae,Artemisia,Species,180172-1,exact_full
Artemisia tenuisecta Nevski,Artemisia tenuisecta Nevski,Accepted,Artemisia tenuisecta,Nevski,Asteraceae,Artemisia,Species,180204-1,exact_full
Artemisia terrae-albae Krasch.,Artemisia terrae-albae Krasch.,Accepted,Artemisia terrae-albae,Krasch.,Asteraceae,Artemisia,Species,180206-1,exact_full
Artemisia tournefortiana Rchb.,Artemisia tournefortiana Rchb.,Accepted,Artemisia tournefortiana,Rchb.,Asteraceae,Artemisia,Species,180219-1,exact_full
Artemisia tschernieviana Besser,Artemisia tschernieviana Besser,Synonym,Artemisia marschalliana var. marschalliana,"",Asteraceae,Artemisia,Variety,77233082-1,exact_full
Artemisia turanica Krasch.,Artemisia turanica Krasch.,Accepted,Artemisia turanica,Krasch.,Asteraceae,Artemisia,Species,77104732-1,exact_full
Artemisia valida Krasch. ex Poljakov,Artemisia valida Krasch. ex Poljakov,Accepted,Artemisia valida,Krasch. ex Poljakov,Asteraceae,Artemisia,Species,180255-1,exact_full
Artemisia vulgaris L.,Artemisia vulgaris L.,Accepted,Artemisia vulgaris,L.,Asteraceae,Artemisia,Species,20812-2,exact_full
Arthraxon centrasiaticus (Gris.) Gamajun.,Arthraxon centrasiaticus (Griseb.) Gamajun.,Synonym,Arthraxon hispidus var. hispidus,"",Poaceae,Arthraxon,Variety,3321387-4,exact_name_unique
Arthraxon langsdorfii (Trin.) Hochst.,Arthraxon langsdorffii (Trin.) Hochst.,Synonym,Arthraxon hispidus var. hispidus,"",Poaceae,Arthraxon,Variety,3321387-4,canon_exact
Arthrophytum lehmannianum Bunge,Arthrophytum lehmannianum Bunge,Accepted,Arthrophytum lehmannianum,Bunge,Amaranthaceae,Arthrophytum,Species,163594-1,exact_full
Arum korolkovii Regel,Arum korolkowii Regel,Accepted,Arum korolkowii,Regel,Araceae,Arum,Species,86049-1,canon_exact
Arundo donax L.,Arundo donax L.,Accepted,Arundo donax,L.,Poaceae,Arundo,Species,390837-1,name_multi_author_ok
Asclepias syriaca L.,Asclepias syriaca L.,Accepted,Asclepias syriaca,L.,Apocynaceae,Asclepias,Species,319076-2,exact_full
Asparagus brachyphyllus Turcz.,Asparagus brachyphyllus Turcz.,Accepted,Asparagus brachyphyllus,Turcz.,Asparagaceae,Asparagus,Species,531023-1,exact_full
Asparagus breslerianus Schult. & Schult. f.,Asparagus breslerianus Schult. & Schult.f.,Accepted,Asparagus breslerianus,Schult. & Schult.f.,Asparagaceae,Asparagus,Species,531024-1,exact_full
Asparagus bucharicus Iljin,Asparagus bucharicus Iljin,Accepted,Asparagus bucharicus,Iljin,Asparagaceae,Asparagus,Species,531029-1,exact_full
Asparagus ferganensis Vved.,Asparagus ferganensis Vved.,Accepted,Asparagus ferganensis,Vved.,Asparagaceae,Asparagus,Species,531103-1,exact_full
Asparagus gypsaceus Vved.,Asparagus gypsaceus Vved.,Accepted,Asparagus gypsaceus,Vved.,Asparagaceae,Asparagus,Species,531133-1,exact_full
Asparagus inderiensis Blum ex Pacz.,Asparagus inderiensis Blum ex Ledeb.,Accepted,Asparagus inderiensis,Blum ex Ledeb.,Asparagaceae,Asparagus,Species,531143-1,exact_name_unique
Asparagus neglectus Kar. & Kir.,Asparagus neglectus Kar. & Kir.,Accepted,Asparagus neglectus,Kar. & Kir.,Asparagaceae,Asparagus,Species,531219-1,exact_full
Asparagus officinalis L.,Asparagus officinalis L.,Accepted,Asparagus officinalis,L.,Asparagaceae,Asparagus,Species,531229-1,exact_full
Asparagus persicus Baker,Asparagus persicus Baker,Accepted,Asparagus persicus,Baker,Asparagaceae,Asparagus,Species,531250-1,exact_full
Asparagus turkestanicus Popov,Asparagus turkestanicus Popov,Accepted,Asparagus turkestanicus,Popov,Asparagaceae,Asparagus,Species,531368-1,exact_full
Asparagus vvedenskyi Botsch.,Asparagus vvedenskyi Botsch.,Accepted,Asparagus vvedenskyi,Botsch.,Asparagaceae,Asparagus,Species,531386-1,exact_full
Asperuginoides axillaris (Boiss. & Hohen.) Rauschert,Asperuginoides axillaris (Boiss. & Hohen.) Rauschert,Accepted,Asperuginoides axillaris,(Boiss. & Hohen.) Rauschert,Brassicaceae,Asperuginoides,Species,910044-1,exact_full
Asperugo procumbens L.,Asperugo procumbens L.,Accepted,Asperugo procumbens,L.,Boraginaceae,Asperugo,Species,113506-1,exact_full
Asperula albiflora Popov,Asperula albiflora Popov,Accepted,Asperula albiflora,Popov,Rubiaceae,Asperula,Species,743866-1,exact_full
Asperula aparine M. Bieb.,Asperula aparine M.Bieb.,Synonym,Galium pseudorivale,Tzvelev,Rubiaceae,Galium,Species,907374-1,name_multi_author_ok
Asperula arvensis L.,Asperula arvensis L.,Accepted,Asperula arvensis,L.,Rubiaceae,Asperula,Species,743883-1,exact_full
Asperula congesta Tscherneva,Asperula congesta Tschern.,Accepted,Asperula congesta,Tschern.,Rubiaceae,Asperula,Species,743944-1,exact_name_unique
Asperula danilevskiana Basiner,Asperula danilewskiana Basiner,Synonym,Cynanchica graveolens subsp. danilewskiana,(Basiner) P.Caputo & Del Guacchio,Rubiaceae,Cynanchica,Subspecies,77215333-1,canon_exact
Asperula ferganica Pobed.,Asperula ferganica Pobed.,Synonym,Asperula glomerata subsp. pamirica,(Pobed.) Ehrend. & Schönb.-Tem.,Rubiaceae,Asperula,Subspecies,77067755-1,exact_full
Asperula glabrata Tscherneva,Asperula glabrata Tschern.,Accepted,Asperula glabrata,Tschern.,Rubiaceae,Asperula,Species,744005-1,exact_name_unique
Asperula humifusa (M. Bieb.) Besser,Asperula humifusa (M.Bieb.) Besser,Synonym,Galium humifusum,M.Bieb.,Rubiaceae,Galium,Species,750032-1,exact_full
Asperula laevis Schischk.,Asperula laevis Schischk.,Synonym,Asperula oppositifolia subsp. pseudocynanchica,Ehrend.,Rubiaceae,Asperula,Subspecies,77188391-1,exact_full
Asperula nuratensis Pachomova,Asperula nuratensis Pachom.,Accepted,Asperula nuratensis,Pachom.,Rubiaceae,Asperula,Species,934236-1,exact_name_unique
Asperula oppositifolia Regel & Schmalh.,Asperula oppositifolia Regel & Schmalh.,Accepted,Asperula oppositifolia,Regel & Schmalh.,Rubiaceae,Asperula,Species,744103-1,exact_full
Asperula pauciflora Tscherneva,Asperula pauciflora Tschern.,Accepted,Asperula pauciflora,Tschern.,Rubiaceae,Asperula,Species,744112-1,exact_name_unique
Asperula scabrella Tscherneva,Asperula scabrella Tschern.,Accepted,Asperula scabrella,Tschern.,Rubiaceae,Asperula,Species,744166-1,exact_name_unique
Asperula setosa Jaub. & Spach,Asperula setosa Jaub. & Spach,Accepted,Asperula setosa,Jaub. & Spach,Rubiaceae,Asperula,Species,744171-1,exact_full
Asperula trichodes J. Gay ex DC.,Asperula trichodes J.Gay ex DC.,Accepted,Asperula trichodes,J.Gay ex DC.,Rubiaceae,Asperula,Species,744216-1,exact_full
Asplenium haussknechtii Godet & Reut.,Asplenium haussknechtii Godet & Reut. ex Milde,Synonym,Asplenium lepidum subsp. haussknechtii,(Godet & Reut. ex Milde) Brownsey,Aspleniaceae,Asplenium,Subspecies,17558650-1,exact_name_unique
Asplenium pseudofontanum Kossinsky,Asplenium pseudofontanum Kossinsky,Synonym,Asplenium fontanum subsp. pseudofontanum,(Kossinsky) Reichst. & Schneller,Aspleniaceae,Asplenium,Subspecies,17520840-1,exact_full
Asplenium ruta-muraria L.,Asplenium ruta-muraria L.,Accepted,Asplenium ruta-muraria,L.,Aspleniaceae,Asplenium,Species,311563-2,exact_full
Asplenium trichomanes L.,Asplenium trichomanes L.,Accepted,Asplenium trichomanes,L.,Aspleniaceae,Asplenium,Species,310197-2,name_multi_author_ok
Asplenium viride Huds.,Asplenium viride Huds.,Accepted,Asplenium viride,Huds.,Aspleniaceae,Asplenium,Species,17053570-1,exact_full
Aster canescens (Ness) Fisjun,Aster canescens (Nees) Fisjun,Illegitimate,Aster altaicus var. canescens,(Nees) Serg.,Asteraceae,Aster,Variety,77181526-1,distribution_resolved
Aster salignus Willd.,Aster × salignus Willd.,Synonym,Symphyotrichum × salignum,(Willd.) G.L.Nesom,Asteraceae,Symphyotrichum,Species,981932-1,canon_exact
Aster serpentimontanus Tamamsch.,Aster serpentimontanus Tamamsch.,Synonym,Aster alpinus var. serpentimontanus,(Tamamsch.) Y.Ling,Asteraceae,Aster,Variety,924050-1,exact_full
Astomaea galiocarpa (Korovin) Pimenov & Kljuykov,Astomaea galiocarpa (Korovin) Pimenov & Kljuykov,Accepted,Astomaea galiocarpa,(Korovin) Pimenov & Kljuykov,Apiaceae,Astomaea,Species,1004010-1,exact_full
Astragalus abolinii Popov,Astragalus abolinii Popov,Accepted,Astragalus abolinii,Popov,Fabaceae,Astragalus,Species,475913-1,exact_full
Astragalus acormosus Basil.,Astragalus acormosus Basil.,Accepted,Astragalus acormosus,Basil.,Fabaceae,Astragalus,Species,475939-1,exact_full
Astragalus adpressipilosus Gontsch.,Astragalus adpreseipilosus Gontsch.,Accepted,Astragalus adpreseipilosus,Gontsch.,Fabaceae,Astragalus,Species,475951-1,canon_fuzzy1
"Astragalus adylovii F.O.Khass., Ergashev & Kadyrov","Astragalus adylovii F.O.Khass., Ergashev & Kadyrov",Accepted,Astragalus adylovii,"F.O.Khass., Ergashev & Kadyrov",Fabaceae,Astragalus,Species,77129844-1,exact_full
Astragalus aemulans (Nevski) Gontsch.,Astragalus aemulans (Nevski) Gontsch.,Accepted,Astragalus aemulans,(Nevski) Gontsch.,Fabaceae,Astragalus,Species,475972-1,exact_full
Astragalus aksaricus Pavlov,Astragalus aksaricus Pavlov,Accepted,Astragalus aksaricus,Pavlov,Fabaceae,Astragalus,Species,928295-1,exact_full
Astragalus aksuensis Bunge,Astragalus aksuensis Bunge,Accepted,Astragalus aksuensis,Bunge,Fabaceae,Astragalus,Species,476006-1,exact_full
Astragalus alabugensis B.Fedtsch.,Astragalus alabugensis B.Fedtsch.,Accepted,Astragalus alabugensis,B.Fedtsch.,Fabaceae,Astragalus,Species,476009-1,exact_full
Astragalus alaicus Freyn,Astragalus alaicus Freyn,Accepted,Astragalus alaicus,Freyn,Fabaceae,Astragalus,Species,476010-1,exact_full
Astragalus alatavicus Kar. & Kir.,Astragalus alatavicus Kar. & Kir.,Accepted,Astragalus alatavicus,Kar. & Kir.,Fabaceae,Astragalus,Species,476014-1,exact_full
Astragalus alexeji Gontsch.,Astragalus alexejii Gontsch.,Accepted,Astragalus alexejii,Gontsch.,Fabaceae,Astragalus,Species,476044-1,canon_exact
Astragalus allotricholobus Nabiev,Astragalus allotricholobus Nabiev,Accepted,Astragalus allotricholobus,Nabiev,Fabaceae,Astragalus,Species,476054-1,exact_full
Astragalus alopecias Pall.,Astragalus alopecias Pall.,Accepted,Astragalus alopecias,Pall.,Fabaceae,Astragalus,Species,476056-1,exact_full
Astragalus alpinus L.,Astragalus alpinus L.,Accepted,Astragalus alpinus,L.,Fabaceae,Astragalus,Species,24418-2,name_multi_author_ok
Astragalus amarus Pall.,Astragalus amarus Pall.,Accepted,Astragalus amarus,Pall.,Fabaceae,Astragalus,Species,476084-1,exact_full
Astragalus ammodendron Bunge,Astragalus ammodendron Bunge,Accepted,Astragalus ammodendron,Bunge,Fabaceae,Astragalus,Species,476098-1,exact_full
Astragalus ammodytes Pall.,Astragalus ammodytes Pall.,Accepted,Astragalus ammodytes,Pall.,Fabaceae,Astragalus,Species,476099-1,name_multi_author_ok
Astragalus ammophilus Kar. & Kir.,Astragalus ammophilus Kar. & Kir.,Accepted,Astragalus ammophilus,Kar. & Kir.,Fabaceae,Astragalus,Species,476102-1,name_multi_author_ok
Astragalus ammotrophus Bunge,Astragalus ammotrophus Bunge,Accepted,Astragalus ammotrophus,Bunge,Fabaceae,Astragalus,Species,476104-1,exact_full
Astragalus amygdalinus Bunge,Astragalus amygdalinus Bunge,Accepted,Astragalus amygdalinus,Bunge,Fabaceae,Astragalus,Species,476119-1,exact_full
Astragalus andaulgensis B. Fedtsch.,Astragalus andaulgensis B.Fedtsch.,Accepted,Astragalus andaulgensis,B.Fedtsch.,Fabaceae,Astragalus,Species,476130-1,exact_full
Astragalus angreni Lipsky,Astragalus angreni Lipsky,Accepted,Astragalus angreni,Lipsky,Fabaceae,Astragalus,Species,476145-1,exact_full
Astragalus anisomerus Bunge,Astragalus anisomerus Bunge,Accepted,Astragalus anisomerus,Bunge,Fabaceae,Astragalus,Species,476157-1,exact_full
Astragalus aphanassjievii Gontsch.,Astragalus aphanassjievii Gontsch.,Accepted,Astragalus aphanassjievii,Gontsch.,Fabaceae,Astragalus,Species,476179-1,exact_full
Astragalus artemisiformis Rassul.,Astragalus artemisiiformis Rassulova,Accepted,Astragalus artemisiiformis,Rassulova,Fabaceae,Astragalus,Species,928473-1,canon_exact
Astragalus asaphes Bunge,Astragalus asaphes Bunge,Accepted,Astragalus asaphes,Bunge,Fabaceae,Astragalus,Species,476268-1,exact_full
Astragalus aschuturi B.Fedtsch.,Astragalus aschuturi B.Fedtsch.,Accepted,Astragalus aschuturi,B.Fedtsch.,Fabaceae,Astragalus,Species,476269-1,exact_full
Astragalus atrovinosus Popov,Astragalus atrovinosus Popov,Accepted,Astragalus atrovinosus,Popov,Fabaceae,Astragalus,Species,476305-1,exact_full
Astragalus auratus Gontsch.,Astragalus auratus Gontsch.,Accepted,Astragalus auratus,Gontsch.,Fabaceae,Astragalus,Species,986919-1,exact_full
Astragalus austroferganicus Kamelin & R. M. Vinogr.,Astragalus austroferganicus Kamelin & V.M.Vinogr.,Accepted,Astragalus austroferganicus,Kamelin & V.M.Vinogr.,Fabaceae,Astragalus,Species,896978-1,exact_name_unique
Astragalus babatagi Popov,Astragalus babatagi Popov,Accepted,Astragalus babatagi,Popov,Fabaceae,Astragalus,Species,476336-1,exact_full
Astragalus bactrianus Fisch.,Astragalus bactrianus Fisch.,Accepted,Astragalus bactrianus,Fisch.,Fabaceae,Astragalus,Species,928061-1,exact_full
Astragalus baissunensis Lipsky,Astragalus baissunensis Lipsky,Accepted,Astragalus baissunensis,Lipsky,Fabaceae,Astragalus,Species,476357-1,exact_full
Astragalus bakaliensis Bunge,Astragalus bakaliensis Bunge,Accepted,Astragalus bakaliensis,Bunge,Fabaceae,Astragalus,Species,927943-1,exact_full
Astragalus baldshuanicus Popov,Astragalus baldshuanicus Popov,Accepted,Astragalus baldshuanicus,Popov,Fabaceae,Astragalus,Species,476369-1,exact_full
Astragalus baranovii Popov,Astragalus baranovii Popov,Accepted,Astragalus baranovii,Popov,Fabaceae,Astragalus,Species,476375-1,exact_full
Astragalus beketovii (Krasn.) B. Fedtsch.,Astragalus beketowii (Krasn.) B.Fedtsch.,Accepted,Astragalus beketowii,(Krasn.) B.Fedtsch.,Fabaceae,Astragalus,Species,476415-1,canon_exact
Astragalus belolipovii Kamelin ex F. O. Khass. & N. Sulajm.,Astragalus belolipovii Kamelin,Accepted,Astragalus belolipovii,Kamelin,Fabaceae,Astragalus,Species,77334160-1,exact_name_unique
Astragalus bischkendicus Gontsch.,Astragalus bischkendicus Gontsch.,Accepted,Astragalus bischkendicus,Gontsch.,Fabaceae,Astragalus,Species,986467-1,exact_full
Astragalus bobrovii B. Fedtsch.,Astragalus bobrovii (Nevski) B.Fedtsch. ex Gontsch.,Accepted,Astragalus bobrovii,(Nevski) B.Fedtsch. ex Gontsch.,Fabaceae,Astragalus,Species,476468-1,exact_name_unique
Astragalus borissianus Gontsch.,Astragalus borissianus Gontsch.,Accepted,Astragalus borissianus,Gontsch.,Fabaceae,Astragalus,Species,476489-1,exact_full
Astragalus bornmullerianus B. Fedtsch.,Astragalus bornmuellerianus B.Fedtsch.,Accepted,Astragalus bornmuellerianus,B.Fedtsch.,Fabaceae,Astragalus,Species,907310-1,canon_fuzzy1
Astragalus bosbutooensis Nikitina & Sudn.,Astragalus bosbutooensis Nikif. & Sudn.,Accepted,Astragalus bosbutooensis,Nikif. & Sudn.,Fabaceae,Astragalus,Species,928400-1,exact_name_unique
Astragalus bossuensis Popov,Astragalus bossuensis Popov,Accepted,Astragalus bossuensis,Popov,Fabaceae,Astragalus,Species,476498-1,exact_full
Astragalus brachyrachis Popov,Astragalus brachyrhachis Popov,Accepted,Astragalus brachyrhachis,Popov,Fabaceae,Astragalus,Species,476522-1,canon_exact
Astragalus bucharicus Regel,Astragalus bucharicus Regel,Accepted,Astragalus bucharicus,Regel,Fabaceae,Astragalus,Species,476565-1,exact_full
Astragalus butkovii Popov,Astragalus butkovii Popov,Accepted,Astragalus butkovii,Popov,Fabaceae,Astragalus,Species,476581-1,exact_full
Astragalus camptoceras Bunge,Astragalus camptoceras Bunge,Accepted,Astragalus camptoceras,Bunge,Fabaceae,Astragalus,Species,476615-1,exact_full
Astragalus campylorrhynchus Fisch. & C.A. Mey.,Astragalus campylorrhynchus Fisch. & C.A.Mey.,Accepted,Astragalus campylorrhynchus,Fisch. & C.A.Mey.,Fabaceae,Astragalus,Species,476622-1,exact_full
Astragalus campylotrichus Bunge,Astragalus campylotrichus Bunge,Accepted,Astragalus campylotrichus,Bunge,Fabaceae,Astragalus,Species,476625-1,exact_full
Astragalus canoflavus Popov,Astragalus canoflavus Popov,Accepted,Astragalus canoflavus,Popov,Fabaceae,Astragalus,Species,476646-1,exact_full
Astragalus centralis Sheld.,Astragalus centralis E.Sheld.,Accepted,Astragalus centralis,E.Sheld.,Fabaceae,Astragalus,Species,476706-1,exact_name_unique
Astragalus chionanthus Popov,Astragalus chionanthus Popov,Synonym,Astragalus olgae,Bunge,Fabaceae,Astragalus,Species,478957-1,exact_full
Astragalus chiwensis Bunge,Astragalus chiwensis Bunge,Accepted,Astragalus chiwensis,Bunge,Fabaceae,Astragalus,Species,476768-1,exact_full
Astragalus chodshenticus B.Fedtsch.,Astragalus chodshenticus B.Fedtsch.,Accepted,Astragalus chodshenticus,B.Fedtsch.,Fabaceae,Astragalus,Species,476783-1,exact_full
Astragalus chrysomallus Bunge,Astragalus chrysomallus Bunge,Accepted,Astragalus chrysomallus,Bunge,Fabaceae,Astragalus,Species,476803-1,exact_full
Astragalus coluteocarpus Boiss.,Astragalus coluteocarpus Boiss.,Accepted,Astragalus coluteocarpus,Boiss.,Fabaceae,Astragalus,Species,476868-1,exact_full
Astragalus commixtus Bunge,Astragalus commixtus Bunge,Accepted,Astragalus commixtus,Bunge,Fabaceae,Astragalus,Species,476873-1,exact_full
Astragalus compositus Pavlov,Astragalus compositus Pavlov,Accepted,Astragalus compositus,Pavlov,Fabaceae,Astragalus,Species,476882-1,exact_full
Astragalus contortuplicatus L.,Astragalus contortuplicatus L.,Accepted,Astragalus contortuplicatus,L.,Fabaceae,Astragalus,Species,476912-1,name_multi_author_ok
Astragalus cornu-bovis Lipsky,Astragalus cornu-bovis Lipsky,Accepted,Astragalus cornu-bovis,Lipsky,Fabaceae,Astragalus,Species,476922-1,exact_full
Astragalus corrugatus Bertol.,Astragalus corrugatus Bertol.,Synonym,Astragalus crenatus,Schult.,Fabaceae,Astragalus,Species,476951-1,exact_full
Astragalus corydalinus Bunge,Astragalus corydalinus Bunge,Synonym,Astragalus peduncularis,Benth.,Fabaceae,Astragalus,Species,479148-1,exact_full
Astragalus cottonianus Aitch. & Baker,Astragalus cottonianus Aitch. & Baker,Accepted,Astragalus cottonianus,Aitch. & Baker,Fabaceae,Astragalus,Species,476936-1,exact_full
Astragalus cyrtobasis Bunge,Astragalus cyrtobasis Bunge ex Boiss.,Accepted,Astragalus cyrtobasis,Bunge ex Boiss.,Fabaceae,Astragalus,Species,477021-1,exact_name_unique
Astragalus dendroides Kar. & Kir.,Astragalus dendroides Kar. & Kir.,Accepted,Astragalus dendroides,Kar. & Kir.,Fabaceae,Astragalus,Species,477097-1,exact_full
Astragalus densus Popov,Astragalus densus Popov,Accepted,Astragalus densus,Popov,Fabaceae,Astragalus,Species,477104-1,exact_full
Astragalus dianthoides Boriss.,Astragalus dianthoides Boriss.,Accepted,Astragalus dianthoides,Boriss.,Fabaceae,Astragalus,Species,477128-1,exact_full
Astragalus dianthus Bunge,Astragalus dianthus Bunge,Accepted,Astragalus dianthus,Bunge,Fabaceae,Astragalus,Species,477129-1,exact_full
Astragalus dictamnoides Gontsch.,Astragalus dictamnoides Gontsch.,Accepted,Astragalus dictamnoides,Gontsch.,Fabaceae,Astragalus,Species,477134-1,exact_full
Astragalus dipelta Bunge,Astragalus dipelta Bunge,Accepted,Astragalus dipelta,Bunge,Fabaceae,Astragalus,Species,477189-1,exact_full
Astragalus dissectus B.Fedtsch. & N.A.Ivanova,Astragalus dissectus B.Fedtsch. & N.A.Ivanova,Accepted,Astragalus dissectus,B.Fedtsch. & N.A.Ivanova,Fabaceae,Astragalus,Species,477168-1,exact_full
Astragalus dolichocarpus Popov,Astragalus dolichocarpus Popov,Accepted,Astragalus dolichocarpus,Popov,Fabaceae,Astragalus,Species,477192-1,exact_full
Astragalus dolonus (Rassulova & B. Sharip.) Kamelin,Astragalus dolonus (Rassulova & B.A.Sharipova) Kamelin,Accepted,Astragalus dolonus,(Rassulova & B.A.Sharipova) Kamelin,Fabaceae,Astragalus,Species,908362-1,exact_name_unique
Astragalus ephemeretorum Gontsch.,Astragalus ephemeretorum Gontsch.,Synonym,Astragalus floccosifolius,Sumnev.,Fabaceae,Astragalus,Species,477472-1,exact_full
Astragalus eremospartoides Regel,Astragalus eremospartoides Regel,Accepted,Astragalus eremospartoides,Regel,Fabaceae,Astragalus,Species,477316-1,exact_full
Astragalus erioceras Fisch. & C.A. Mey.,Astragalus erioceras Fisch. & C.A.Mey. ex Ledeb.,Accepted,Astragalus erioceras,Fisch. & C.A.Mey. ex Ledeb.,Fabaceae,Astragalus,Species,477334-1,exact_name_unique
Astragalus exasperatus Basil.,Astragalus exasperatus Basil.,Accepted,Astragalus exasperatus,Basil.,Fabaceae,Astragalus,Species,477374-1,exact_full
Astragalus excedens Popov & Kult,Astragalus excedens Popov & Kult.,Accepted,Astragalus excedens,Popov & Kult.,Fabaceae,Astragalus,Species,477375-1,exact_name_unique
Astragalus exilis A.S. Korol.,Astragalus exilis Korol.,Accepted,Astragalus exilis,Korol.,Fabaceae,Astragalus,Species,477379-1,exact_name_unique
Astragalus eximius Bunge,Astragalus eximius Bunge,Accepted,Astragalus eximius,Bunge,Fabaceae,Astragalus,Species,477380-1,exact_full
Astragalus falcigerus Popov,Astragalus falcigerus Popov,Accepted,Astragalus falcigerus,Popov,Fabaceae,Astragalus,Species,477395-1,exact_full
Astragalus farctissimus Lipsky,Astragalus farctissimus Lipsky,Accepted,Astragalus farctissimus,Lipsky,Fabaceae,Astragalus,Species,477404-1,exact_full
Astragalus farctus Bunge,Astragalus farctus Bunge,Accepted,Astragalus farctus,Bunge,Fabaceae,Astragalus,Species,927951-1,exact_full
Astragalus fedtschenkoanus Lipsky,Astragalus fedtschenkoanus Lipsky,Accepted,Astragalus fedtschenkoanus,Lipsky,Fabaceae,Astragalus,Species,477420-1,exact_full
Astragalus ferganensis (Popov) B. Fedtsch.,Astragalus ferganensis (Popov) B.Fedtsch. ex Korol.,Accepted,Astragalus ferganensis,(Popov) B.Fedtsch. ex Korol.,Fabaceae,Astragalus,Species,986374-1,exact_name_unique
Astragalus filicaulis Kar. & Kir.,Astragalus filicaulis Fisch. & C.A.Mey. ex Ledeb.,Accepted,Astragalus filicaulis,Fisch. & C.A.Mey. ex Ledeb.,Fabaceae,Astragalus,Species,477439-1,exact_name_unique
Astragalus flexilispinus Boriss.,Astragalus flexilispinus (Boriss.) Boriss.,Synonym,Astragalus pterocephalus,Bunge,Fabaceae,Astragalus,Species,479399-1,exact_name_unique
Astragalus flexus Fisch.,Astragalus flexus Fisch.,Accepted,Astragalus flexus,Fisch.,Fabaceae,Astragalus,Species,477471-1,exact_full
Astragalus floccosifolius Sumn.,Astragalus floccosifolius Sumnev.,Accepted,Astragalus floccosifolius,Sumnev.,Fabaceae,Astragalus,Species,477472-1,exact_name_unique
Astragalus glabrescens Gontsch.,Astragalus glabrescens Gontsch.,Accepted,Astragalus glabrescens,Gontsch.,Fabaceae,Astragalus,Species,477605-1,exact_full
Astragalus globiceps Bunge,Astragalus globiceps Bunge,Accepted,Astragalus globiceps,Bunge,Fabaceae,Astragalus,Species,477627-1,exact_full
Astragalus harpilobus Kar. & Kir.,Astragalus harpilobus Kar. & Kir.,Orthographic,Astragalus arpilobus subsp. arpilobus,"",Fabaceae,Astragalus,Subspecies,77214243-1,name_multi_author_ok
Astragalus harpocarpus Meffert,Astragalus harpocarpus Meffert,Accepted,Astragalus harpocarpus,Meffert,Fabaceae,Astragalus,Species,986463-1,exact_full
Astragalus heterotrichus Gontsch.,Astragalus heterotrichus Gontsch.,Accepted,Astragalus heterotrichus,Gontsch.,Fabaceae,Astragalus,Species,477796-1,exact_full
Astragalus hissaricus Lipsky,Astragalus hissaricus Lipsky,Accepted,Astragalus hissaricus,Lipsky,Fabaceae,Astragalus,Species,477825-1,exact_full
Astragalus holargyreus Bunge,Astragalus holargyreus Bunge,Synonym,Astragalus schrenkianus,Fisch. & C.A.Mey.,Fabaceae,Astragalus,Species,479711-1,exact_full
Astragalus iliensis Bunge,Astragalus iliensis Bunge,Accepted,Astragalus iliensis,Bunge,Fabaceae,Astragalus,Species,477914-1,exact_full
Astragalus inaequalifolius Basil.,Astragalus inaequalifolius Basil.,Accepted,Astragalus inaequalifolius,Basil.,Fabaceae,Astragalus,Species,477926-1,exact_full
Astragalus indurescens Gontsch.,Astragalus indurescens Gontsch.,Accepted,Astragalus indurescens,Gontsch.,Fabaceae,Astragalus,Species,477942-1,exact_full
Astragalus intarrensis Franch.,Astragalus intarrensis Franch.,Accepted,Astragalus intarrensis,Franch.,Fabaceae,Astragalus,Species,477957-1,exact_full
Astragalus ishkamishensis Podlech,Astragalus ishkamishensis Podlech,Accepted,Astragalus ishkamishensis,Podlech,Fabaceae,Astragalus,Species,477993-1,exact_full
Astragalus iskanderi Lipsky,Astragalus iskanderi Lipsky,Accepted,Astragalus iskanderi,Lipsky,Fabaceae,Astragalus,Species,477994-1,exact_full
Astragalus ispahanicus Boiss.,Astragalus ispahanicus Boiss.,Synonym,Astragalus siliquosus subsp. siliquosus,"",Fabaceae,Astragalus,Subspecies,77222882-1,exact_full
Astragalus jagnobicus Lipsky,Astragalus jagnobicus Lipsky,Accepted,Astragalus jagnobicus,Lipsky,Fabaceae,Astragalus,Species,478004-1,exact_full
Astragalus janischewskyi Popov,Astragalus janischewskyi Popov,Synonym,Astragalus farctissimus,Lipsky,Fabaceae,Astragalus,Species,477404-1,exact_full
Astragalus juniperetorum Gontsch.,Astragalus juniperetorum Gontsch.,Accepted,Astragalus juniperetorum,Gontsch.,Fabaceae,Astragalus,Species,478044-1,exact_full
Astragalus kabadianus Lipsky,Astragalus kabadianus Lipsky,Accepted,Astragalus kabadianus,Lipsky,Fabaceae,Astragalus,Species,478048-1,exact_full
Astragalus kahiricus DC.,Astragalus kahiricus DC.,Accepted,Astragalus kahiricus,DC.,Fabaceae,Astragalus,Species,478051-1,exact_full
Astragalus kamelinii Podlech,Astragalus kamelinii Podlech,Accepted,Astragalus kamelinii,Podlech,Fabaceae,Astragalus,Species,934322-1,name_multi_author_ok
Astragalus karkarensis Popov,Astragalus karkarensis Popov,Accepted,Astragalus karkarensis,Popov,Fabaceae,Astragalus,Species,478072-1,exact_full
Astragalus kaschkadarjensis Gontsch.,Astragalus kaschkadarjensis Gontsch.,Accepted,Astragalus kaschkadarjensis,Gontsch.,Fabaceae,Astragalus,Species,478079-1,exact_full
Astragalus kelifi Lipsky,Astragalus kelifi Lipsky,Accepted,Astragalus kelifi,Lipsky,Fabaceae,Astragalus,Species,478088-1,exact_full
Astragalus kelleri Popov,Astragalus kelleri Popov,Accepted,Astragalus kelleri,Popov,Fabaceae,Astragalus,Species,478090-1,exact_full
Astragalus knorringianus Boriss.,Astragalus knorringianus Boriss.,Accepted,Astragalus knorringianus,Boriss.,Fabaceae,Astragalus,Species,478133-1,exact_full
Astragalus komarovii Lipsky,Astragalus komarovii Lipsky,Accepted,Astragalus komarovii,Lipsky,Fabaceae,Astragalus,Species,478142-1,exact_full
Astragalus korolkowii Bunge,Astragalus korolkowii Bunge,Accepted,Astragalus korolkowii,Bunge,Fabaceae,Astragalus,Species,478148-1,exact_full
Astragalus korovinianus Barneby,Astragalus korovinianus Barneby,Synonym,Astragalus patentipilosus,Kitam.,Fabaceae,Astragalus,Species,479122-1,exact_full
Astragalus krauseanus Regel,Astragalus krauseanus Regel,Accepted,Astragalus krauseanus,Regel,Fabaceae,Astragalus,Species,478162-1,exact_full
Astragalus kudrjaschovii Korol.,Astragalus kudrjaschovii Korol.,Accepted,Astragalus kudrjaschovii,Korol.,Fabaceae,Astragalus,Species,986484-1,exact_full
Astragalus kuhitangi (Nevski) Širj.,Astragalus kuhitangi (Nevski) Širj.,Synonym,Astragalus dissectus,B.Fedtsch. & N.A.Ivanova,Fabaceae,Astragalus,Species,477168-1,exact_full
Astragalus kulabensis Lipsky,Astragalus kulabensis Lipsky,Accepted,Astragalus kulabensis,Lipsky,Fabaceae,Astragalus,Species,478176-1,exact_full
"Astragalus kuldzhuktauense F.O. Khass., Shomuradov & Esankulov","Astragalus kuldzhuktauense F.O.Khass., Shomur. & Esankulov",Accepted,Astragalus kuldzhuktauense,"F.O.Khass., Shomur. & Esankulov",Fabaceae,Astragalus,Species,77161107-1,exact_name_unique
Astragalus kurdaicus Saposhn. ex Sumn.,Astragalus kurdaicus Sumnev.,Synonym,Astragalus masenderanus,Bunge,Fabaceae,Astragalus,Species,478554-1,exact_name_unique
Astragalus kuznetzovii Popov,Astragalus kusnetzovii Popov ex Kovalevsk.,Accepted,Astragalus kusnetzovii,Popov ex Kovalevsk.,Fabaceae,Astragalus,Species,896991-1,canon_exact
Astragalus lachnolobus Kovalevsk. & Vved.,Astragalus lachnolobus Kovalevsk. & Vved.,Accepted,Astragalus lachnolobus,Kovalevsk. & Vved.,Fabaceae,Astragalus,Species,478198-1,exact_full
Astragalus lancifolius Gontsch.,Astragalus lancifolius Gontsch.,Synonym,Astragalus juratzkanus subsp. juratzkanus,"",Fabaceae,Astragalus,Subspecies,77223744-1,exact_full
Astragalus lanuginosus Kar. & Kir.,Astragalus lanuginosus Kar. & Kir.,Illegitimate,Astragalus larvatus,Sumnev.,Fabaceae,Astragalus,Species,478241-1,name_multi_author_ok
Astragalus lasiocalyx Gontsch.,Astragalus lasiocalyx Gontsch.,Accepted,Astragalus lasiocalyx,Gontsch.,Fabaceae,Astragalus,Species,478244-1,exact_full
Astragalus lasiopetalus Bunge,Astragalus lasiopetalus Bunge,Accepted,Astragalus lasiopetalus,Bunge,Fabaceae,Astragalus,Species,478248-1,exact_full
Astragalus lasiophyllus Ledeb.,Astragalus lasiophyllus Ledeb.,Accepted,Astragalus lasiophyllus,Ledeb.,Fabaceae,Astragalus,Species,478249-1,exact_full
Astragalus lasiosemius Boiss.,Astragalus lasiosemius Boiss.,Accepted,Astragalus lasiosemius,Boiss.,Fabaceae,Astragalus,Species,478250-1,exact_full
Astragalus lasiostylus Fisch.,Astragalus lasiostylus Fisch.,Accepted,Astragalus lasiostylus,Fisch.,Fabaceae,Astragalus,Species,928059-1,exact_full
Astragalus lehmannianus Bunge,Astragalus lehmannianus Bunge,Accepted,Astragalus lehmannianus,Bunge,Fabaceae,Astragalus,Species,478275-1,exact_full
Astragalus leiophysa Bunge,Astragalus leiophysa Bunge,Accepted,Astragalus leiophysa,Bunge,Fabaceae,Astragalus,Species,478282-1,exact_full
Astragalus leiosemius (Lipsky) Popov,Astragalus leiosemius (Lipsky) Popov,Accepted,Astragalus leiosemius,(Lipsky) Popov,Fabaceae,Astragalus,Species,478283-1,exact_full
Astragalus lentilobus Kamelin & Kovalevsk.,Astragalus lentilobus Kamelin & Kovalevsk.,Accepted,Astragalus lentilobus,Kamelin & Kovalevsk.,Fabaceae,Astragalus,Species,896993-1,exact_full
Astragalus leptophysus Vved.,Astragalus leptophysus Vved.,Accepted,Astragalus leptophysus,Vved.,Fabaceae,Astragalus,Species,478311-1,exact_full
Astragalus leptostachys Pall.,Astragalus leptostachys Pall.,Accepted,Astragalus leptostachys,Pall.,Fabaceae,Astragalus,Species,478316-1,name_multi_author_ok
Astragalus lipskyi Popov,Astragalus lipskyi Popov,Accepted,Astragalus lipskyi,Popov,Fabaceae,Astragalus,Species,478375-1,exact_full
Astragalus lithophilus Kar. & Kir.,Astragalus lithophilus Kar. & Kir.,Accepted,Astragalus lithophilus,Kar. & Kir.,Fabaceae,Astragalus,Species,478378-1,exact_full
Astragalus longiflorus Pall.,Astragalus longiflorus Pall.,Synonym,Astragalus testiculatus,Pall.,Fabaceae,Astragalus,Species,480184-1,name_multi_author_ok
Astragalus lorinserianus Freyn,Astragalus lorinserianus Freyn,Accepted,Astragalus lorinserianus,Freyn,Fabaceae,Astragalus,Species,478423-1,exact_full
Astragalus mackewiczii Gontsch.,Astragalus mackeviczii Gontsch.,Accepted,Astragalus mackeviczii,Gontsch.,Fabaceae,Astragalus,Species,478462-1,canon_exact
Astragalus macrocladus Bunge,Astragalus macrocladus Bunge,Accepted,Astragalus macrocladus,Bunge,Fabaceae,Astragalus,Species,478473-1,exact_full
Astragalus macronyx Bunge,Astragalus macronyx Bunge,Accepted,Astragalus macronyx,Bunge,Fabaceae,Astragalus,Species,478479-1,exact_full
Astragalus macropetalus Schrenk,Astragalus macropetalus Schrenk,Accepted,Astragalus macropetalus,Schrenk,Fabaceae,Astragalus,Species,478481-1,exact_full
Astragalus macropodium Lipsky,Astragalus macropodium Lipsky,Accepted,Astragalus macropodium,Lipsky,Fabaceae,Astragalus,Species,478484-1,exact_full
Astragalus macrotropis Bunge,Astragalus macrotropis Bunge,Accepted,Astragalus macrotropis,Bunge,Fabaceae,Astragalus,Species,478500-1,exact_full
Astragalus margusaricus Lipsky,Astragalus margusaricus Lipsky,Accepted,Astragalus margusaricus,Lipsky,Fabaceae,Astragalus,Species,478542-1,exact_full
Astragalus massagetowii B. Fedtsch.,Astragalus massagetowii B.Fedtsch.,Accepted,Astragalus massagetowii,B.Fedtsch.,Fabaceae,Astragalus,Species,478555-1,exact_full
Astragalus maverranagri Popov,Astragalus maverranagri Popov,Synonym,Astragalus juratzkanus subsp. juratzkanus,"",Fabaceae,Astragalus,Subspecies,77223744-1,exact_full
Astragalus maximowiczii Trautv.,Astragalus maximowiczii Trautv.,Accepted,Astragalus maximowiczii,Trautv.,Fabaceae,Astragalus,Species,478567-1,exact_full
Astragalus megalomerus Bunge,Astragalus megalomerus Bunge,Accepted,Astragalus megalomerus,Bunge,Fabaceae,Astragalus,Species,478586-1,exact_full
Astragalus melanocomus Popov,Astragalus melanocomus Popov,Accepted,Astragalus melanocomus,Popov,Fabaceae,Astragalus,Species,478597-1,exact_full
Astragalus michaelis Boriss.,Astragalus michaelis Boriss.,Illegitimate,Astragalus leptopus,Popov,Fabaceae,Astragalus,Species,478314-1,exact_full
Astragalus mirabilis Lipsky,Astragalus mirabilis Lipsky,Accepted,Astragalus mirabilis,Lipsky,Fabaceae,Astragalus,Species,478683-1,exact_full
Astragalus mogoltavicus Popov,Astragalus mogoltavicus Popov,Accepted,Astragalus mogoltavicus,Popov,Fabaceae,Astragalus,Species,478704-1,exact_full
Astragalus mucidus Bunge,Astragalus mucidus Bunge ex Boiss.,Accepted,Astragalus mucidus,Bunge ex Boiss.,Fabaceae,Astragalus,Species,478750-1,exact_name_unique
Astragalus nabievii F.O. Khass. et Esankulov,Astragalus nabievii F.O.Khass. & Esankulov,Illegitimate,Astragalus remanens,Nabiev,Fabaceae,Astragalus,Species,907340-1,exact_name_unique
Astragalus namanganicus Popov,Astragalus namanganicus Popov,Accepted,Astragalus namanganicus,Popov,Fabaceae,Astragalus,Species,478802-1,exact_full
Astragalus nematodes Bunge,Astragalus nematodes Bunge ex Boiss.,Accepted,Astragalus nematodes,Bunge ex Boiss.,Fabaceae,Astragalus,Species,478825-1,exact_name_unique
Astragalus nenilinii F.O. Khass. & I.I. Malzev,Astragalus nenilinii Khass. & Malzev,Accepted,Astragalus nenilinii,Khass. & Malzev,Fabaceae,Astragalus,Species,939017-1,exact_name_unique
Astragalus neolipskyanus Popov,Astragalus neolipskyanus Popov,Accepted,Astragalus neolipskyanus,Popov,Fabaceae,Astragalus,Species,478829-1,exact_full
Astragalus neurophyllus Franch.,Astragalus neurophyllus Franch.,Accepted,Astragalus neurophyllus,Franch.,Fabaceae,Astragalus,Species,478844-1,exact_full
Astragalus nigrocalyx Slobodov,Astragalus nigrocalyx Slobodov ex Grig.,Accepted,Astragalus nigrocalyx,Slobodov ex Grig.,Fabaceae,Astragalus,Species,986480-1,exact_name_unique
Astragalus nigrocarpus F.O. Khass. & I.I. Malzev,Astragalus nigrocarpus Khass. & Malzev,Accepted,Astragalus nigrocarpus,Khass. & Malzev,Fabaceae,Astragalus,Species,938000-1,exact_name_unique
Astragalus nivalis Kar. & Kir.,Astragalus nivalis Kar. & Kir.,Accepted,Astragalus nivalis,Kar. & Kir.,Fabaceae,Astragalus,Species,478878-1,exact_full
Astragalus nobilis Bunge ex B.Fedtsch.,Astragalus nobilis Bunge & B.Fedtsch.,Accepted,Astragalus nobilis,Bunge & B.Fedtsch.,Fabaceae,Astragalus,Species,478884-1,exact_name_unique
Astragalus nuciferus Bunge,Astragalus nucifer Bunge,Accepted,Astragalus nucifer,Bunge,Fabaceae,Astragalus,Species,478898-1,canon_exact
Astragalus nucleosus Popov,Astragalus nucleosus Popov,Accepted,Astragalus nucleosus,Popov,Fabaceae,Astragalus,Species,478900-1,exact_full
Astragalus nuratensis Popov,Astragalus nuratensis Popov,Accepted,Astragalus nuratensis,Popov,Fabaceae,Astragalus,Species,478913-1,exact_full
Astragalus oldenburgii B. Fedtsch.,Astragalus oldenburgii B.Fedtsch.,Accepted,Astragalus oldenburgii,B.Fedtsch.,Fabaceae,Astragalus,Species,478954-1,exact_full
Astragalus ophiocarpus Bunge,Astragalus ophiocarpus Benth. ex Bunge,Accepted,Astragalus ophiocarpus,Benth. ex Bunge,Fabaceae,Astragalus,Species,478989-1,ambiguous_same_target
Astragalus orbiculatus Ledeb.,Astragalus orbiculatus Ledeb.,Accepted,Astragalus orbiculatus,Ledeb.,Fabaceae,Astragalus,Species,478994-1,exact_full
Astragalus oxyglottis Biev.,Astragalus oxyglottis Steven ex M.Bieb.,Accepted,Astragalus oxyglottis,Steven ex M.Bieb.,Fabaceae,Astragalus,Species,479036-1,exact_name_unique
Astragalus patentivillosus Gontsch.,Astragalus patentivillosus Gontsch.,Accepted,Astragalus patentivillosus,Gontsch.,Fabaceae,Astragalus,Species,479123-1,exact_full
Astragalus paucijugus Schrenk,Astragalus paucijugus Schrenk,Accepted,Astragalus paucijugus,Schrenk,Fabaceae,Astragalus,Species,479132-1,exact_full
Astragalus pauper Bunge,Astragalus pauper Bunge,Accepted,Astragalus pauper,Bunge,Fabaceae,Astragalus,Species,479135-1,exact_full
Astragalus peduncularis Benth.,Astragalus peduncularis Benth.,Accepted,Astragalus peduncularis,Benth.,Fabaceae,Astragalus,Species,479148-1,exact_full
Astragalus petkoffii B.Fedtsch.,Astragalus petkoffii B.Fedtsch.,Accepted,Astragalus petkoffii,B.Fedtsch.,Fabaceae,Astragalus,Species,479185-1,exact_full
Astragalus petunnikovii Litv.,Astragalus petunnikowii Litv.,Accepted,Astragalus petunnikowii,Litv.,Fabaceae,Astragalus,Species,479190-1,canon_exact
Astragalus platyphyllus Kar. & Kir.,Astragalus platyphyllus Kar. & Kir.,Accepted,Astragalus platyphyllus,Kar. & Kir.,Fabaceae,Astragalus,Species,479236-1,name_multi_author_ok
Astragalus plumatus (Boriss.) Boriss.,Astragalus plumatus (Boriss.) Boriss.,Synonym,Astragalus lasiostylus,Fisch.,Fabaceae,Astragalus,Species,928059-1,exact_full
Astragalus plumbeus (Nevski) Gontsch.,Astragalus plumbeus (Nevski) Gontsch.,Accepted,Astragalus plumbeus,(Nevski) Gontsch.,Fabaceae,Astragalus,Species,479244-1,name_multi_author_ok
Astragalus pseudanthylloides Gontsch.,Astragalus pseudanthylloides Gontsch.,Accepted,Astragalus pseudanthylloides,Gontsch.,Fabaceae,Astragalus,Species,986918-1,exact_full
Astragalus pseudoamygdalinus Popov,Astragalus pseudoamygdalinus Popov,Accepted,Astragalus pseudoamygdalinus,Popov,Fabaceae,Astragalus,Species,986469-1,exact_full
Astragalus pseudodianthus Nabiev,Astragalus pseudodianthus Nabiev,Accepted,Astragalus pseudodianthus,Nabiev,Fabaceae,Astragalus,Species,479354-1,exact_full
Astragalus pseudoeremophysa Popov,Astragalus pseudoeremophysa Popov,Accepted,Astragalus pseudoeremophysa,Popov,Fabaceae,Astragalus,Species,986476-1,exact_full
Astragalus pseudomegalomerus Gontsch. & Popov,Astragalus pseudomegalomerus Popov,Accepted,Astragalus pseudomegalomerus,Popov,Fabaceae,Astragalus,Species,77221640-1,exact_name_unique
Astragalus pseudonobilis Popov,Astragalus pseudonobilis Popov,Accepted,Astragalus pseudonobilis,Popov,Fabaceae,Astragalus,Species,479363-1,exact_full
Astragalus pseudopendulina Kamelin,Astragalus pseudopendulinus Širj. & Rech.f.,Synonym,Astragalus pendulinus,Popov & B.Fedtsch.,Fabaceae,Astragalus,Species,479158-1,canon_exact
Astragalus pseudorhacodes Gontsch.,Astragalus pseudorhacodes Gontsch.,Accepted,Astragalus pseudorhacodes,Gontsch.,Fabaceae,Astragalus,Species,986920-1,exact_full
Astragalus pseudoscoparius Gontsch.,Astragalus pseudoscoparius Gontsch.,Accepted,Astragalus pseudoscoparius,Gontsch.,Fabaceae,Astragalus,Species,479374-1,exact_full
Astragalus pseudotetrastichus Abdull.,Astragalus pseudotetrastichus M.N.Abdull.,Accepted,Astragalus pseudotetrastichus,M.N.Abdull.,Fabaceae,Astragalus,Species,897000-1,exact_name_unique
Astragalus pskemensis Popov,Astragalus pskemensis Popov,Accepted,Astragalus pskemensis,Popov,Fabaceae,Astragalus,Species,479394-1,exact_full
Astragalus pterocephalus Bunge,Astragalus pterocephalus Bunge,Accepted,Astragalus pterocephalus,Bunge,Fabaceae,Astragalus,Species,479399-1,exact_full
Astragalus pulcher Korovin,Astragalus pulcher Korovin,Accepted,Astragalus pulcher,Korovin,Fabaceae,Astragalus,Species,479417-1,exact_full
Astragalus quisqualis Bunge,Astragalus quisqualis Bunge,Accepted,Astragalus quisqualis,Bunge,Fabaceae,Astragalus,Species,479467-1,exact_full
Astragalus retamocarpus Boiss. & Hohen.,Astragalus retamocarpus Boiss. & Hohen.,Accepted,Astragalus retamocarpus,Boiss. & Hohen.,Fabaceae,Astragalus,Species,479536-1,exact_full
Astragalus rhacodes Bunge,Astragalus rhacodes Bunge,Accepted,Astragalus rhacodes,Bunge,Fabaceae,Astragalus,Species,479547-1,exact_full
Astragalus rotundus Gontsch.,Astragalus rotundus Gontsch.,Accepted,Astragalus rotundus,Gontsch.,Fabaceae,Astragalus,Species,479580-1,exact_full
Astragalus rubellus Gontsch.,Astragalus rubellus Gontsch.,Accepted,Astragalus rubellus,Gontsch.,Fabaceae,Astragalus,Species,986914-1,exact_full
Astragalus rubescens Kovalevsk. & Vved.,Astragalus rubescens Kovalevsk. & Vved.,Accepted,Astragalus rubescens,Kovalevsk. & Vved.,Fabaceae,Astragalus,Species,479585-1,exact_full
Astragalus rubrigalli Popov,Astragalus rubrigalli Popov,Accepted,Astragalus rubrigalli,Popov,Fabaceae,Astragalus,Species,479588-1,exact_full
Astragalus rubrivenosus Gontsch.,Astragalus rubrivenosus Gontsch.,Accepted,Astragalus rubrivenosus,Gontsch.,Fabaceae,Astragalus,Species,479589-1,exact_full
Astragalus rubromarginatus Czerniak.,Astragalus rubromarginatus Czerniak.,Accepted,Astragalus rubromarginatus,Czerniak.,Fabaceae,Astragalus,Species,479590-1,exact_full
Astragalus rumpens Meffert,Astragalus rumpens Meffert,Accepted,Astragalus rumpens,Meffert,Fabaceae,Astragalus,Species,986486-1,exact_full
"Astragalus russanovii F.O. Khass., Sarybaeva & Esankulov","Astragalus russanovii F.O.Khass., Sarybaeva & Esankulov",Accepted,Astragalus russanovii,"F.O.Khass., Sarybaeva & Esankulov",Fabaceae,Astragalus,Species,77135886-1,exact_full
Astragalus saidii F.O. Khass. & Esankulov,Astragalus saidii F.O.Khass. & Esankulov,Accepted,Astragalus saidii,F.O.Khass. & Esankulov,Fabaceae,Astragalus,Species,77148042-1,exact_full
Astragalus saratagius Bunge,Astragalus saratagius Bunge,Accepted,Astragalus saratagius,Bunge,Fabaceae,Astragalus,Species,479664-1,exact_full
Astragalus sarbasnensis B. Fedtsch.,Astragalus sarbasnensis B.Fedtsch.,Accepted,Astragalus sarbasnensis,B.Fedtsch.,Fabaceae,Astragalus,Species,479666-1,exact_full
Astragalus sarytavicus Popov,Astragalus sarytavicus Popov,Accepted,Astragalus sarytavicus,Popov,Fabaceae,Astragalus,Species,479671-1,exact_full
Astragalus schachimardanus Basil.,Astragalus schachimardanus Basil.,Accepted,Astragalus schachimardanus,Basil.,Fabaceae,Astragalus,Species,479688-1,exact_full
Astragalus schmalhausenii Bunge,Astragalus schmalhausenii Bunge,Accepted,Astragalus schmalhausenii,Bunge,Fabaceae,Astragalus,Species,479706-1,exact_full
Astragalus schrenkianus Fisch. & C.A. Mey.,Astragalus schrenkianus Fisch. & C.A.Mey.,Accepted,Astragalus schrenkianus,Fisch. & C.A.Mey.,Fabaceae,Astragalus,Species,479711-1,exact_full
Astragalus schugnanicus B. Fedtsch.,Astragalus schugnanicus B.Fedtsch.,Accepted,Astragalus schugnanicus,B.Fedtsch.,Fabaceae,Astragalus,Species,479712-1,exact_full
Astragalus schutensis Gontsch.,Astragalus schutensis Gontsch.,Accepted,Astragalus schutensis,Gontsch.,Fabaceae,Astragalus,Species,479717-1,exact_full
Astragalus scleroxylon Bunge,Astragalus scleroxylon Bunge,Accepted,Astragalus scleroxylon,Bunge,Fabaceae,Astragalus,Species,479724-1,exact_full
Astragalus sericeopuberulus Boriss.,Astragalus sericeopuberulus Boriss.,Accepted,Astragalus sericeopuberulus,Boriss.,Fabaceae,Astragalus,Species,479768-1,exact_full
Astragalus sesamoides Boiss.,Astragalus sesamoides Boiss.,Accepted,Astragalus sesamoides,Boiss.,Fabaceae,Astragalus,Species,479782-1,exact_full
Astragalus sewertzowii Bunge,Astragalus sewertzowii Bunge,Accepted,Astragalus sewertzowii,Bunge,Fabaceae,Astragalus,Species,479793-1,exact_full
Astragalus sieversianus Pall.,Astragalus sieversianus Pall.,Accepted,Astragalus sieversianus,Pall.,Fabaceae,Astragalus,Species,479820-1,name_multi_author_ok
Astragalus skorniakowii B. Fedtsch.,Astragalus skorniakowii B.Fedtsch.,Synonym,Astragalus masenderanus,Bunge,Fabaceae,Astragalus,Species,478554-1,exact_full
Astragalus sogdianus Bunge,Astragalus sogdianus Bunge,Accepted,Astragalus sogdianus,Bunge,Fabaceae,Astragalus,Species,479864-1,exact_full
Astragalus spinescens Bunge,Astragalus spinescens Bunge,Synonym,Astragalus dactylocarpus subsp. acinacifer,(Boiss.) E.Ott,Fabaceae,Astragalus,Subspecies,884675-1,exact_full
Astragalus spryginii Popov,Astragalus spryginii Popov,Accepted,Astragalus spryginii,Popov,Fabaceae,Astragalus,Species,479926-1,exact_full
Astragalus squarrosus Bunge,Astragalus squarrosus Bunge,Accepted,Astragalus squarrosus,Bunge,Fabaceae,Astragalus,Species,479929-1,exact_full
Astragalus stalinskyi Širj.,Astragalus stalinskyi Širj.,Accepted,Astragalus stalinskyi,Širj.,Fabaceae,Astragalus,Species,479932-1,exact_full
Astragalus stenanthus Bunge,Astragalus stenanthus Bunge,Accepted,Astragalus stenanthus,Bunge,Fabaceae,Astragalus,Species,479939-1,name_multi_author_ok
Astragalus stenocarpus Gontsch.,Astragalus stenocarpus Gontsch.,Accepted,Astragalus stenocarpus,Gontsch.,Fabaceae,Astragalus,Species,479942-1,exact_full
Astragalus stenocystis Bunge,Astragalus stenocystis Bunge,Accepted,Astragalus stenocystis,Bunge,Fabaceae,Astragalus,Species,479945-1,exact_full
Astragalus stipulosus Boriss.,Astragalus stipulosus (Boriss.) Boriss.,Synonym,Astragalus pterocephalus,Bunge,Fabaceae,Astragalus,Species,479399-1,exact_name_unique
Astragalus striatellus M. Bieb.,Astragalus striatellus Pall. ex M.Bieb.,Synonym,Astragalus guttatus,Banks & Sol.,Fabaceae,Astragalus,Species,477706-1,exact_name_unique
Astragalus subauriculatus Gontsch.,Astragalus subauriculatus Gontsch.,Accepted,Astragalus subauriculatus,Gontsch.,Fabaceae,Astragalus,Species,480011-1,exact_full
Astragalus subbarbellatus Bunge,Astragalus subbarbellatus Bunge,Synonym,Astragalus sewertzowii,Bunge,Fabaceae,Astragalus,Species,479793-1,exact_full
Astragalus subbijugus Ledeb.,Astragalus subbijugus Ledeb.,Accepted,Astragalus subbijugus,Ledeb.,Fabaceae,Astragalus,Species,480014-1,exact_full
Astragalus subinduratus Gontsch.,Astragalus subinduratus Gontsch.,Accepted,Astragalus subinduratus,Gontsch.,Fabaceae,Astragalus,Species,480024-1,exact_full
Astragalus subrosularis Gontsch.,Astragalus subrosularis Gontsch.,Accepted,Astragalus subrosularis,Gontsch.,Fabaceae,Astragalus,Species,480031-1,exact_full
Astragalus subscaposus Boriss.,Astragalus subscaposus Popov ex Boriss.,Accepted,Astragalus subscaposus,Popov ex Boriss.,Fabaceae,Astragalus,Species,928277-1,exact_name_unique
Astragalus subschachimardanus Basil.,Astragalus subschachimardanus Popov,Accepted,Astragalus subschachimardanus,Popov,Fabaceae,Astragalus,Species,480032-1,exact_name_unique
Astragalus subspinescens Popov,Astragalus subspinescens Popov,Accepted,Astragalus subspinescens,Popov,Fabaceae,Astragalus,Species,480034-1,exact_full
Astragalus substipitatus Gontsch.,Astragalus substipitatus Gontsch.,Accepted,Astragalus substipitatus,Gontsch.,Fabaceae,Astragalus,Species,480037-1,exact_full
Astragalus subverticillatus Gontsch.,Astragalus subverticillatus Gontsch.,Accepted,Astragalus subverticillatus,Gontsch.,Fabaceae,Astragalus,Species,480048-1,exact_full
Astragalus syreitschikovii Pavlov,Astragalus syreitschikovii Pavlov,Accepted,Astragalus syreitschikovii,Pavlov,Fabaceae,Astragalus,Species,480092-1,exact_full
Astragalus talassicus Popov,Astragalus talassicus Popov,Accepted,Astragalus talassicus,Popov,Fabaceae,Astragalus,Species,480111-1,exact_full
Astragalus taldicensis Franch.,Astragalus taldycensis Franch.,Accepted,Astragalus taldycensis,Franch.,Fabaceae,Astragalus,Species,480113-1,canon_exact
Astragalus taschkendicus Bunge,Astragalus taschkendicus Bunge,Accepted,Astragalus taschkendicus,Bunge,Fabaceae,Astragalus,Species,480129-1,exact_full
Astragalus terrae-rubrae Butkov,Astragalus terrae-rubrae Butkov,Accepted,Astragalus terrae-rubrae,Butkov,Fabaceae,Astragalus,Species,928284-1,exact_full
Astragalus testiculatus Pall.,Astragalus testiculatus Pall.,Accepted,Astragalus testiculatus,Pall.,Fabaceae,Astragalus,Species,480184-1,exact_full
Astragalus tetrastichus Bunge,Astragalus tetrastichus Bunge,Accepted,Astragalus tetrastichus,Bunge,Fabaceae,Astragalus,Species,480188-1,exact_full
Astragalus thlaspi Lipsky,Astragalus thlaspi Lipsky,Accepted,Astragalus thlaspi,Lipsky,Fabaceae,Astragalus,Species,480196-1,exact_full
Astragalus tibetanus Bunge,Astragalus tibetanus Benth. ex Bunge,Accepted,Astragalus tibetanus,Benth. ex Bunge,Fabaceae,Astragalus,Species,480203-1,exact_name_unique
Astragalus titovii Gontsch.,Astragalus titovii Gontsch.,Accepted,Astragalus titovii,Gontsch.,Fabaceae,Astragalus,Species,480213-1,exact_full
Astragalus transoxanus Fisch.,Astragalus transoxanus Fisch.,Accepted,Astragalus transoxanus,Fisch.,Fabaceae,Astragalus,Species,928060-1,exact_full
Astragalus tribuloides Delile,Astragalus tribuloides Delile,Accepted,Astragalus tribuloides,Delile,Fabaceae,Astragalus,Species,480267-1,exact_full
Astragalus tschimganicus Popov,Astragalus tschimganicus Popov,Accepted,Astragalus tschimganicus,Popov,Fabaceae,Astragalus,Species,480311-1,exact_full
Astragalus tupalangi Gontsch.,Astragalus tupalangi Gontsch.,Accepted,Astragalus tupalangi,Gontsch.,Fabaceae,Astragalus,Species,480326-1,exact_full
Astragalus turbinatus Bunge,Astragalus turbinatus Bunge,Accepted,Astragalus turbinatus,Bunge,Fabaceae,Astragalus,Species,480329-1,exact_full
Astragalus turczaninovii Kar. & Kir.,Astragalus turczaninowii Kar. & Kir.,Accepted,Astragalus turczaninowii,Kar. & Kir.,Fabaceae,Astragalus,Species,480331-1,canon_exact
Astragalus turkestanus Bunge,Astragalus turkestanus Bunge ex Boiss.,Accepted,Astragalus turkestanus,Bunge ex Boiss.,Fabaceae,Astragalus,Species,480332-1,exact_name_unique
Astragalus ugamicus Popov,Astragalus ugamicus Popov,Accepted,Astragalus ugamicus,Popov,Fabaceae,Astragalus,Species,480349-1,exact_full
Astragalus unifoliolatus Bunge,Astragalus unifoliolatus Širj. & Rech.f.,Synonym,Astragalus koelzii,Barneby,Fabaceae,Astragalus,Species,478136-1,exact_name_unique
Astragalus uninodus Popov & Vved.,Astragalus uninodis Popov & Vved.,Accepted,Astragalus uninodis,Popov & Vved.,Fabaceae,Astragalus,Species,480379-1,canon_exact
Astragalus urgutinus Lipsky,Astragalus urgutinus Lipsky,Accepted,Astragalus urgutinus,Lipsky,Fabaceae,Astragalus,Species,480388-1,exact_full
Astragalus variegatus Franch.,Astragalus variegatus Franch.,Accepted,Astragalus variegatus,Franch.,Fabaceae,Astragalus,Species,480417-1,name_multi_author_ok
Astragalus varius S.G. Gmelin,Astragalus varius S.G.Gmel.,Accepted,Astragalus varius,S.G.Gmel.,Fabaceae,Astragalus,Species,480421-1,exact_name_unique
Astragalus varzobicus Gontsch.,Astragalus varzobicus Gontsch.,Accepted,Astragalus varzobicus,Gontsch.,Fabaceae,Astragalus,Species,986471-1,exact_full
Astragalus vicarius Lipsky,Astragalus vicarius Lipsky,Accepted,Astragalus vicarius,Lipsky,Fabaceae,Astragalus,Species,480474-1,exact_full
Astragalus villosissimus Bunge,Astragalus villosissimus Bunge,Accepted,Astragalus villosissimus,Bunge,Fabaceae,Astragalus,Species,480483-1,exact_full
Astragalus viridiflorus Boriss.,Astragalus viridiflorus Boriss.,Accepted,Astragalus viridiflorus,Boriss.,Fabaceae,Astragalus,Species,480499-1,exact_full
Astragalus vladimiri Širj.,Astragalus vladimirii Širj.,Synonym,Astragalus lasiostylus,Fisch.,Fabaceae,Astragalus,Species,928059-1,canon_exact
Astragalus vulpinus Willd.,Astragalus vulpinus Willd.,Accepted,Astragalus vulpinus,Willd.,Fabaceae,Astragalus,Species,480517-1,exact_full
Astragalus vvedenskyi Popov,Astragalus vvedenskyi Popov,Accepted,Astragalus vvedenskyi,Popov,Fabaceae,Astragalus,Species,480519-1,exact_full
Astragalus willisii Popov,Astragalus willisii Popov,Accepted,Astragalus willisii,Popov,Fabaceae,Astragalus,Species,480549-1,exact_full
Astragalus xanthomeloides Korovin & Popov,Astragalus xanthomeloides Korovin & Popov,Accepted,Astragalus xanthomeloides,Korovin & Popov,Fabaceae,Astragalus,Species,480568-1,exact_full
Astragalus xipholobus Popov,Astragalus xipholobus Popov,Accepted,Astragalus xipholobus,Popov,Fabaceae,Astragalus,Species,480578-1,exact_full
Astragalus zaaminensis F.O. Khass. & Esankulov,Astragalus zaaminensis F.O.Khass. & Esankulov,Accepted,Astragalus zaaminensis,F.O.Khass. & Esankulov,Fabaceae,Astragalus,Species,77165252-1,exact_full
Astragalus zaprjagaevii Gontsch.,Astragalus zaprjagaevii Gontsch.,Accepted,Astragalus zaprjagaevii,Gontsch.,Fabaceae,Astragalus,Species,986475-1,exact_full
Asyneuma argutum (Regel) Bornm. ex Biehler,Asyneuma argutum (Regel) Bornm.,Accepted,Asyneuma argutum,(Regel) Bornm.,Campanulaceae,Asyneuma,Species,139555-1,exact_name_unique
Asyneuma attenuatum (Franch.) Bornm.,Asyneuma attenuatum (Franch.) Bornm.,Synonym,Asyneuma argutum subsp. argutum,"",Campanulaceae,Asyneuma,Subspecies,77170795-1,exact_full
Asyneuma ramosum Pavlov,Asyneuma ramosum Pavlov,Synonym,Asyneuma argutum subsp. argutum,"",Campanulaceae,Asyneuma,Subspecies,77170795-1,exact_full
Asyneuma thomsonii (Hook. f.) Bornm.,Asyneuma thomsonii (Hook.f.) Bornm.,Accepted,Asyneuma thomsonii,(Hook.f.) Bornm.,Campanulaceae,Asyneuma,Species,139617-1,exact_full
Asyneuma trautvetteri (B. Fedtsch.) Bornm.,Asyneuma trautvetteri (B.Fedtsch.) Bornm.,Synonym,Asyneuma argutum subsp. argutum,"",Campanulaceae,Asyneuma,Subspecies,77170795-1,exact_full
Atelanthera perpusilla Hook. f. & Thoms.,Atelanthera perpusilla Hook.f. & Thomson,Accepted,Atelanthera perpusilla,Hook.f. & Thomson,Brassicaceae,Atelanthera,Species,278765-1,exact_name_unique
Atragene sibirica L.,Atragene sibirica L.,Synonym,Clematis alpina subsp. sibirica,(L.) Kuntze,Ranunculaceae,Clematis,Subspecies,60464108-2,exact_full
Atraphaxis compacta Ledeb.,Atraphaxis compacta Ledeb.,Accepted,Atraphaxis compacta,Ledeb.,Polygonaceae,Atraphaxis,Species,693108-1,exact_full
Atraphaxis decipiens Jaub. & Spach,Atraphaxis decipiens Jaub. & Spach,Accepted,Atraphaxis decipiens,Jaub. & Spach,Polygonaceae,Atraphaxis,Species,693113-1,exact_full
Atraphaxis karataviensis Lipsch. & Pavlov,Atraphaxis karataviensis Pavlov & Lipsch.,Accepted,Atraphaxis karataviensis,Pavlov & Lipsch.,Polygonaceae,Atraphaxis,Species,693122-1,exact_name_unique
Atraphaxis laetevirens (Ledeb.) Jaub. & Spach.,Atraphaxis laetevirens (Ledeb.) Jaub. & Spach,Accepted,Atraphaxis laetevirens,(Ledeb.) Jaub. & Spach,Polygonaceae,Atraphaxis,Species,693125-1,exact_name_unique
Atraphaxis pyrifolia Bunge,Atraphaxis pyrifolia Bunge,Accepted,Atraphaxis pyrifolia,Bunge,Polygonaceae,Atraphaxis,Species,693136-1,exact_full
Atraphaxis replicata Lam.,Atraphaxis replicata Lam.,Accepted,Atraphaxis replicata,Lam.,Polygonaceae,Atraphaxis,Species,693137-1,exact_full
Atraphaxis seravschanica Pavlov,Atraphaxis seravschanica Pavlov,Accepted,Atraphaxis seravschanica,Pavlov,Polygonaceae,Atraphaxis,Species,693139-1,exact_full
Atraphaxis spinosa L.,Atraphaxis spinosa L.,Accepted,Atraphaxis spinosa,L.,Polygonaceae,Atraphaxis,Species,693143-1,exact_full
Atraphaxis virgata Krasn.,Atraphaxis virgata (Regel) Krasn.,Accepted,Atraphaxis virgata,(Regel) Krasn.,Polygonaceae,Atraphaxis,Species,77221637-1,exact_name_unique
Atriplex aucheri Moq.,Atriplex aucheri Moq.,Accepted,Atriplex aucheri,Moq.,Amaranthaceae,Atriplex,Species,163662-1,exact_full
Atriplex cana C.A. Mey.,Atriplex cana Ledeb.,Accepted,Atriplex cana,Ledeb.,Amaranthaceae,Atriplex,Species,163698-1,exact_name_unique
Atriplex dimorphostegia Kar. & Kir.,Atriplex dimorphostegia Kar. & Kir.,Accepted,Atriplex dimorphostegia,Kar. & Kir.,Amaranthaceae,Atriplex,Species,163766-1,exact_full
Atriplex flabellum Bunge,Atriplex flabellum Bunge ex Boiss.,Accepted,Atriplex flabellum,Bunge ex Boiss.,Amaranthaceae,Atriplex,Species,163797-1,exact_name_unique
Atriplex fominii Iljin,Atriplex fominii Iljin,Accepted,Atriplex fominii,Iljin,Amaranthaceae,Atriplex,Species,163806-1,exact_full
Atriplex hastata L.,Atriplex hastata L.,Synonym,Atriplex prostrata subsp. calotheca,(Rafn) M.A.Gust.,Amaranthaceae,Atriplex,Subspecies,876076-1,exact_full
Atriplex micrantha C.A. Mey.,Atriplex micrantha Ledeb.,Accepted,Atriplex micrantha,Ledeb.,Amaranthaceae,Atriplex,Species,60448164-2,manual_alias
Atriplex moneta Bunge ex Boiss.,Atriplex moneta Bunge ex Boiss.,Accepted,Atriplex moneta,Bunge ex Boiss.,Amaranthaceae,Atriplex,Species,163979-1,exact_full
Atriplex ornata Iljin,Atriplex ornata Iljin,Accepted,Atriplex ornata,Iljin,Amaranthaceae,Atriplex,Species,164027-1,exact_full
Atriplex patula L.,Atriplex patula L.,Accepted,Atriplex patula,L.,Amaranthaceae,Atriplex,Species,26419-2,exact_full
Atriplex pedunculata L.,Atriplex pedunculata L.,Accepted,Atriplex pedunculata,L.,Amaranthaceae,Atriplex,Species,164046-1,exact_full
Atriplex sibirica L.,Atriplex sibirica L.,Accepted,Atriplex sibirica,L.,Amaranthaceae,Atriplex,Species,164152-1,exact_full
Atriplex tatarica L.,Atriplex tatarica L.,Accepted,Atriplex tatarica,L.,Amaranthaceae,Atriplex,Species,164195-1,exact_full
Atriplex thunbergiifolia (Boiss. & Noë) Boiss.,Atriplex thunbergiifolia (Boiss. & Noë) Boiss.,Synonym,Atriplex belangeri,(Moq.) Boiss.,Amaranthaceae,Atriplex,Species,77221686-1,exact_full
Atriplex turcomanica Fisch. & C.A. Mey.,Atriplex turcomanica (Moq.) Boiss.,Accepted,Atriplex turcomanica,(Moq.) Boiss.,Amaranthaceae,Atriplex,Species,60466450-2,exact_name_unique
"Aulacospermum dichotomum (Korovin) Kljuykov, Pimenov & V.N. Tichom.","Aulacospermum dichotomum (Korovin) Kljuykov, Pimenov & V.N.Tikhom.",Synonym,Pseudotrachydium dichotomum,(Korovin) Pimenov & Kljuykov,Apiaceae,Pseudotrachydium,Species,1018519-1,exact_name_unique
"Aulacospermum popovii (Korovin) Kljuykov, Pimenov & V.N. Tikhom.","Aulacospermum popovii (Korovin) Kljuykov, Pimenov & V.N.Tikhom.",Accepted,Aulacospermum popovii,"(Korovin) Kljuykov, Pimenov & V.N.Tikhom.",Apiaceae,Aulacospermum,Species,838511-1,exact_full
Aulacospermum roseum Korovin,Aulacospermum roseum Korovin,Accepted,Aulacospermum roseum,Korovin,Apiaceae,Aulacospermum,Species,838514-1,exact_full
Aulacospermum simplex Rupr.,Aulacospermum simplex Rupr.,Synonym,Pleurospermum simplex,(Rupr.) B.Fedtsch.,Apiaceae,Pleurospermum,Species,847297-1,exact_full
Aulacospermum tenuisectum Korovin,Aulacospermum tenuisectum Korovin,Accepted,Aulacospermum tenuisectum,Korovin,Apiaceae,Aulacospermum,Species,838519-1,exact_full
Aulacospermum tianschanicum (Korovin) C. Norman,Aulacospermum tianschanicum (Korovin) C.Norman,Accepted,Aulacospermum tianschanicum,(Korovin) C.Norman,Apiaceae,Aulacospermum,Species,838520-1,exact_full
Aulacospermum turkestanicum (Franch.) Schischk.,Aulacospermum turkestanicum (Franch.) Schischk.,Accepted,Aulacospermum turkestanicum,(Franch.) Schischk.,Apiaceae,Aulacospermum,Species,838521-1,exact_full
Autumnalia innopinata Pimenov,Autumnalia innopinata Pimenov,Accepted,Autumnalia innopinata,Pimenov,Apiaceae,Autumnalia,Species,937999-1,exact_full
Avena barbata Pott ex Link,Avena barbata Pott ex Link,Accepted,Avena barbata,Pott ex Link,Poaceae,Avena,Species,391337-1,exact_full
Avena byzantina Koch,Avena byzantina K.Koch,Accepted,Avena byzantina,K.Koch,Poaceae,Avena,Species,391362-1,exact_name_unique
Avena clauda Durieu,Avena clauda Durieu,Accepted,Avena clauda,Durieu,Poaceae,Avena,Species,391396-1,exact_full
Avena eriantha Durieu,Avena eriantha Durieu,Accepted,Avena eriantha,Durieu,Poaceae,Avena,Species,391436-1,name_multi_author_ok
Avena fatua L.,Avena fatua L.,Accepted,Avena fatua,L.,Poaceae,Avena,Species,391443-1,exact_full
Avena meridionalis (Malzev) Roshev.,Avena meridionalis (Malzev) Roshev.,Synonym,Avena fatua,L.,Poaceae,Avena,Species,391443-1,exact_full
Avena persica Steud.,Avena persica Steud.,Synonym,Avena sterilis subsp. ludoviciana,(Durieu) Nyman,Poaceae,Avena,Subspecies,164989-3,exact_full
Avena sterilis L.,Avena sterilis L.,Accepted,Avena sterilis,L.,Poaceae,Avena,Species,391787-1,name_multi_author_ok
Avena trichophylla C. Koch,Avena trichophylla K.Koch,Synonym,Avena sterilis subsp. ludoviciana,(Durieu) Nyman,Poaceae,Avena,Subspecies,164989-3,exact_name_unique
Baeothryon pumilum (Vahl) Á. & D. Löve,Baeothryon pumilum (Vahl) Á.Löve & D.Löve,Synonym,Trichophorum pumilum,(Vahl) Schinz & Thell.,Cyperaceae,Trichophorum,Species,315481-1,exact_name_unique
Barbarea minor Koch,Barbarea minor K.Koch,Synonym,Barbarea brachycarpa subsp. minor,(K.Koch) Parolly & Eren,Brassicaceae,Barbarea,Subspecies,77075642-1,exact_name_unique
Barbarea vulgaris W.T. Aiton,Barbarea vulgaris W.T.Aiton,Accepted,Barbarea vulgaris,W.T.Aiton,Brassicaceae,Barbarea,Species,29455-2,exact_full
Barkhausia kotschyana Boiss.,Barkhausia kotschyana Boiss.,Synonym,Crepis kotschyana,(Boiss.) Boiss.,Asteraceae,Crepis,Species,199996-1,exact_full
Barkhausia trichocephala Krasch.,Barkhausia trichocephala Krasch.,Synonym,Crepis trichocephala,(Krasch.) V.V.Nikitin,Asteraceae,Crepis,Species,77181475-1,exact_full
Bassia hyssopifolia (Pall.) Kuntze,Bassia hyssopifolia (Pall.) Kuntze,Accepted,Bassia hyssopifolia,(Pall.) Kuntze,Amaranthaceae,Bassia,Species,29802-2,exact_full
Batrachium divaricatum (Schrank) Wimm.,Batrachium divaricatum (Schrank) Wimm.,Synonym,Ranunculus trichophyllus,Chaix,Ranunculaceae,Ranunculus,Species,30048831-2,exact_full
Batrachium pachycaulum Nevski,Batrachium pachycaulon Nevski,Synonym,Ranunculus pachycaulon,(Nevski) Luferov,Ranunculaceae,Ranunculus,Species,1005553-1,canon_exact
Batrachium rionii (Lagger) Nyman,Batrachium rionii (Lagger) Nyman,Synonym,Ranunculus rionii,Lagger,Ranunculaceae,Ranunculus,Species,713700-1,exact_full
Batrachium trichophyllum (Chaix) Bosch,Batrachium trichophyllum (Chaix) Bosch,Synonym,Ranunculus trichophyllus,Chaix,Ranunculaceae,Ranunculus,Species,30048831-2,exact_full
Beckmannia eruciformis (L.) Host.,Beckmannia eruciformis (L.) Host,Accepted,Beckmannia eruciformis,(L.) Host,Poaceae,Beckmannia,Species,30141328-2,manual_alias
Bellevalia atroviolacea Regel,Bellevalia atroviolacea Regel,Synonym,Bellevalia turkestanica,Franch.,Asparagaceae,Bellevalia,Species,531875-1,exact_full
Bellevalia saviczii Woronow,Bellevalia saviczii Woronow,Accepted,Bellevalia saviczii,Woronow,Asparagaceae,Bellevalia,Species,531859-1,exact_full
Bellis perennis L.,Bellis perennis L.,Accepted,Bellis perennis,L.,Asteraceae,Bellis,Species,184409-1,exact_full
Berberis integerrima Bunge,Berberis integerrima Bunge,Accepted,Berberis integerrima,Bunge,Berberidaceae,Berberis,Species,106778-1,name_multi_author_ok
Berberis nummularia Bunge,Berberis nummularia Bunge,Accepted,Berberis nummularia,Bunge,Berberidaceae,Berberis,Species,106940-1,exact_full
Berberis oblonga (Regel) C.K.Schneid.,Berberis oblonga (Regel) C.K.Schneid.,Accepted,Berberis oblonga,(Regel) C.K.Schneid.,Berberidaceae,Berberis,Species,106944-1,exact_full
Bergenia hissarica Boriss.,Bergenia hissarica Boriss.,Accepted,Bergenia hissarica,Boriss.,Saxifragaceae,Bergenia,Species,790367-1,exact_full
Bergenia ugamica V.N. Pavlov,Bergenia ugamica V.N.Pavlov,Accepted,Bergenia ugamica,V.N.Pavlov,Saxifragaceae,Bergenia,Species,790387-1,exact_full
Bergia ammannioides Heyne ex Roth.,Bergia ammannioides Roxb.,Accepted,Bergia ammannioides,Roxb.,Elatinaceae,Bergia,Species,324615-1,exact_name_unique
Berteroa incana (L.) DC.,Berteroa incana (L.) DC.,Accepted,Berteroa incana,(L.) DC.,Brassicaceae,Berteroa,Species,278924-1,exact_full
Berula erecta (Huds.) Coville,Berula erecta (Huds.) Coville,Accepted,Berula erecta,(Huds.) Coville,Apiaceae,Berula,Species,31836-2,exact_full
Beruniella micrantha (Pall.) Zakirov & Nabiev,Beruniella micranthos (Pall.) Zakirov & Nabiev,Synonym,Heliotropium micranthos,(Pall.) Bunge,Boraginaceae,Heliotropium,Species,117045-1,canon_exact
Betula pendula Roth,Betula pendula Roth,Accepted,Betula pendula,Roth,Betulaceae,Betula,Species,295174-1,exact_full
Betula tianschanica Rupr.,Betula tianschanica Rupr.,Accepted,Betula tianschanica,Rupr.,Betulaceae,Betula,Species,295215-1,exact_full
Bidens cernua L.,Bidens cernua L.,Accepted,Bidens cernua,L.,Asteraceae,Bidens,Species,184796-1,exact_full
Bidens frondosa L.,Bidens frondosa L.,Accepted,Bidens frondosa,L.,Asteraceae,Bidens,Species,315743-2,name_multi_author_ok
Bidens tripartita L.,Bidens tripartita L.,Accepted,Bidens tripartita,L.,Asteraceae,Bidens,Species,185293-1,exact_full
Biebersteinia multifida DC.,Biebersteinia multifida DC.,Accepted,Biebersteinia multifida,DC.,Biebersteiniaceae,Biebersteinia,Species,371939-1,exact_full
Bifora testiculata (L.) Spreng.,Bifora testiculata (L.) Spreng.,Accepted,Bifora testiculata,(L.) Spreng.,Apiaceae,Bifora,Species,50436-3,exact_full
Bistortia elliptica (Willd. ex Spreng.) Kom.,"Bistorta elliptica (Willd. ex Spreng.) V.V.Petrovsky, D.F.Murray & Elven",Accepted,Bistorta elliptica,"(Willd. ex Spreng.) V.V.Petrovsky, D.F.Murray & Elven",Polygonaceae,Bistorta,Species,77099605-1,canon_fuzzy1
Blysmus compressus (L.) Panz. ex Link,Blysmus compressus (L.) Panz. ex Link,Accepted,Blysmus compressus,(L.) Panz. ex Link,Cyperaceae,Blysmus,Species,1144343-2,exact_full
Blysmus sinocompressus Tang & Wang,Blysmus sinocompressus Tang & F.T.Wang,Accepted,Blysmus sinocompressus,Tang & F.T.Wang,Cyperaceae,Blysmus,Species,298084-1,exact_name_unique
Boissiera squarrosa (Banks & Soland.) Nevski,Boissiera squarrosa (Banks & Sol.) Nevski,Synonym,Bromus pumilio,(Trin.) P.M.Sm.,Poaceae,Bromus,Species,394041-1,exact_name_unique
Bolbosaponaria babatagi (Ovcz.) Bondarenko,Bolbosaponaria babatagi (Ovcz.) Bondarenko,Synonym,Gypsophila babatagi,(Ovcz.) Bondarenko,Caryophyllaceae,Gypsophila,Species,77221891-1,exact_full
Bolbosaponaria fedtschenkoana (Schischk.) Bondarenko,Bolbosaponaria fedtschenkoana (Schischk.) Bondarenko,Synonym,Gypsophila fedtschenkoana,Schischk.,Caryophyllaceae,Gypsophila,Species,154463-1,exact_full
Bolbosaponaria intricata (Franch.) Bondararenko,Bolbosaponaria intricata (Franch.) Bondarenko,Synonym,Gypsophila intricata,Franch.,Caryophyllaceae,Gypsophila,Species,154504-1,exact_name_unique
Bolbosaponaria sewerzowii (Regel & Schmalh.) Bondarenko,Bolbosaponaria sewerzowii (Regel & Schmalh.) Bondarenko,Synonym,Saponaria sewerzowii,Regel & Schmalh.,Caryophyllaceae,Saponaria,Species,156655-1,exact_full
Bolbosaponaria villosa (Barkoud.) Bondarenko,Bolbosaponaria villosa (Barkoudah) Bondarenko,Synonym,Gypsophila villosa,Barkoudah,Caryophyllaceae,Gypsophila,Species,154689-1,exact_name_unique
Bolboschoenus maritimus (L.) Palla,Bolboschoenus maritimus (L.) Palla,Accepted,Bolboschoenus maritimus,(L.) Palla,Cyperaceae,Bolboschoenus,Species,298094-1,exact_full
Bolboschoenus planiculmis (Fr. Schmidt) T.V. Egorova,Bolboschoenus planiculmis (F.Schmidt) T.V.Egorova,Accepted,Bolboschoenus planiculmis,(F.Schmidt) T.V.Egorova,Cyperaceae,Bolboschoenus,Species,298099-1,exact_name_unique
Bolboschoenus popovii T.V. Egorova,Bolboschoenus popovii T.V.Egorova,Synonym,Bolboschoenus maritimus subsp. affinis,(Roth) T.Koyama,Cyperaceae,Bolboschoenus,Subspecies,879463-1,exact_full
Bongardia chrysogonum (L.) Spach,Bongardia chrysogonum (L.) Spach,Accepted,Bongardia chrysogonum,(L.) Spach,Berberidaceae,Bongardia,Species,107222-1,exact_full
Borsczowia aralocaspica Bunge,Borsczowia aralocaspica Bunge,Synonym,Suaeda aralocaspica,(Bunge) Freitag & Schütze,Amaranthaceae,Suaeda,Species,70029759-1,exact_full
Botriochloa caucasica (Trin.) C.E. Hubb.,Bothriochloa caucasica (Trin.) C.E.Hubb.,Synonym,Bothriochloa bladhii,(Retz.) S.T.Blake,Poaceae,Bothriochloa,Species,392701-1,canon_exact
Botriochloa ischaemum (L.) H. Keng,Bothriochloa ischaemum (L.) Keng,Accepted,Bothriochloa ischaemum,(L.) Keng,Poaceae,Bothriochloa,Species,1191417-2,canon_exact
Botrychium lunaria (L.) Sw.,Botrychium lunaria (L.) Sw.,Accepted,Botrychium lunaria,(L.) Sw.,Ophioglossaceae,Botrychium,Species,30021929-2,exact_full
Brachiaria eruciformis (Sm.) Griseb.,Brachiaria eruciformis (Sm.) Griseb.,Synonym,Moorochloa eruciformis,(Sm.) Veldkamp,Poaceae,Moorochloa,Species,77065028-1,exact_full
Brachyactis ciliatum (Ledeb.) Ledeb.,Symphyotrichum ciliatum (Ledeb.) G.L.Nesom,Accepted,Symphyotrichum ciliatum,(Ledeb.) G.L.Nesom,Asteraceae,Symphyotrichum,Species,981785-1,manual_alias
Brachycodonia fastigiata (Duf. ex A. DC.) Fed.,Brachycodonia fastigiatus (Dufour ex Schult.) Fed.,Synonym,Campanula fastigiata,Dufour ex Schult.,Campanulaceae,Campanula,Species,140296-1,canon_exact
Brachypodium pinnatum (L.) Beauv.,Brachypodium pinnatum (L.) P.Beauv.,Accepted,Brachypodium pinnatum,(L.) P.Beauv.,Poaceae,Brachypodium,Species,393166-1,exact_name_unique
Brachypodium sylvaticum (Huds.) Beauv.,Brachypodium sylvaticum (Huds.) P.Beauv.,Accepted,Brachypodium sylvaticum,(Huds.) P.Beauv.,Poaceae,Brachypodium,Species,393196-1,exact_name_unique
Brachyrhamphus popovii (Krash.) Kamelin,Brachyramphus popovii (Krasch.) Kamelin,Synonym,Lagoseriopsis popovii,(Krasch.) Kirp.,Asteraceae,Lagoseriopsis,Species,228505-1,canon_exact
Brassica campestris L.,Brassica campestris L.,Synonym,Brassica rapa,L.,Brassicaceae,Brassica,Species,279485-1,exact_full
Brassica elongata Ehrh.,Brassica elongata Ehrh.,Synonym,Guenthera elongata,(Ehrh.) Besser,Brassicaceae,Guenthera,Species,284532-1,exact_full
Brassica juncea (L.) Czern.,Brassica × juncea (L.) Czern.,Synonym,× Brassarda juncea,(L.) Su Liu & Z.H.Feng,Brassicaceae,Brassarda,Species,77354001-1,manual_alias
Bromopsis fedtschenkoi (Tzvelev) Czerep.,Bromopsis fedtschenkoi (Tzvelev) Czerep.,Synonym,Bromus ramosus,Huds.,Poaceae,Bromus,Species,394052-1,exact_full
Bromus danthoniae Trin. ex C.A. Mey.,Bromus danthoniae Trin.,Accepted,Bromus danthoniae,Trin.,Poaceae,Bromus,Species,393659-1,exact_name_unique
Bromus gracillimus Bunge,Bromus gracillimus Bunge,Accepted,Bromus gracillimus,Bunge,Poaceae,Bromus,Species,928058-1,exact_full
Bromus inermis Leyss.,Bromus inermis Leyss.,Accepted,Bromus inermis,Leyss.,Poaceae,Bromus,Species,393784-1,name_multi_author_ok
Bromus japonicus Thung.,Bromus japonicus Houtt.,Accepted,Bromus japonicus,Houtt.,Poaceae,Bromus,Species,60459493-2,manual_alias
Bromus lanceolatus Roth (B. macrostachys Desf.),Bromus lanceolatus Roth,Accepted,Bromus lanceolatus,Roth,Poaceae,Bromus,Species,393818-1,exact_name_unique
Bromus oxyodon Schrenk,Bromus oxyodon Schrenk,Accepted,Bromus oxyodon,Schrenk,Poaceae,Bromus,Species,393944-1,exact_full
Bromus paulsenii Hack.,Bromus paulsenii Hack.,Accepted,Bromus paulsenii,Hack.,Poaceae,Bromus,Species,393965-1,exact_full
Bromus popovii Drob.,Bromus popovii Drobow,Synonym,Bromus racemosus,L.,Poaceae,Bromus,Species,394050-1,exact_name_unique
Bromus racemosus Huds.,Bromus racemosus L.,Accepted,Bromus racemosus,L.,Poaceae,Bromus,Species,394050-1,exact_name_unique
Bromus scoparius L.,Bromus scoparius L.,Accepted,Bromus scoparius,L.,Poaceae,Bromus,Species,394091-1,name_multi_author_ok
Bromus sericeus Drob.,Bromus sericeus Drobow,Illegitimate,Bromus moeszii,Pénzes,Poaceae,Bromus,Species,393892-1,distribution_resolved
Bromus sewerzowii Regel,Bromus sewerzowii Regel,Accepted,Bromus sewerzowii,Regel,Poaceae,Bromus,Species,394109-1,exact_full
Bromus squarrosus L.,Bromus squarrosus L.,Accepted,Bromus squarrosus,L.,Poaceae,Bromus,Species,394125-1,exact_full
Bromus sterilis L.,Bromus sterilis L.,Accepted,Bromus sterilis,L.,Poaceae,Bromus,Species,332081-2,name_multi_author_ok
Bromus tectorum L.,Bromus tectorum L.,Accepted,Bromus tectorum,L.,Poaceae,Bromus,Species,394163-1,exact_full
Bromus tytthanthus Nevski,Bromus tytthanthus Nevski,Synonym,Bromus pulchellus,Fig. & De Not.,Poaceae,Bromus,Species,394040-1,exact_full
Bromus tyttholepis Nevski,Bromus tyttholepis (Nevski) Nevski,Accepted,Bromus tyttholepis,(Nevski) Nevski,Poaceae,Bromus,Species,394203-1,exact_name_unique
Bryonia dioica Jacq.,Bryonia dioica Jacq.,Synonym,Bryonia cretica subsp. dioica,(Jacq.) Tutin,Cucurbitaceae,Bryonia,Subspecies,77200692-1,name_multi_author_ok
Bryonia melanocarpa Nabiev,Bryonia melanocarpa Nabiev,Accepted,Bryonia melanocarpa,Nabiev,Cucurbitaceae,Bryonia,Species,291641-1,exact_full
Bufonia oliveriana Sér.,Bufonia oliveriana Ser.,Accepted,Bufonia oliveriana,Ser.,Caryophyllaceae,Bufonia,Species,151975-1,exact_name_unique
Buglossoides arvensis (L.) J.M. Johnstone,Buglossoides arvensis (L.) I.M.Johnst.,Accepted,Buglossoides arvensis,(L.) I.M.Johnst.,Boraginaceae,Buglossoides,Species,113724-1,exact_name_unique
Bungea vesiculifera (Herder) Pavlov & Lipsch.,Bungea vesiculifera (Herder) Pavlov & Lipsch.,Accepted,Bungea vesiculifera,(Herder) Pavlov & Lipsch.,Orobanchaceae,Bungea,Species,800117-1,exact_full
Bunium angreni Korovin,Bunium angreni Korovin,Synonym,Elwendia angreni,(Korovin) Pimenov & Kljuykov,Apiaceae,Elwendia,Species,77128886-1,exact_full
Bunium capusii (Franch.) Korovin,Bunium capusii (Franch.) Korovin,Synonym,Elwendia capusii,(Franch.) Pimenov & Kljuykov,Apiaceae,Elwendia,Species,77128896-1,exact_full
Bunium chaerophylloides (Regel & Schmalh.) Drude,Bunium chaerophylloides (Regel & Schmalh.) Drude,Synonym,Elwendia chaerophylloides,(Regel & Schmalh.) Pimenov & Kljuykov,Apiaceae,Elwendia,Species,77128900-1,exact_full
Bunium hissaricum Korovin,Bunium hissaricum Korovin,Synonym,Elwendia hissarica,(Korovin) Pimenov & Kljuykov,Apiaceae,Elwendia,Species,77128905-1,exact_full
Bunium intermedium Korovin,Bunium intermedium Korovin,Synonym,Elwendia intermedia,(Korovin) Pimenov & Kljuykov,Apiaceae,Elwendia,Species,77128907-1,exact_full
Bunium kuhitangi Nevski,Bunium kuhitangi Nevski,Synonym,Elwendia kuhitangi,(Nevski) Pimenov & Kljuykov,Apiaceae,Elwendia,Species,77128910-1,exact_full
Bunium latilobum Korovin,Bunium latilobum Korovin,Synonym,Elwendia latiloba,(Korovin) Pimenov & Kljuykov,Apiaceae,Elwendia,Species,77128913-1,exact_full
Bunium persicum (Boiss.) B. Fedtsch.,Bunium persicum (Boiss.) B.Fedtsch.,Synonym,Elwendia persica,(Boiss.) Pimenov & Kljuykov,Apiaceae,Elwendia,Species,77128917-1,exact_full
Bunium salsum Korovin,Bunium salsum Korovin,Synonym,Elwendia salsa,(Korovin) Pimenov & Kljuykov,Apiaceae,Elwendia,Species,77128918-1,exact_full
Bunium seravschanicum Korovin,Bunium seravschanicum Korovin,Synonym,Elwendia seravschanica,(Korovin) Pimenov & Kljuykov,Apiaceae,Elwendia,Species,77128921-1,exact_full
Bunium setaceum (Schrenk) H. Wolff,Bunium setaceum (Schrenk) H.Wolff,Synonym,Elwendia setacea,(Schrenk) Pimenov & Kljuykov,Apiaceae,Elwendia,Species,77128922-1,exact_full
Bunium vaginatum Korovin,Bunium vaginatum Korovin,Synonym,Elwendia vaginata,(Korovin) Pimenov & Kljuykov,Apiaceae,Elwendia,Species,77128925-1,exact_full
Bupleurum exaltatum M. Bieb.,Bupleurum exaltatum M.Bieb.,Accepted,Bupleurum exaltatum,M.Bieb.,Apiaceae,Bupleurum,Species,839144-1,name_multi_author_ok
Bupleurum rotundifolium L.,Bupleurum rotundifolium L.,Accepted,Bupleurum rotundifolium,L.,Apiaceae,Bupleurum,Species,38361-2,name_multi_author_ok
Butomus umbellatus L.,Butomus umbellatus L.,Accepted,Butomus umbellatus,L.,Butomaceae,Butomus,Species,58290-1,exact_full
Caccinia dubia Bunge,Caccinia dubia Bunge,Accepted,Caccinia dubia,Bunge,Boraginaceae,Caccinia,Species,928014-1,exact_full
Caccinia macranthera var. glauca (Savi) Govaerts,Caccinia macranthera var. glauca (Savi) Govaerts,Synonym,Caccinia macranthera var. crassifolia,(Vent.) Brand,Boraginaceae,Caccinia,Variety,77249846-1,exact_full
Calamagrostis alaica Litv.,Calamagrostis alajica Litv.,Accepted,Calamagrostis alajica,Litv.,Poaceae,Calamagrostis,Species,394274-1,canon_exact
Calamagrostis compacta (Munro ex Hook. f.) Hack.,Calamagrostis compacta (Munro ex Duthie) Hack.,Synonym,Calamagrostis holciformis,Jaub. & Spach,Poaceae,Calamagrostis,Species,394519-1,exact_name_unique
Calamagrostis dubia Bunge,Calamagrostis dubia Bunge,Synonym,Calamagrostis pseudophragmites,(Haller f.) Koeler,Poaceae,Calamagrostis,Species,394755-1,name_multi_author_ok
Calamagrostis epigeios (L.) Roth,Calamagrostis epigejos (L.) Roth,Accepted,Calamagrostis epigejos,(L.) Roth,Poaceae,Calamagrostis,Species,394433-1,manual_alias
Calamagrostis holciformis Jaub. & Spach,Calamagrostis holciformis Jaub. & Spach,Accepted,Calamagrostis holciformis,Jaub. & Spach,Poaceae,Calamagrostis,Species,394519-1,exact_full
Calamagrostis laguroides Regel,Calamagrostis laguroides Regel,Synonym,Calamagrostis anthoxanthoides,(Munro ex Hook.f.) Regel,Poaceae,Calamagrostis,Species,394298-1,exact_full
Calamagrostis macrolepis Litv.,Calamagrostis macrolepis Litv.,Accepted,Calamagrostis macrolepis,Litv.,Poaceae,Calamagrostis,Species,394624-1,exact_full
Calamagrostis pseudophragmites (Hall. f.) Koell.,Calamagrostis pseudophragmites (Haller f.) Koeler,Accepted,Calamagrostis pseudophragmites,(Haller f.) Koeler,Poaceae,Calamagrostis,Species,394755-1,distribution_resolved
Calendula officinalis L.,Calendula officinalis L.,Accepted,Calendula officinalis,L.,Asteraceae,Calendula,Species,187894-1,exact_full
Calispepla aegacanthoides Vved.,Calispepla aegacanthoides Vved.,Synonym,Argyrolobium aegacanthoides,(Vved.) Moteetee,Fabaceae,Argyrolobium,Species,77087613-1,exact_full
Callianthemum alatavicum Freyn,Callianthemum alatavicum Freyn,Accepted,Callianthemum alatavicum,Freyn,Ranunculaceae,Callianthemum,Species,709237-1,exact_full
Calligonum acanthopterum Borszczow,Calligonum acanthopterum I.G.Borshch.,Accepted,Calligonum acanthopterum,I.G.Borshch.,Polygonaceae,Calligonum,Species,693272-1,exact_name_unique
Calligonum aphyllum (Pall.) Gürke,Calligonum aphyllum (Pall.) Gürke,Accepted,Calligonum aphyllum,(Pall.) Gürke,Polygonaceae,Calligonum,Species,693282-1,exact_full
Calligonum aralense Borszczow,Calligonum aralense I.G.Borshch.,Synonym,Calligonum leucocladum subsp. leucocladum,"",Polygonaceae,Calligonum,Subspecies,77228018-1,exact_name_unique
Calligonum arborescens Litv.,Calligonum arborescens Litv.,Accepted,Calligonum arborescens,Litv.,Polygonaceae,Calligonum,Species,693285-1,exact_full
Calligonum borsczowii Litv.,Calligonum borsczowii Litv.,Synonym,Calligonum aphyllum,(Pall.) Gürke,Polygonaceae,Calligonum,Species,693282-1,exact_full
Calligonum calcareum Pavlov,Calligonum × calcareum Pavlov,Accepted,Calligonum × calcareum,Pavlov,Polygonaceae,Calligonum,Species,693299-1,canon_exact
Calligonum caput-medusae Schrenk,Calligonum caput-medusae Schrenk ex Fisch. & C.A.Mey.,Accepted,Calligonum caput-medusae,Schrenk ex Fisch. & C.A.Mey.,Polygonaceae,Calligonum,Species,693303-1,exact_name_unique
Calligonum colubrinum Borszczow,Calligonum × colubrinum I.G.Borshch.,Synonym,Calligonum × densum,I.G.Borshch.,Polygonaceae,Calligonum,Species,693317-1,canon_exact
Calligonum densum Borszczow,Calligonum × densum I.G.Borshch.,Accepted,Calligonum × densum,I.G.Borshch.,Polygonaceae,Calligonum,Species,693317-1,canon_exact
Calligonum dubjanskyi Litv.,Calligonum × dubianskyi Litv.,Accepted,Calligonum × dubianskyi,Litv.,Polygonaceae,Calligonum,Species,693323-1,canon_exact
Calligonum elatum Litv.,Calligonum elatum Litv.,Synonym,Calligonum microcarpum,I.G.Borshch.,Polygonaceae,Calligonum,Species,693360-1,exact_full
Calligonum elegans Drobow,Calligonum elegans Drobow,Synonym,Calligonum leucocladum subsp. leucocladum,"",Polygonaceae,Calligonum,Subspecies,77228018-1,exact_full
Calligonum erinaceum Borszczow,Calligonum × erinaceum I.G.Borshch.,Synonym,Calligonum × densum,I.G.Borshch.,Polygonaceae,Calligonum,Species,693317-1,canon_exact
Calligonum eriopodum Bunge,Calligonum eriopodum Bunge,Accepted,Calligonum eriopodum,Bunge,Polygonaceae,Calligonum,Species,693328-1,exact_full
Calligonum involutum Pavlov,Calligonum involutum Pavlov,Synonym,Calligonum rubicundum,Bunge,Polygonaceae,Calligonum,Species,693401-1,exact_full
Calligonum junceum (Fisch. & C.A. Mey.) Litv.,Calligonum junceum (Fisch. & C.A.Mey.) Litv.,Accepted,Calligonum junceum,(Fisch. & C.A.Mey.) Litv.,Polygonaceae,Calligonum,Species,693346-1,exact_full
Calligonum leucocladum (Schrenk) Bunge,Calligonum leucocladum (Schrenk) Bunge,Accepted,Calligonum leucocladum,(Schrenk) Bunge,Polygonaceae,Calligonum,Species,693354-1,exact_full
Calligonum litvinovii Drobow,Calligonum litwinowii Drobow,Accepted,Calligonum litwinowii,Drobow,Polygonaceae,Calligonum,Species,693356-1,canon_exact
Calligonum macrocarpum Borszczow,Calligonum macrocarpum I.G.Borshch.,Accepted,Calligonum macrocarpum,I.G.Borshch.,Polygonaceae,Calligonum,Species,693357-1,exact_name_unique
Calligonum matteianum Drobow,Calligonum matteianum Drobow,Accepted,Calligonum matteianum,Drobow,Polygonaceae,Calligonum,Species,978271-1,exact_full
Calligonum membranaceum Litv.,Calligonum membranaceum (I.G.Borshch.) Litv.,Synonym,Calligonum aphyllum,(Pall.) Gürke,Polygonaceae,Calligonum,Species,693282-1,exact_name_unique
Calligonum microcarpum Borszczow,Calligonum microcarpum I.G.Borshch.,Accepted,Calligonum microcarpum,I.G.Borshch.,Polygonaceae,Calligonum,Species,693360-1,exact_name_unique
Calligonum molle Litv.,Calligonum molle Litv.,Synonym,Calligonum setosum,(Litv.) Litv.,Polygonaceae,Calligonum,Species,693406-1,exact_full
Calligonum murex Bunge,Calligonum murex Bunge,Accepted,Calligonum murex,Bunge,Polygonaceae,Calligonum,Species,693365-1,exact_full
Calligonum paletzkianum Litv.,Calligonum × paletzkianum Litv.,Accepted,Calligonum × paletzkianum,Litv.,Polygonaceae,Calligonum,Species,693371-1,canon_exact
Calligonum patens Litv.,Calligonum patens Litv.,Synonym,Calligonum leucocladum subsp. leucocladum,"",Polygonaceae,Calligonum,Subspecies,77228018-1,exact_full
Calligonum platyacanthum Borszczow,Calligonum × platyacanthum I.G.Borshch.,Synonym,Calligonum × densum,I.G.Borshch.,Polygonaceae,Calligonum,Species,693317-1,canon_exact
Calligonum quadraepterum Korovin ex Pavlov,Calligonum quadripterum Korovin ex Pavlov,Synonym,Calligonum leucocladum subsp. persicum,(Boiss. & Buhse) Soskov,Polygonaceae,Calligonum,Subspecies,77251453-1,canon_fuzzy1
Calligonum rigidum Litv.,Calligonum rigidum Litv.,Synonym,Calligonum aphyllum,(Pall.) Gürke,Polygonaceae,Calligonum,Species,693282-1,exact_full
Calligonum rotula Borszczow,Calligonum rotula I.G.Borshch.,Synonym,Calligonum acanthopterum f. acanthopterum,"",Polygonaceae,Calligonum,Form,77227920-1,exact_name_unique
Calligonum rubescens Mattei,Calligonum rubescens Mattei,Synonym,Calligonum mongolicum,Turcz.,Polygonaceae,Calligonum,Species,693363-1,exact_full
Calligonum setosum (Litv.) Litv.,Calligonum setosum (Litv.) Litv.,Accepted,Calligonum setosum,(Litv.) Litv.,Polygonaceae,Calligonum,Species,693406-1,exact_full
Calligonum squarrosum Pavlov,Calligonum × squarrosum Pavlov,Accepted,Calligonum × squarrosum,Pavlov,Polygonaceae,Calligonum,Species,693411-1,canon_exact
Calligonum tetrapterum Jaub. & Spach,Calligonum tetrapterum Jaub. & Spach,Accepted,Calligonum tetrapterum,Jaub. & Spach,Polygonaceae,Calligonum,Species,693415-1,exact_full
Calligonum undulatum Litv.,Calligonum undulatum Litv.,Synonym,Calligonum aphyllum,(Pall.) Gürke,Polygonaceae,Calligonum,Species,693282-1,exact_full
Calligonum zakirovii (Khalk.) Czerep.,Calligonum zakirovii (Khalk.) Czerep.,Accepted,Calligonum zakirovii,(Khalk.) Czerep.,Polygonaceae,Calligonum,Species,77221615-1,exact_full
Callipeltis aperta Boiss. & Buhse,Callipeltis aperta Boiss. & Buhse,Synonym,Callipeltis cucullaris,(L.) DC.,Rubiaceae,Callipeltis,Species,745228-1,exact_full
Callipeltis cucularia (L.) DC.,Callipeltis cucullaris (L.) DC.,Accepted,Callipeltis cucullaris,(L.) DC.,Rubiaceae,Callipeltis,Species,745228-1,canon_fuzzy1
Callitriche palustris L.,Callitriche palustris L.,Accepted,Callitriche palustris,L.,Plantaginaceae,Callitriche,Species,42511-2,exact_full
Calophaca reticulata Sumnev.,Calophaca reticulata Sumnev.,Synonym,Caragana reticosa,X.Y.Cui & Z.X.Zhang,Fabaceae,Caragana,Species,77371894-1,exact_full
Calophaca tianschanica (B. Fedtsch.) Boriss.,Calophaca tianschanica (B.Fedtsch.) Boriss.,Synonym,Caragana tianschanica,(B.Fedtsch.) Sennikov,Fabaceae,Caragana,Species,77331101-1,exact_full
Calystegia sepium (L.) R. Br.,Calystegia sepium (L.) R.Br.,Synonym,Convolvulus sepium,L.,Convolvulaceae,Convolvulus,Species,30074933-2,exact_full
Camelina microcarpa Andrz. ex DC.,Camelina microcarpa Andrz. ex DC.,Accepted,Camelina microcarpa,Andrz. ex DC.,Brassicaceae,Camelina,Species,279860-1,exact_full
Camelina rumelica Velen.,Camelina rumelica Velen.,Accepted,Camelina rumelica,Velen.,Brassicaceae,Camelina,Species,279868-1,exact_full
Campanula alberti Trautv.,Campanula alberti Trautv.,Synonym,Campanula stevenii subsp. alberti,(Trautv.) Victorov,Campanulaceae,Campanula,Subspecies,50426300-2,exact_full
Campanula cashmeriana Royle,Campanula cashmeriana Royle,Accepted,Campanula cashmeriana,Royle,Campanulaceae,Campanula,Species,140069-1,exact_full
Campanula glomerata L.,Campanula glomerata L.,Accepted,Campanula glomerata,L.,Campanulaceae,Campanula,Species,140364-1,name_multi_author_ok
Campanula incanescens Boiss.,Campanula incanescens Boiss.,Accepted,Campanula incanescens,Boiss.,Campanulaceae,Campanula,Species,140468-1,exact_full
Campanula lehmanniana Bunge,Campanula lehmanniana Bunge,Accepted,Campanula lehmanniana,Bunge,Campanulaceae,Campanula,Species,928000-1,exact_full
Camphorosma monspeliaca L.,Camphorosma monspeliaca L.,Accepted,Camphorosma monspeliaca,L.,Amaranthaceae,Camphorosma,Species,164614-1,exact_full
Cannabis sativa L.,Cannabis sativa L.,Accepted,Cannabis sativa,L.,Cannabaceae,Cannabis,Species,306087-2,exact_full
Capparis rosanowiana B. Fedtsch.,Capparis rosanowiana B.Fedtsch.,Synonym,Capparis spinosa var. herbacea,(Willd.) Fici,Capparaceae,Capparis,Variety,77142363-1,exact_full
Capparis spinosa L.,Capparis spinosa L.,Accepted,Capparis spinosa,L.,Capparaceae,Capparis,Species,146789-1,exact_full
Capsella bursa-pastoris (L.) Medik.,Capsella bursa-pastoris (L.) Medik.,Accepted,Capsella bursa-pastoris,(L.) Medik.,Brassicaceae,Capsella,Species,30092589-2,exact_full
Caragana acanthophylla Kom.,Caragana acanthophylla Kom.,Accepted,Caragana acanthophylla,Kom.,Fabaceae,Caragana,Species,483783-1,exact_full
Caragana alaica Pojark.,Caragana alaica Pojark.,Accepted,Caragana alaica,Pojark.,Fabaceae,Caragana,Species,483787-1,exact_full
Caragana arborescens Lam.,Caragana arborescens Lam.,Accepted,Caragana arborescens,Lam.,Fabaceae,Caragana,Species,483792-1,exact_full
Caragana aurantiaca Koehne,Caragana aurantiaca Koehne,Accepted,Caragana aurantiaca,Koehne,Fabaceae,Caragana,Species,483795-1,exact_full
Caragana grandiflora (M. Bieb.) DC.,Caragana grandiflora DC.,Accepted,Caragana grandiflora,DC.,Fabaceae,Caragana,Species,483836-1,exact_name_unique
Caragana jubata ( Pall.) Poir.,Caragana jubata (Pall.) Poir.,Accepted,Caragana jubata,(Pall.) Poir.,Fabaceae,Caragana,Species,483843-1,exact_full
Caragana pleiophylla (Regel) Pojark.,Caragana pleiophylla (Regel) Pojark.,Accepted,Caragana pleiophylla,(Regel) Pojark.,Fabaceae,Caragana,Species,483873-1,exact_full
Caragana turkestanica Kom.,Caragana turkestanica Kom.,Accepted,Caragana turkestanica,Kom.,Fabaceae,Caragana,Species,483916-1,exact_full
Cardamine densiflora Gontsch.,Cardamine densiflora Gontsch.,Accepted,Cardamine densiflora,Gontsch.,Brassicaceae,Cardamine,Species,977203-1,exact_full
Cardamine hirsuta L.,Cardamine hirsuta L.,Accepted,Cardamine hirsuta,L.,Brassicaceae,Cardamine,Species,280380-1,exact_full
Cardamine impatiens L.,Cardamine impatiens L.,Accepted,Cardamine impatiens,L.,Brassicaceae,Cardamine,Species,280391-1,exact_full
Carduus albidus M. Bieb.,Carduus albidus M.Bieb.,Synonym,Carduus pycnocephalus subsp. albidus,(M.Bieb.) Kazmi,Asteraceae,Carduus,Subspecies,77181563-1,exact_full
Carduus nutans L.,Carduus nutans L.,Accepted,Carduus nutans,L.,Asteraceae,Carduus,Species,188890-1,name_multi_author_ok
Carex acutiformis Ehrh.,Carex acutiformis Ehrh.,Accepted,Carex acutiformis,Ehrh.,Cyperaceae,Carex,Species,298427-1,name_multi_author_ok
Carex alexeenkoana Litv.,Carex alexeenkoana Litv.,Synonym,Carex haematostoma,Nees,Cyperaceae,Carex,Species,300051-1,exact_full
Carex aterrima Hoppe,Carex aterrima Hoppe,Accepted,Carex aterrima,Hoppe,Cyperaceae,Carex,Species,298686-1,exact_full
Carex bucharica Kuk.,Carex bucharica Kük.,Accepted,Carex bucharica,Kük.,Cyperaceae,Carex,Species,298968-1,exact_name_unique
Carex cinerea Poll.,Carex cinerea Pollich,Synonym,Carex canescens subsp. canescens,"",Cyperaceae,Carex,Subspecies,77168989-1,exact_name_unique
Carex diluta M. Bieb.,Carex diluta M.Bieb.,Accepted,Carex diluta,M.Bieb.,Cyperaceae,Carex,Species,299461-1,exact_full
Carex divisa Huds.,Carex divisa Huds.,Accepted,Carex divisa,Huds.,Cyperaceae,Carex,Species,299516-1,name_multi_author_ok
Carex enervis C.A. Mey.,Carex enervis C.A.Mey.,Accepted,Carex enervis,C.A.Mey.,Cyperaceae,Carex,Species,299629-1,name_multi_author_ok
Carex griffithii Boott,Carex griffithii Boott,Synonym,Carex nivalis,Boott,Cyperaceae,Carex,Species,324524-2,exact_full
Carex karoi Freyn,Carex karoi Freyn,Accepted,Carex karoi,Freyn,Cyperaceae,Carex,Species,300413-1,exact_full
Carex koshewnikowii Litv.,Carex koshewnikowii Litv.,Accepted,Carex koshewnikowii,Litv.,Cyperaceae,Carex,Species,300469-1,exact_full
Carex leporina L.,Carex leporina L.,Accepted,Carex leporina,L.,Cyperaceae,Carex,Species,300627-1,name_multi_author_ok
Carex litwinowii Kük.,Carex litvinovii Kük.,Accepted,Carex litvinovii,Kük.,Cyperaceae,Carex,Species,300707-1,canon_exact
Carex melanantha C.A. Mey.,Carex melanantha C.A.Mey.,Accepted,Carex melanantha,C.A.Mey.,Cyperaceae,Carex,Species,300922-1,exact_full
Carex melananthiformis Litv.,Carex melananthiformis Litv.,Accepted,Carex melananthiformis,Litv.,Cyperaceae,Carex,Species,300923-1,exact_full
Carex melanostachya M. Bieb. ex Willd.,Carex melanostachya M.Bieb. ex Willd.,Accepted,Carex melanostachya,M.Bieb. ex Willd.,Cyperaceae,Carex,Species,300934-1,exact_full
Carex microglochin Wahlenb.,Carex microglochin Wahlenb.,Accepted,Carex microglochin,Wahlenb.,Cyperaceae,Carex,Species,300975-1,exact_full
Carex orbicularis Boott,Carex orbicularis Boott,Accepted,Carex orbicularis,Boott,Cyperaceae,Carex,Species,324518-2,exact_full
Carex otrubae Podp.,Carex otrubae Podp.,Accepted,Carex otrubae,Podp.,Cyperaceae,Carex,Species,301371-1,exact_full
Carex pachystylis J. Gay,Carex pachystylis J.Gay,Accepted,Carex pachystylis,J.Gay,Cyperaceae,Carex,Species,301395-1,exact_full
Carex pamirensis Clarke ex B. Fedtsch.,Carex pamirensis C.B.Clarke,Accepted,Carex pamirensis,C.B.Clarke,Cyperaceae,Carex,Species,301417-1,exact_name_unique
Carex panicea L.,Carex panicea L.,Accepted,Carex panicea,L.,Cyperaceae,Carex,Species,301423-1,name_multi_author_ok
Carex parva Nees,Carex parva Nees,Accepted,Carex parva,Nees,Cyperaceae,Carex,Species,301449-1,exact_full
Carex physodes M. Bieb.,Carex physodes M.Bieb.,Accepted,Carex physodes,M.Bieb.,Cyperaceae,Carex,Species,301574-1,exact_full
Carex polyphylla Kar. & Kir.,Carex polyphylla Kar. & Kir.,Accepted,Carex polyphylla,Kar. & Kir.,Cyperaceae,Carex,Species,301657-1,exact_full
Carex popovii V. Krecz.,Carex popovii V.I.Krecz.,Accepted,Carex popovii,V.I.Krecz.,Cyperaceae,Carex,Species,301668-1,exact_name_unique
Carex pseudocyperus L.,Carex pseudocyperus L.,Accepted,Carex pseudocyperus,L.,Cyperaceae,Carex,Species,301736-1,exact_full
Carex pseudofoetida Kük,Carex pseudofoetida Kük.,Accepted,Carex pseudofoetida,Kük.,Cyperaceae,Carex,Species,301769-1,exact_name_unique
Carex pycnostachys Kar. & Kir.,Carex pycnostachya Kar. & Kir.,Accepted,Carex pycnostachya,Kar. & Kir.,Cyperaceae,Carex,Species,301829-1,distribution_resolved
Carex riparia Curt.,Carex riparia Curtis,Accepted,Carex riparia,Curtis,Cyperaceae,Carex,Species,30019363-2,distribution_resolved
Carex serotina Mérat,Carex serotina Mérat,Synonym,Carex oederi var. oederi,"",Cyperaceae,Carex,Variety,77172399-1,name_multi_author_ok
Carex songorica Kar. & Kir.,Carex songorica Kar. & Kir.,Illegitimate,Carex songarica,Schrenk,Cyperaceae,Carex,Species,3320463-4,exact_full
Carex stenocarpa Turcz.ex V. Krecz.,Carex stenocarpa Turcz. ex V.I.Krecz.,Accepted,Carex stenocarpa,Turcz. ex V.I.Krecz.,Cyperaceae,Carex,Species,60454334-2,exact_name_unique
Carex stenophylla subsp. stenophylloides (V. Krecz.) T.V. Egorova,Carex stenophylla subsp. stenophylloides (V.I.Krecz.) T.V.Egorova,Accepted,Carex stenophylla subsp. stenophylloides,(V.I.Krecz.) T.V.Egorova,Cyperaceae,Carex,Subspecies,879630-1,exact_name_unique
Carex subphysodes Popov ex V.Krecz.,Carex subphysodes Popov ex V.I.Krecz.,Accepted,Carex subphysodes,Popov ex V.I.Krecz.,Cyperaceae,Carex,Species,302467-1,exact_name_unique
Carex tianschanica T.V. Egorova,Carex tianschanica T.V.Egorova,Accepted,Carex tianschanica,T.V.Egorova,Cyperaceae,Carex,Species,302645-1,exact_full
Carex turkestanica Regel,Carex turkestanica Regel,Accepted,Carex turkestanica,Regel,Cyperaceae,Carex,Species,302776-1,exact_full
Carex vulpina L.,Carex vulpina L.,Accepted,Carex vulpina,L.,Cyperaceae,Carex,Species,302952-1,name_multi_author_ok
Caroxylon incanescens (C.A. Mey.) Akhani et Roalson:,Caroxylon incanescens (C.A.Mey.) Akhani & Roalson,Accepted,Caroxylon incanescens,(C.A.Mey.) Akhani & Roalson,Amaranthaceae,Caroxylon,Species,77089154-1,exact_name_unique
Carthamus gypsicola Iljin,Carthamus gypsicola Iljin,Accepted,Carthamus gypsicola,Iljin,Asteraceae,Carthamus,Species,189495-1,exact_full
Carthamus oxyacanthus M. Bieb.,Carthamus oxyacanthus M.Bieb.,Accepted,Carthamus oxyacanthus,M.Bieb.,Asteraceae,Carthamus,Species,60461534-2,exact_full
Carthamus tinctorius L.,Carthamus tinctorius L.,Accepted,Carthamus tinctorius,L.,Asteraceae,Carthamus,Species,324467-2,exact_full
Carthamus turkestanicus Popov,Carthamus turkestanicus Popov,Synonym,,,,,,,exact_full
Carum carvi L.,Carum carvi L.,Accepted,Carum carvi,L.,Apiaceae,Carum,Species,839677-1,exact_full
Catabrosa aquatica (L.) Beauv.,Catabrosa aquatica (L.) P.Beauv.,Accepted,Catabrosa aquatica,(L.) P.Beauv.,Poaceae,Catabrosa,Species,395086-1,exact_name_unique
Catabrosa capusii Franch.,Catabrosa capusii Franch.,Synonym,Catabrosa aquatica,(L.) P.Beauv.,Poaceae,Catabrosa,Species,395086-1,exact_full
Celosia argentea L.,Celosia argentea L.,Accepted,Celosia argentea,L.,Amaranthaceae,Celosia,Species,316350-2,exact_full
Celtis caucasica Willd.,Celtis caucasica Willd.,Accepted,Celtis caucasica,Willd.,Cannabaceae,Celtis,Species,851016-1,exact_full
Centaurea adpressa Ledeb.,Centaurea adpressa Ledeb.,Synonym,Centaurea scabiosa subsp. adpressa,(Ledeb.) Gugler,Asteraceae,Centaurea,Subspecies,77181180-1,exact_full
Centaurea belangeriana (DC.) Stapf,Centaurea belangeriana (DC.) Stapf,Synonym,Centaurea bruguiereana subsp. belangeriana,(DC.) Bornm.,Asteraceae,Centaurea,Subspecies,77181497-1,exact_full
Centaurea cyanus L.,Centaurea cyanus L.,Accepted,Centaurea cyanus,L.,Asteraceae,Centaurea,Species,190310-1,exact_full
Centaurea depressa M. Bieb.,Centaurea depressa M.Bieb.,Accepted,Centaurea depressa,M.Bieb.,Asteraceae,Centaurea,Species,190353-1,exact_full
Centaurea gontscharovii Iljin,Centaurea gontscharovii Iljin,Synonym,Rhaponticoides gontscharovii,(Iljin) Negaresh,Asteraceae,Rhaponticoides,Species,77202815-1,exact_full
Centaurea iberica Trevir. ex Spreng,Centaurea iberica Trevir. ex Spreng.,Accepted,Centaurea iberica,Trevir. ex Spreng.,Asteraceae,Centaurea,Species,190695-1,exact_name_unique
Centaurea lasiopoda Popov & Kult.,Centaurea lasiopoda Popov & Kult.,Synonym,Rhaponticoides lasiopoda,(Popov & Kult.) Negaresh,Asteraceae,Rhaponticoides,Species,77202813-1,exact_full
Centaurea modestii Fed.,Centaurea modesti Fed.,Synonym,Rhaponticoides modesti,(Fed.) Negaresh,Asteraceae,Rhaponticoides,Species,77202817-1,canon_exact
Centaurea ruthenica Lam.,Centaurea ruthenica Lam.,Synonym,Rhaponticoides ruthenica,(Lam.) M.V.Agab. & Greuter,Asteraceae,Rhaponticoides,Species,70029253-1,name_multi_author_ok
Centaurea solstitialis L.,Centaurea solstitialis L.,Accepted,Centaurea solstitialis,L.,Asteraceae,Centaurea,Species,191626-1,exact_full
Centaurea squarrosa Willd.,Centaurea squarrosa Willd.,Illegitimate,Centaurea virgata subsp. squarrosa,(Boiss.) Gugler,Asteraceae,Centaurea,Subspecies,77181630-1,name_multi_author_ok
Centaurea turkestanica Franch.,Centaurea turkestanica Franch.,Accepted,Centaurea turkestanica,Franch.,Asteraceae,Centaurea,Species,191828-1,exact_full
Centaurium pulchellum (Sw.) Druce,"Centaurium pulchellum (Sw.) Hayek ex Hand.-Mazz., Stadlm., Janch. & Faltis",Accepted,Centaurium pulchellum,"(Sw.) Hayek ex Hand.-Mazz., Stadlm., Janch. & Faltis",Gentianaceae,Centaurium,Species,366702-1,exact_name_unique
Centaurium pulchellum var. altaicum (Griseb.) Kitag. & H. Hara,Centaurium pulchellum var. altaicum (Griseb.) Cufod.,Accepted,Centaurium pulchellum var. altaicum,(Griseb.) Cufod.,Gentianaceae,Centaurium,Variety,77249659-1,exact_name_unique
Centaurium spicatum (L.) Fritsch ex Janch.,Centaurium spicatum (L.) Fritsch,Synonym,Schenkia spicata,(L.) G.Mans.,Gentianaceae,Schenkia,Species,77061736-1,exact_name_unique
Centaurium turcicum (Velen.ex Nyman) Bornm.,Centaurium turcicum (Velen.) Bornm.,Synonym,Centaurium erythraea subsp. turcicum,(Velen.) Melderis,Gentianaceae,Centaurium,Subspecies,880978-1,exact_name_unique
Cephalaria syriaca (L.) Schrad. ex Roem. & Schult.,Cephalaria syriaca (L.) Roem. & Schult.,Accepted,Cephalaria syriaca,(L.) Roem. & Schult.,Caprifoliaceae,Cephalaria,Species,319190-1,exact_name_unique
Cephalopodum hissaricum Pimenov,Cephalopodum hissaricum Pimenov,Accepted,Cephalopodum hissaricum,Pimenov,Apiaceae,Cephalopodum,Species,1004024-1,exact_full
Cephalorhizum oopodum Popov & Korovin,Cephalorhizum oopodum Popov & Korovin,Accepted,Cephalorhizum oopodum,Popov & Korovin,Plumbaginaceae,Cephalorhizum,Species,686545-1,exact_full
Cephalorrhynchus soongaricus (Regel) Kovalevsk.,Cephalorrhynchus soongoricus (Regel) Kovalevsk.,Synonym,Cicerbita songarica,(Regel) Krasch.,Asteraceae,Cicerbita,Species,194493-1,canon_fuzzy1
Cephalorrhynchus subplumosus Kovalevsk.,Cephalorrhynchus subplumosus Kovalevsk.,Synonym,Cicerbita subplumosa,"(Kovalevsk.) M.Güzel, Coșkunç. & N.Kilian",Asteraceae,Cicerbita,Species,77216109-1,exact_full
Cerastium arvense L.,Cerastium arvense L.,Accepted,Cerastium arvense,L.,Caryophyllaceae,Cerastium,Species,329786-2,name_multi_author_ok
Cerastium borisii Zakirov,Cerastium borisii Zakirov,Accepted,Cerastium borisii,Zakirov,Caryophyllaceae,Cerastium,Species,152111-1,exact_full
Cerastium bungeanum Vved.,Cerastium bungeanum Vved.,Synonym,Cerastium falcatum,(Gren.) Bunge ex Fenzl,Caryophyllaceae,Cerastium,Species,152240-1,exact_full
Cerastium cerastoides (L.) Britt.,Cerastium cerastoides (L.) Britton,Synonym,Dichodon cerastoides,(L.) Rchb.,Caryophyllaceae,Dichodon,Species,154055-1,exact_name_unique
Cerastium davuricum Fisch. ex Spreng.,Cerastium davuricum Fisch. ex Spreng.,Accepted,Cerastium davuricum,Fisch. ex Spreng.,Caryophyllaceae,Cerastium,Species,152198-1,exact_full
Cerastium dichotomum L.,Cerastium dichotomum L.,Accepted,Cerastium dichotomum,L.,Caryophyllaceae,Cerastium,Species,152205-1,exact_full
Cerastium glomeratum Thuill.,Cerastium glomeratum Thuill.,Accepted,Cerastium glomeratum,Thuill.,Caryophyllaceae,Cerastium,Species,152274-1,exact_full
Cerastium holosteoides Fries,Cerastium holosteoides Fr.,Accepted,Cerastium holosteoides,Fr.,Caryophyllaceae,Cerastium,Species,152312-1,exact_name_unique
Cerastium inflatum Link ex Desf.,Cerastium inflatum Link ex Gren.,Accepted,Cerastium inflatum,Link ex Gren.,Caryophyllaceae,Cerastium,Species,77221776-1,ambiguous_same_target
Cerastium lithospermifolium Fisch.,Cerastium lithospermifolium Fisch.,Accepted,Cerastium lithospermifolium,Fisch.,Caryophyllaceae,Cerastium,Species,152377-1,name_multi_author_ok
Cerastium pentandrum L.,Cerastium pentandrum L.,Synonym,Cerastium semidecandrum,L.,Caryophyllaceae,Cerastium,Species,152623-1,exact_full
Cerastium perfoliatum L.,Cerastium perfoliatum L.,Accepted,Cerastium perfoliatum,L.,Caryophyllaceae,Cerastium,Species,152516-1,exact_full
Cerastium pusillum Ser.,Cerastium pusillum Ser.,Accepted,Cerastium pusillum,Ser.,Caryophyllaceae,Cerastium,Species,152556-1,exact_full
Cerastium taschkendicum Adylov & Vved.,Cerastium taschkendicum Adylov & Vved.,Accepted,Cerastium taschkendicum,Adylov & Vved.,Caryophyllaceae,Cerastium,Species,152692-1,exact_full
Cerasus alaica Pojark.,Cerasus alaica Pojark.,Synonym,Prunus alaica,(Pojark.) Gilli,Rosaceae,Prunus,Species,729422-1,exact_full
Cerasus amygdaliflora Nevski,Cerasus amygdaliflora Nevski,Synonym,Prunus verrucosa,Franch.,Rosaceae,Prunus,Species,730408-1,exact_full
Cerasus mahaleb (L.) Mill.,Cerasus mahaleb (L.) Mill.,Synonym,Prunus mahaleb,L.,Rosaceae,Prunus,Species,729931-1,exact_full
Cerasus tianschanica Pojark.,Cerasus tianshanica Pojark.,Synonym,Prunus griffithii var. tianshanica,(Pojark.) Ingram,Rosaceae,Prunus,Variety,77252319-1,canon_exact
Cerasus verrucosa (Franch.) Nevski,Cerasus verrucosa (Franch.) Nevski,Synonym,Prunus verrucosa,Franch.,Rosaceae,Prunus,Species,730408-1,exact_full
Cerasus vulgaris Mill.,Cerasus vulgaris Mill.,Synonym,Prunus cerasus,L.,Rosaceae,Prunus,Species,729574-1,exact_full
Ceratocarpus arenarius L.,Ceratocarpus arenarius L.,Accepted,Ceratocarpus arenarius,L.,Amaranthaceae,Ceratocarpus,Species,164656-1,exact_full
Ceratocarpus utriculosus Bluket ex Krylov,Ceratocarpus utriculosus Bluket ex Krylov,Synonym,Ceratocarpus arenarius,L.,Amaranthaceae,Ceratocarpus,Species,164656-1,exact_full
Ceratocephala falcata (L.) Pers.,Ceratocephala falcata (L.) Cramer,Synonym,Ranunculus falcatus,L.,Ranunculaceae,Ranunculus,Species,712680-1,exact_name_unique
Ceratocephala testiculata (Crantz) Besser,Ceratocephala testiculata (Crantz) Besser,Synonym,Ranunculus testiculatus,Crantz,Ranunculaceae,Ranunculus,Species,713966-1,exact_full
Ceratoides ewersmanniana (Stschegl. ex Losinsk.) Botsch. & Ikonn.,Ceratoides eversmanniana (Stschegl. ex I.G.Borshch.) Botsch. & Ikonn.,Synonym,Krascheninnikovia ceratoides,(L.) Gueldenst.,Amaranthaceae,Krascheninnikovia,Species,166043-1,canon_exact
Ceratoides latens (J.F. Gmel.) Reveal & Holmgren,Ceratoides latens Reveal & N.H.Holmgren,Illegitimate,Krascheninnikovia ceratoides,(L.) Gueldenst.,Amaranthaceae,Krascheninnikovia,Species,166043-1,exact_name_unique
Ceratophyllum demersum L.,Ceratophyllum demersum L.,Accepted,Ceratophyllum demersum,L.,Ceratophyllaceae,Ceratophyllum,Species,30006047-2,exact_full
Ceratophyllum submersum L.,Ceratophyllum submersum L.,Accepted,Ceratophyllum submersum,L.,Ceratophyllaceae,Ceratophyllum,Species,163088-1,exact_full
Cercis griffithii Boiss.,Cercis griffithii Boiss.,Accepted,Cercis griffithii,Boiss.,Fabaceae,Cercis,Species,485678-1,exact_full
Ceterach officinarum Willd.,Ceterach officinarum Willd.,Synonym,Asplenium ceterach,L.,Aspleniaceae,Asplenium,Species,17040860-1,exact_full
Chaenorhinum spicatum Korovin,Chaenorhinum spicatum Korovin,Synonym,Holzneria spicata,(Korovin) Speta,Plantaginaceae,Holzneria,Species,910753-1,exact_full
Chaetolimon limbatum Lincz.,Chaetolimon limbatum Lincz.,Synonym,Acantholimon limbatum,(Lincz.) Sennikov,Plumbaginaceae,Acantholimon,Species,77297085-1,exact_full
Chaetolimon setiferum (Bunge) Lincz.,Chaetolimon setiferum (Bunge) Lincz.,Synonym,Acantholimon setiferum,Bunge,Plumbaginaceae,Acantholimon,Species,686138-1,exact_full
Chalcanthus renifolius Boiss.,Chalcanthus renifolius (Boiss. & Hohen.) Boiss.,Synonym,Eutrema renifolium,"(Boiss. & Hohen.) Al-Shehbaz, G.Q.Hao & J.Quan Liu",Brassicaceae,Eutrema,Species,77164531-1,exact_name_unique
Chamaenerion angustifolium (L.) Scop.,Chamaenerion angustifolium (L.) Scop.,Synonym,Epilobium angustifolium,L.,Onagraceae,Epilobium,Species,92411-2,exact_full
Chamaenerion latifolium (L.) Sweet,Chamaenerion latifolium (L.) Sweet,Synonym,Epilobium latifolium,L.,Onagraceae,Epilobium,Species,92536-2,exact_full
Chamaesphacos ilicifolius Schrenk,Chamaesphacos ilicifolius Schrenk ex Fisch. & C.A.Mey.,Synonym,Stachys ilicifolius,(Schrenk ex Fisch. & C.A.Mey.) Sennikov,Lamiaceae,Stachys,Species,77331120-1,exact_name_unique
Chamomilla recutita (L.) Rauschert,Chamomilla recutita (L.) Rauschert,Synonym,Matricaria chamomilla,L.,Asteraceae,Matricaria,Species,154715-2,exact_full
Chardinia orientalis (L.) Kuntze,Chardinia orientalis (L.) Kuntze,Accepted,Chardinia orientalis,(L.) Kuntze,Asteraceae,Chardinia,Species,192686-1,exact_full
Chartoloma platycarpum Bunge,Chartoloma platycarpum (Bunge) Bunge,Accepted,Chartoloma platycarpum,(Bunge) Bunge,Brassicaceae,Chartoloma,Species,280881-1,exact_name_unique
Cheilanthes persica (Bory) Mett. ex Kuhn,Cheilanthes persica (Bory) Mett.,Synonym,Hemionitis persica,(Bory) Christenh.,Pteridaceae,Hemionitis,Species,77183091-1,exact_name_unique
Chelidonium majus L.,Chelidonium majus L.,Accepted,Chelidonium majus,L.,Papaveraceae,Chelidonium,Species,303589-2,exact_full
Chenopodium album L.,Chenopodium album L.,Accepted,Chenopodium album,L.,Amaranthaceae,Chenopodium,Species,55993-2,name_multi_author_ok
Chenopodium botrys L.,Chenopodium botrys L.,Synonym,Dysphania botrys,(L.) Mosyakin & Clemants,Amaranthaceae,Dysphania,Species,1076147-2,exact_full
Chenopodium chenopodioides (L.) Aellen,Chenopodium chenopodioides (L.) Aellen,Synonym,Oxybasis chenopodioides,"(L.) S.Fuentes, Uotila & Borsch",Amaranthaceae,Oxybasis,Species,77121017-1,exact_full
Chenopodium foliosum Aschers.,Chenopodium foliosum Asch.,Synonym,Blitum virgatum,L.,Amaranthaceae,Blitum,Species,164548-1,exact_name_unique
Chenopodium glaucum L.,Chenopodium glaucum L.,Synonym,Oxybasis glauca,"(L.) S.Fuentes, Uotila & Borsch",Amaranthaceae,Oxybasis,Species,77121014-1,exact_full
Chenopodium hybridum L.,Chenopodium hybridum L.,Synonym,Chenopodiastrum hybridum,"(L.) S.Fuentes, Uotila & Borsch",Amaranthaceae,Chenopodiastrum,Species,77121009-1,exact_full
Chenopodium murale L.,Chenopodium murale L.,Synonym,Chenopodiastrum murale,"(L.) S.Fuentes, Uotila & Borsch",Amaranthaceae,Chenopodiastrum,Species,77121007-1,exact_full
Chenopodium rubrum L.,Chenopodium rubrum L.,Synonym,Oxybasis rubra,"(L.) S.Fuentes, Uotila & Borsch",Amaranthaceae,Oxybasis,Species,77121013-1,exact_full
Chenopodium serotinum L.,Chenopodium serotinum L.,Synonym,Atriplex tatarica var. tatarica,"",Amaranthaceae,Atriplex,Variety,77228297-1,name_multi_author_ok
Chenopodium urbicum L.,Chenopodium urbicum L.,Synonym,Oxybasis urbica,"(L.) S.Fuentes, Uotila & Borsch",Amaranthaceae,Oxybasis,Species,77121015-1,exact_full
Chenopodium vulvaria L.,Chenopodium vulvaria L.,Accepted,Chenopodium vulvaria,L.,Amaranthaceae,Chenopodium,Species,165311-1,exact_full
Chesneya borissovae Pavlov,Chesneya borissovii Pavlov,Accepted,Chesneya borissovii,Pavlov,Fabaceae,Chesneya,Species,486131-1,canon_exact
Chesneya crassipes Boriss.,Chesneya crassipes Boriss.,Accepted,Chesneya crassipes,Boriss.,Fabaceae,Chesneya,Species,486132-1,exact_full
Chesneya hissarica Boriss.,Chesneya hissarica Boriss.,Accepted,Chesneya hissarica,Boriss.,Fabaceae,Chesneya,Species,986488-1,exact_full
Chesneya quinata Al. Fed.,Chesneya quinata Fed.,Accepted,Chesneya quinata,Fed.,Fabaceae,Chesneya,Species,486155-1,exact_name_unique
Chesneya ternata (Korsh.) Popov,Chesneya ternata (Korsh.) Popov,Accepted,Chesneya ternata,(Korsh.) Popov,Fabaceae,Chesneya,Species,486159-1,exact_full
Chesneya tribuloides Nevski,Chesneya tribuloides Nevski,Accepted,Chesneya tribuloides,Nevski,Fabaceae,Chesneya,Species,486160-1,exact_full
Chesneya trijuga Boriss.,Chesneya trijuga Boriss.,Accepted,Chesneya trijuga,Boriss.,Fabaceae,Chesneya,Species,486161-1,exact_full
Chesneya turkestanica Franch.,Chesneya turkestanica Franch.,Accepted,Chesneya turkestanica,Franch.,Fabaceae,Chesneya,Species,486162-1,exact_full
Chloris virgata Sw.,Chloris virgata Sw.,Accepted,Chloris virgata,Sw.,Poaceae,Chloris,Species,396063-1,name_multi_author_ok
Chondrilla aspera (Schrad. ex Will.) Poir.,Chondrilla aspera Poir.,Accepted,Chondrilla aspera,Poir.,Asteraceae,Chondrilla,Species,328820-2,exact_name_unique
Chondrilla gibbirostris Popov,Chondrilla gibbirostris Popov,Accepted,Chondrilla gibbirostris,Popov,Asteraceae,Chondrilla,Species,77222192-1,exact_full
Chondrilla lejosperma Kar. & Kir.,Chondrilla lejosperma Kar. & Kir.,Accepted,Chondrilla lejosperma,Kar. & Kir.,Asteraceae,Chondrilla,Species,192930-1,exact_full
Chondrilla macrocarpa Leonova,Chondrilla macrocarpa Leonova,Accepted,Chondrilla macrocarpa,Leonova,Asteraceae,Chondrilla,Species,192938-1,exact_full
Chondrilla maracandica Bunge,Chondrilla maracandica Bunge,Accepted,Chondrilla maracandica,Bunge,Asteraceae,Chondrilla,Species,192939-1,exact_full
Chondrilla pauciflora Ledeb.,Chondrilla pauciflora Ledeb.,Illegitimate,Chondrilla kossinskyi,Iljin,Asteraceae,Chondrilla,Species,192922-1,name_multi_author_ok
Chondrilla tenuiramosa U.P. Pratov & Tagaev,Chondrilla tenuiramosa U.P.Pratov & Tagaev,Accepted,Chondrilla tenuiramosa,U.P.Pratov & Tagaev,Asteraceae,Chondrilla,Species,973627-1,exact_full
Chorispora bungeana Fisch. & C.A. Mey.,Chorispora bungeana Fisch. & C.A.Mey.,Accepted,Chorispora bungeana,Fisch. & C.A.Mey.,Brassicaceae,Chorispora,Species,281233-1,exact_full
Chorispora elegans Cambess.,Chorispora elegans Cambess.,Synonym,Chorispora sabulosa,Cambess.,Brassicaceae,Chorispora,Species,281247-1,exact_full
Chorispora macropoda Trautv.,Chorispora macropoda Trautv.,Accepted,Chorispora macropoda,Trautv.,Brassicaceae,Chorispora,Species,281242-1,exact_full
Chorispora songarica Schrenk,Chorispora songarica Schrenk,Accepted,Chorispora songarica,Schrenk,Brassicaceae,Chorispora,Species,281250-1,exact_full
Chorispora tenella (Pall.) DC.,Chorispora tenella (Pall.) DC.,Accepted,Chorispora tenella,(Pall.) DC.,Brassicaceae,Chorispora,Species,281254-1,exact_full
Chrozophora cordifolia Pazij,Chrozophora cordifolia Pazij,Synonym,Chrozophora tinctoria,(L.) A.Juss.,Euphorbiaceae,Chrozophora,Species,340969-1,exact_full
Chrozophora gracilis Fisch. & C.A. Mey. ex Ledeb.,Chrozophora gracilis Fisch. & C.A.Mey. ex Ledeb.,Synonym,Chrozophora sabulosa,Kar. & Kir.,Euphorbiaceae,Chrozophora,Species,340964-1,exact_full
Chrozophora hierosolymitana Spreng.,Chrozophora hierosolymitana Spreng.,Synonym,Chrozophora tinctoria,(L.) A.Juss.,Euphorbiaceae,Chrozophora,Species,340969-1,exact_full
Chrozophora lepidocarpa Pazij,Chrozophora lepidocarpa Pazij,Synonym,Chrozophora tinctoria,(L.) A.Juss.,Euphorbiaceae,Chrozophora,Species,340969-1,exact_full
Chrozophora obliqua (Vahl) A. Juss. ex Spreng.,Chrozophora obliqua (Vahl) A.Juss. ex Spreng.,Synonym,Chrozophora tinctoria,(L.) A.Juss.,Euphorbiaceae,Chrozophora,Species,340969-1,name_multi_author_ok
Chrozophora sabulosa Kar. & Kir.,Chrozophora sabulosa Kar. & Kir.,Accepted,Chrozophora sabulosa,Kar. & Kir.,Euphorbiaceae,Chrozophora,Species,340964-1,exact_full
Chrysanthemum coronatum L.,Chrysanthemum coronatum Dum.Cours.,Illegitimate,Glebionis coronaria,(L.) Cass. ex Spach,Asteraceae,Glebionis,Species,1013480-1,exact_name_unique
Chrysaspis campestris (Schreb.) Desv.,Chrysaspis campestris (Schreb.) Desv.,Synonym,Trifolium campestre,Schreb.,Fabaceae,Trifolium,Species,522975-1,exact_full
Cicer acanthophyllum Boiss.,Cicer acanthophyllum Boriss.,Accepted,Cicer acanthophyllum,Boriss.,Fabaceae,Cicer,Species,486332-1,exact_name_unique
Cicer flexuosum Lipsky,Cicer flexuosum Lipsky,Accepted,Cicer flexuosum,Lipsky,Fabaceae,Cicer,Species,486348-1,exact_full
Cicer grande (Popov) Korotkova,Cicer grande (Popov) Korotkova,Accepted,Cicer grande,(Popov) Korotkova,Fabaceae,Cicer,Species,486353-1,exact_full
Cicer incanum Korotkova,Cicer incanum Korotkova,Accepted,Cicer incanum,Korotkova,Fabaceae,Cicer,Species,486356-1,exact_full
Cicer macracanthum Popov,Cicer macracanthum Popov,Accepted,Cicer macracanthum,Popov,Fabaceae,Cicer,Species,486366-1,exact_full
Cicer mogoltavicum (Popov) A.S. Korol.,Cicer mogoltavicum (Popov) A.S.Korol.,Accepted,Cicer mogoltavicum,(Popov) A.S.Korol.,Fabaceae,Cicer,Species,986375-1,exact_full
Cicer multijugum Maesen,Cicer multijugum Maesen,Accepted,Cicer multijugum,Maesen,Fabaceae,Cicer,Species,486371-1,name_multi_author_ok
Cicer paucijugum Nevski,Cicer paucijugum (Popov) Nevski,Accepted,Cicer paucijugum,(Popov) Nevski,Fabaceae,Cicer,Species,486376-1,exact_name_unique
Cicer pungens Boiss.,Cicer pungens Boiss.,Accepted,Cicer pungens,Boiss.,Fabaceae,Cicer,Species,486383-1,exact_full
Cicer songaricum Steph. ex DC.,Cicer songaricum Stephan ex DC.,Accepted,Cicer songaricum,Stephan ex DC.,Fabaceae,Cicer,Species,486390-1,distribution_resolved
Cichorium intybus L.,Cichorium intybus L.,Accepted,Cichorium intybus,L.,Asteraceae,Cichorium,Species,194533-1,exact_full
Cirsium alatum (S.C. Gmel.) Bobrov,Cirsium alatum (S.G.Gmel.) Bobrov,Accepted,Cirsium alatum,(S.G.Gmel.) Bobrov,Asteraceae,Cirsium,Species,194972-1,exact_name_unique
Cirsium arvense (L.) Scop.,Cirsium arvense (L.) Scop.,Accepted,Cirsium arvense,(L.) Scop.,Asteraceae,Cirsium,Species,195034-1,exact_full
Cirsium brevipapposum Tscherneva,Cirsium brevipapposum Tschern.,Accepted,Cirsium brevipapposum,Tschern.,Asteraceae,Cirsium,Species,195102-1,exact_name_unique
Cirsium esculentum (Siev.) C.A. Mey.,Cirsium esculentum (Siev.) C.A.Mey.,Accepted,Cirsium esculentum,(Siev.) C.A.Mey.,Asteraceae,Cirsium,Species,195326-1,exact_full
Cirsium glabrifolium (C. Winkl.) O. & B. Fedtsch.,Cirsium × glabrifolium (C.Winkl.) Petr.,Accepted,Cirsium × glabrifolium,(C.Winkl.) Petr.,Asteraceae,Cirsium,Species,195397-1,canon_exact
Cirsium incanum (S.G. Gmel.) Fisch.,Cirsium incanum (S.G.Gmel.) Fisch. ex M.Bieb.,Synonym,Cirsium arvense var. vestitum,Wimm. & Grab.,Asteraceae,Cirsium,Variety,77180992-1,exact_name_unique
Cirsium ochrolepideum Juz.,Cirsium ochrolepidium Juz.,Synonym,Cirsium arvense var. arvense,"",Asteraceae,Cirsium,Variety,77231604-1,canon_fuzzy1
Cirsium polyacanthum Kar. & Kir.,Cirsium polyacanthum Kar. & Kir.,Synonym,Cirsium sieversii,(Fisch. & C.A.Mey.) Petr.,Asteraceae,Cirsium,Species,77181639-1,name_multi_author_ok
Cirsium semenovii Regel,Cirsium semenowii Regel,Accepted,Cirsium semenowii,Regel,Asteraceae,Cirsium,Species,195976-1,canon_exact
Cirsium turkestanicum (Regel) Petr.,Cirsium turkestanicum Petr.,Accepted,Cirsium turkestanicum,Petr.,Asteraceae,Cirsium,Species,196146-1,exact_name_unique
Cirsium vulgare (Savi) Ten.,Cirsium vulgare (Savi) Ten.,Accepted,Cirsium vulgare,(Savi) Ten.,Asteraceae,Cirsium,Species,196191-1,exact_full
Cistanche ambigua (Bunge) Beck,Cistanche ambigua (Bunge) Beck,Synonym,Cistanche salsa,(C.A.Mey.) Beck,Orobanchaceae,Cistanche,Species,661966-1,exact_full
Cistanche flava (C.A. Mey.) Korsh.,Cistanche flava (C.A.Mey.) Korsh.,Accepted,Cistanche flava,(C.A.Mey.) Korsh.,Orobanchaceae,Cistanche,Species,77112551-1,exact_full
Cistanche mongolica Beck,Cistanche mongolica Beck,Accepted,Cistanche mongolica,Beck,Orobanchaceae,Cistanche,Species,661963-1,exact_full
Cistanche ridgewayana Aitch. & Hemsl.,Cistanche ridgewayana Aitch. & Hemsl.,Accepted,Cistanche ridgewayana,Aitch. & Hemsl.,Orobanchaceae,Cistanche,Species,77103687-1,exact_full
Cistanche salsa (C.A. Mey.) Beck,Cistanche salsa (C.A.Mey.) Beck,Accepted,Cistanche salsa,(C.A.Mey.) Beck,Orobanchaceae,Cistanche,Species,661966-1,exact_full
Cithareloma lehmannii Bunge,Cithareloma lehmannii Bunge,Accepted,Cithareloma lehmannii,Bunge,Brassicaceae,Cithareloma,Species,281291-1,exact_full
Cithareloma vernum Bunge,Cithareloma vernum Bunge,Accepted,Cithareloma vernum,Bunge,Brassicaceae,Cithareloma,Species,281293-1,exact_full
Cladium martii (Roem. & Schult). K. Richt.,Cladium martii (Roem. & Schult.) K.Richt.,Synonym,Cladium mariscus subsp. mariscus,"",Cyperaceae,Cladium,Subspecies,77170002-1,exact_name_unique
Clematis orientalis L.,Clematis orientalis L.,Accepted,Clematis orientalis,L.,Ranunculaceae,Clematis,Species,60392-2,exact_full
Clematis songorica Bunge,Clematis songorica Bunge,Accepted,Clematis songorica,Bunge,Ranunculaceae,Clematis,Species,710074-1,exact_full
Clementsia semenovii (Regel & Herder) Boriss.,Clementsia semenovii (Regel & Herder) Boriss.,Synonym,Rhodiola semenovii,(Regel & Herder) Boriss.,Crassulaceae,Rhodiola,Species,274874-1,exact_full
Cleome fimbriata Vicary,Cleome fimbriata Vicary,Accepted,Cleome fimbriata,Vicary,Cleomaceae,Cleome,Species,147037-1,exact_full
Cleome gordjaginii Popov,Cleome gordjaginii Popov,Accepted,Cleome gordjaginii,Popov,Cleomaceae,Cleome,Species,147065-1,exact_full
Cleome lipskyi Popov,Cleome lipskyi Popov,Accepted,Cleome lipskyi,Popov,Cleomaceae,Cleome,Species,147145-1,exact_full
Cleome quinquenervia DC.,Cleome quinquenervia DC.,Accepted,Cleome quinquenervia,DC.,Cleomaceae,Cleome,Species,147271-1,exact_full
Cleome tomentella Popov,Cleome tomentella Popov,Accepted,Cleome tomentella,Popov,Cleomaceae,Cleome,Species,147351-1,exact_full
Climacoptera amblyostegia Botsch.,Climacoptera amblyostegia (Botsch.) Botsch.,Accepted,Climacoptera amblyostegia,(Botsch.) Botsch.,Amaranthaceae,Climacoptera,Species,165326-1,exact_name_unique
Climacoptera aralensis (Iljin) Botsch.,Climacoptera aralensis (Iljin) Botsch.,Accepted,Climacoptera aralensis,(Iljin) Botsch.,Amaranthaceae,Climacoptera,Species,165327-1,exact_full
Climacoptera brachiata (Pall.) Botsch.,Climacoptera brachiata (Pall.) Botsch.,Synonym,Pyankovia brachiata,(Pall.) Akhani & Roalson,Amaranthaceae,Pyankovia,Species,77089207-1,exact_full
Climacoptera bucharica (Iljin) Botsch.,Climacoptera bucharica (Iljin) Botsch.,Accepted,Climacoptera bucharica,(Iljin) Botsch.,Amaranthaceae,Climacoptera,Species,165329-1,exact_full
Climacoptera crassa (M. Bieb.) Botsch.,Climacoptera crassa (M.Bieb.) Botsch.,Accepted,Climacoptera crassa,(M.Bieb.) Botsch.,Amaranthaceae,Climacoptera,Species,165330-1,exact_full
Climacoptera ferganica (Drobow) Botsch.,Climacoptera ferganica (Drobow) Botsch.,Accepted,Climacoptera ferganica,(Drobow) Botsch.,Amaranthaceae,Climacoptera,Species,165331-1,exact_full
Climacoptera intricata (Iljin) Botsch.,Climacoptera intricata (Iljin) Botsch.,Accepted,Climacoptera intricata,(Iljin) Botsch.,Amaranthaceae,Climacoptera,Species,165332-1,exact_full
Climacoptera lachnophylla (Iljin) Botsch.,Climacoptera lachnophylla (Iljin) Botsch.,Accepted,Climacoptera lachnophylla,(Iljin) Botsch.,Amaranthaceae,Climacoptera,Species,165335-1,exact_full
Climacoptera lanata (Pall.) Botsch.,Climacoptera lanata (Pall.) Botsch.,Accepted,Climacoptera lanata,(Pall.) Botsch.,Amaranthaceae,Climacoptera,Species,165336-1,exact_full
Climacoptera longistylosa (Iljin) Botsch.,Climacoptera longistylosa (Iljin) Botsch.,Accepted,Climacoptera longistylosa,(Iljin) Botsch.,Amaranthaceae,Climacoptera,Species,165337-1,exact_full
Climacoptera malyginii (Korovin ex Botsch.) Botsch.,Climacoptera malyginii (Korovin ex Botsch.) Botsch.,Accepted,Climacoptera malyginii,(Korovin ex Botsch.) Botsch.,Amaranthaceae,Climacoptera,Species,165338-1,exact_full
Climacoptera merkulowiczii (Zakirov) Botsch.,Climacoptera merculowitschii (Zakirov) Botsch.,Accepted,Climacoptera merculowitschii,(Zakirov) Botsch.,Amaranthaceae,Climacoptera,Species,165339-1,canon_exact
Climacoptera minkvitziae (Korovin) Botsch.,Climacoptera minkvitziae (Korovin) Botsch.,Accepted,Climacoptera minkvitziae,(Korovin) Botsch.,Amaranthaceae,Climacoptera,Species,165340-1,exact_full
Climacoptera olgae (Iljin) Botsch.,Climacoptera olgae (Iljin) Botsch.,Accepted,Climacoptera olgae,(Iljin) Botsch.,Amaranthaceae,Climacoptera,Species,165342-1,exact_full
Climacoptera oxyphylla U.P. Pratov,Climacoptera oxyphylla U.P.Pratov,Accepted,Climacoptera oxyphylla,U.P.Pratov,Amaranthaceae,Climacoptera,Species,930767-1,exact_full
Climacoptera pjataevae U.P. Pratov,Climacoptera pjataevae U.P.Pratov,Accepted,Climacoptera pjataevae,U.P.Pratov,Amaranthaceae,Climacoptera,Species,930760-1,exact_full
Climacoptera ptiloptera U.P. Pratov,Climacoptera ptiloptera U.P.Pratov,Accepted,Climacoptera ptiloptera,U.P.Pratov,Amaranthaceae,Climacoptera,Species,930766-1,exact_full
Climacoptera sukaczevii Botsch.,Climacoptera sukaczevii Botsch.,Accepted,Climacoptera sukaczevii,Botsch.,Amaranthaceae,Climacoptera,Species,165345-1,exact_full
Climacoptera transoxana (Iljin) Botsch.,Climacoptera transoxana (Iljin) Botsch.,Accepted,Climacoptera transoxana,(Iljin) Botsch.,Amaranthaceae,Climacoptera,Species,165346-1,exact_full
Climacoptera turcomanica (Litv.) Botsch.,Climacoptera turcomanica (Litv.) Botsch.,Accepted,Climacoptera turcomanica,(Litv.) Botsch.,Amaranthaceae,Climacoptera,Species,165347-1,exact_full
Clinopodium integerrimum Boriss.,Clinopodium integerrimum Boriss.,Accepted,Clinopodium integerrimum,Boriss.,Lamiaceae,Clinopodium,Species,445803-1,exact_full
Clypeola aspera (Grauer) Turrill,Clypeola aspera (Weber) Turrill,Accepted,Clypeola aspera,(Weber) Turrill,Brassicaceae,Clypeola,Species,281316-1,exact_name_unique
Clypeola jonthlaspi L.,Clypeola jonthlaspi L.,Accepted,Clypeola jonthlaspi,L.,Brassicaceae,Clypeola,Species,281341-1,exact_full
Cnicus benidictus L.,Cnicus benedictus L.,Synonym,Centaurea benedicta,(L.) L.,Asteraceae,Centaurea,Species,190024-1,manual_alias
"Codonopsis bactriana F.O. Khass.,U.H. Kodyrov & A. Myrz.","Codonopsis bactriana F.O.Khass., U.Kodyrov & A.Myrz.",Accepted,Codonopsis bactriana,"F.O.Khass., U.Kodyrov & A.Myrz.",Campanulaceae,Codonopsis,Species,77197087-1,exact_name_unique
Codonopsis clematidea (Schrenk) C.B. Clarke,Codonopsis clematidea (Schrenk) C.B.Clarke,Accepted,Codonopsis clematidea,(Schrenk) C.B.Clarke,Campanulaceae,Codonopsis,Species,141783-1,exact_full
Colchicum kesselringii Regel,Colchicum kesselringii Regel,Accepted,Colchicum kesselringii,Regel,Colchicaceae,Colchicum,Species,60454025-2,exact_full
Colchicum luteum Baker,Colchicum luteum Baker,Accepted,Colchicum luteum,Baker,Colchicaceae,Colchicum,Species,533333-1,exact_full
Colpodium altaicum Trin.,Colpodium altaicum Trin.,Synonym,Paracolpodium altaicum,(Trin.) Tzvelev,Poaceae,Paracolpodium,Species,413689-1,exact_full
Colpodium humile (M. Bieb.) Griseb.,Colpodium humile (M.Bieb.) Griseb.,Synonym,Catabrosella humilis,(M.Bieb.) Tzvelev,Poaceae,Catabrosella,Species,395144-1,name_multi_author_ok
Colpodium ornatum Nevski,Colpodium ornatum Nevski,Synonym,Catabrosella humilis,(M.Bieb.) Tzvelev,Poaceae,Catabrosella,Species,395144-1,exact_full
Colpodium parviflorum Boiss. & Buhse,Colpodium parviflorum Boiss. & Buhse,Synonym,Catabrosella parviflora,(Boiss. & Buhse) E.B.Alexeev ex R.R.Mill,Poaceae,Catabrosella,Species,905826-1,exact_full
Colutea brachyptera Sumnev.,Colutea brachyptera Sumnev.,Accepted,Colutea brachyptera,Sumnev.,Fabaceae,Colutea,Species,978708-1,exact_full
Colutea jarmolenkoi Shap.,Colutea jamnolenkoi Shap.,Accepted,Colutea jamnolenkoi,Shap.,Fabaceae,Colutea,Species,486847-1,manual_alias
Colutea orbiculata Sumnev.,Colutea orbiculata Sumnev.,Synonym,,,,,,,exact_full
Colutea paulsenii Freyn & Sint.,Colutea paulsenii Freyn,Accepted,Colutea paulsenii,Freyn,Fabaceae,Colutea,Species,486864-1,exact_name_unique
Conioselinum schugnanicum B. Fedtsch.,Conioselinum schugnanicum B.Fedtsch.,Synonym,Conioselinum tataricum,Hoffm.,Apiaceae,Conioselinum,Species,840650-1,exact_full
Conioselinum tataricum Fisch. ex Hoffm.,Conioselinum tataricum Hoffm.,Accepted,Conioselinum tataricum,Hoffm.,Apiaceae,Conioselinum,Species,840650-1,exact_name_unique
Conium maculatum L.,Conium maculatum L.,Accepted,Conium maculatum,L.,Apiaceae,Conium,Species,840668-1,exact_full
Conringia clavata Boiss.,Conringia clavata Boiss.,Synonym,Plagioloba perfoliata,(C.A.Mey.) D.A.German & Al-Shehbaz,Brassicaceae,Plagioloba,Species,77313759-1,exact_full
Conringia orientalis (L.) C. Presl,Conringia orientalis (L.) C.Presl,Accepted,Conringia orientalis,(L.) C.Presl,Brassicaceae,Conringia,Species,60455373-2,exact_full
Conringia persica Boiss.,Conringia persica Boiss.,Synonym,Plagioloba persica,(Boiss.) Khosravi & Eslami-Farouji,Brassicaceae,Plagioloba,Species,77317660-1,exact_full
Conringia planisiliqua Fisch. & C.A. Mey.,Conringia planisiliqua Fisch. & C.A.Mey.,Synonym,Iljinskaea planisiliqua,"(Fisch. & C.A.Mey.) Al-Shehbaz, Özüdoğru & D.A.German",Brassicaceae,Iljinskaea,Species,77219034-1,exact_full
Convolvulus afanassievii Luferov,Convolvulus afanassievii Luferov,Synonym,Convolvulus divaricatus,Regel & Schmalh.,Convolvulaceae,Convolvulus,Species,266134-1,exact_full
Convolvulus arvensis L.,Convolvulus arvensis L.,Accepted,Convolvulus arvensis,L.,Convolvulaceae,Convolvulus,Species,265849-1,exact_full
Convolvulus divaricatus Regel & Schmalh.,Convolvulus divaricatus Regel & Schmalh.,Accepted,Convolvulus divaricatus,Regel & Schmalh.,Convolvulaceae,Convolvulus,Species,266134-1,exact_full
Convolvulus erinaceus Ledeb.,Convolvulus erinaceus Ledeb.,Accepted,Convolvulus erinaceus,Ledeb.,Convolvulaceae,Convolvulus,Species,266173-1,name_multi_author_ok
Convolvulus fruticosus Pall.,Convolvulus fruticosus Pall.,Accepted,Convolvulus fruticosus,Pall.,Convolvulaceae,Convolvulus,Species,266235-1,exact_full
Convolvulus hamadae (Vved.) Petrov,Convolvulus hamadae (Vved.) Petrov,Accepted,Convolvulus hamadae,(Vved.) Petrov,Convolvulaceae,Convolvulus,Species,266301-1,exact_full
Convolvulus korolkowii Regel & Schmalh.,Convolvulus korolkowii Regel & Schmalh.,Synonym,Convolvulus eremophilus,Boiss. & Buhse,Convolvulaceae,Convolvulus,Species,266171-1,exact_full
Convolvulus krauseanus Regel & Schmalh.,Convolvulus krauseanus Regel & Schmalh.,Accepted,Convolvulus krauseanus,Regel & Schmalh.,Convolvulaceae,Convolvulus,Species,266427-1,exact_full
Convolvulus lineatus L.,Convolvulus lineatus L.,Accepted,Convolvulus lineatus,L.,Convolvulaceae,Convolvulus,Species,266477-1,name_multi_author_ok
Convolvulus olgae Regel & Schmalh.,Convolvulus olgae Regel & Schmalh.,Synonym,Convolvulus leiocalycinus var. leiocalycinus,"",Convolvulaceae,Convolvulus,Variety,77172802-1,exact_full
Convolvulus pilosellifolius Desr.,Convolvulus pilosellifolius Desr.,Accepted,Convolvulus pilosellifolius,Desr.,Convolvulaceae,Convolvulus,Species,266759-1,exact_full
Convolvulus pseudocantabrica Schrenk,Convolvulus pseudocantabrica Schrenk ex Fisch. & C.A.Mey.,Accepted,Convolvulus pseudocantabrica,Schrenk ex Fisch. & C.A.Mey.,Convolvulaceae,Convolvulus,Species,266800-1,exact_name_unique
Convolvulus spinifer Popov,Convolvulus spinifer Popov,Accepted,Convolvulus spinifer,Popov,Convolvulaceae,Convolvulus,Species,267022-1,exact_full
Convolvulus subhirsutus Regel & Schmalh.,Convolvulus subhirsutus Regel & Schmalh.,Synonym,Convolvulus dorycnium subsp. subhirsutus,(Regel & Schmalh.) Sa'ad,Convolvulaceae,Convolvulus,Subspecies,77189161-1,exact_full
Convolvulus tschimganicus Popov & Vved.,Convolvulus tschimganicus Popov & Vved.,Accepted,Convolvulus tschimganicus,Popov & Vved.,Convolvulaceae,Convolvulus,Species,267145-1,exact_full
Conyza canadensis (L.) Cronq.,Conyza canadensis (L.) Cronquist,Synonym,Erigeron canadensis,L.,Asteraceae,Erigeron,Species,203653-1,exact_name_unique
Coriandrum sativum L.,Coriandrum sativum L.,Accepted,Coriandrum sativum,L.,Apiaceae,Coriandrum,Species,840760-1,exact_full
Corispermum aralocaspicum Iljin,Corispermum aralocaspicum Iljin,Accepted,Corispermum aralocaspicum,Iljin,Amaranthaceae,Corispermum,Species,165361-1,exact_full
Corispermum heptapotamicum Iljin,Corispermum heptapotamicum Iljin,Accepted,Corispermum heptapotamicum,Iljin,Amaranthaceae,Corispermum,Species,165393-1,exact_full
Corispermum korovinii Iljin,Corispermum korovinii Iljin,Accepted,Corispermum korovinii,Iljin,Amaranthaceae,Corispermum,Species,165407-1,exact_full
Corispermum lehmannianum Bunge,Corispermum lehmannianum Bunge,Accepted,Corispermum lehmannianum,Bunge,Amaranthaceae,Corispermum,Species,165411-1,exact_full
Corispermum papillosum (Kuntze) Iljin,Corispermum papillosum (Kuntze) Iljin,Accepted,Corispermum papillosum,(Kuntze) Iljin,Amaranthaceae,Corispermum,Species,165428-1,exact_full
Corispermum piliferum Iljin,Corispermum piliferum Iljin,Accepted,Corispermum piliferum,Iljin,Amaranthaceae,Corispermum,Species,165434-1,exact_full
Cornulaca korshinskyi Litv.,Cornulaca korshinskyi Litv.,Accepted,Cornulaca korshinskyi,Litv.,Amaranthaceae,Cornulaca,Species,165478-1,exact_full
Coronaria coriacea (Moench) Schischk. ex Gorschk.,Coronaria coriacea (Moench) Schischk. ex Gorschk.,Synonym,Silene coronaria,(L.) Clairv.,Caryophyllaceae,Silene,Species,60461121-2,exact_full
Cortusa turkestanica Losinsk.,Cortusa turkestanica Losinsk.,Synonym,Primula matthioli subsp. turkestanica,(Losinsk.) Kovt.,Primulaceae,Primula,Subspecies,77138829-1,exact_full
Corydalis aitchisonii Popov,Corydalis aitchisonii Popov,Accepted,Corydalis aitchisonii,Popov,Papaveraceae,Corydalis,Species,672049-1,exact_full
Corydalis darwasica Regel ex Prain,Corydalis darwasica Regel ex Prain,Accepted,Corydalis darwasica,Regel ex Prain,Papaveraceae,Corydalis,Species,60442639-2,exact_full
Corydalis glaucescens Regel,Corydalis glaucescens Regel,Accepted,Corydalis glaucescens,Regel,Papaveraceae,Corydalis,Species,672247-1,exact_full
Corydalis gortschakovii Schrenk,Corydalis gortschakovii Schrenk ex Fisch. & C.A.Mey.,Accepted,Corydalis gortschakovii,Schrenk ex Fisch. & C.A.Mey.,Papaveraceae,Corydalis,Species,672250-1,distribution_resolved
Corydalis halleri (Willd.) Willd.,Corydalis halleri (Willd.) Willd.,Synonym,Corydalis solida subsp. solida,"",Papaveraceae,Corydalis,Subspecies,77229663-1,exact_full
Corydalis ledebouriana Kar. & Kir.,Corydalis ledebouriana Kar. & Kir.,Accepted,Corydalis ledebouriana,Kar. & Kir.,Papaveraceae,Corydalis,Species,672328-1,exact_full
Corydalis maracandica Michajlova,Corydalis maracandica Michajlova,Accepted,Corydalis maracandica,Michajlova,Papaveraceae,Corydalis,Species,934031-1,exact_full
Corydalis nevskii Popov,Corydalis nevskii Popov,Synonym,Corydalis aitchisonii subsp. aitchisonii,"",Papaveraceae,Corydalis,Subspecies,77229761-1,exact_full
Corydalis nudicaulis Regel,Corydalis nudicaulis Regel,Accepted,Corydalis nudicaulis,Regel,Papaveraceae,Corydalis,Species,672387-1,exact_full
Corydalis paniculigera Regel & Schmalh.,Corydalis paniculigera Regel & Schmalh.,Accepted,Corydalis paniculigera,Regel & Schmalh.,Papaveraceae,Corydalis,Species,672413-1,exact_full
Corydalis popovii Nevski,Corydalis popovii Nevski ex Popov,Accepted,Corydalis popovii,Nevski ex Popov,Papaveraceae,Corydalis,Species,672428-1,distribution_resolved
Corydalis pseudostricta Popov,Corydalis pseudostricta Popov,Accepted,Corydalis pseudostricta,Popov,Papaveraceae,Corydalis,Species,672450-1,exact_full
Corydalis ruksansii Lidén,Corydalis ruksansii Lidén,Accepted,Corydalis ruksansii,Lidén,Papaveraceae,Corydalis,Species,960249-1,exact_full
Corydalis sangardanica Mikhailova,Corydalis sangardanica Mikhailova,Accepted,Corydalis sangardanica,Mikhailova,Papaveraceae,Corydalis,Species,77157857-1,exact_full
Corydalis schanginii (Pall.) B.Fedtsch.,Corydalis schanginii (Pall.) B.Fedtsch.,Accepted,Corydalis schanginii,(Pall.) B.Fedtsch.,Papaveraceae,Corydalis,Species,672487-1,exact_full
Corydalis schelesnowiana Regel & Schmalh.,Corydalis schelesnowiana Regel & Schmalh.,Accepted,Corydalis schelesnowiana,Regel & Schmalh.,Papaveraceae,Corydalis,Species,672488-1,exact_full
Corydalis sewerzowii Regel,Corydalis sewerzowii Regel,Accepted,Corydalis sewerzowii,Regel,Papaveraceae,Corydalis,Species,672498-1,exact_full
Corydalis stricta Steph. ex DC.,Corydalis stricta Stephan ex DC.,Accepted,Corydalis stricta,Stephan ex DC.,Papaveraceae,Corydalis,Species,672521-1,exact_name_unique
Cotoneaster allochrous Pojark.,Cotoneaster allochrous Pojark.,Accepted,Cotoneaster allochrous,Pojark.,Rosaceae,Cotoneaster,Species,722405-1,exact_full
Cotoneaster discolor Pojark.,Cotoneaster discolor Pojark.,Synonym,Cotoneaster nummularius,Fisch. & C.A.Mey.,Rosaceae,Cotoneaster,Species,722607-1,exact_full
Cotoneaster goloskokovii Pojark.,Cotoneaster goloskokovii Pojark.,Accepted,Cotoneaster goloskokovii,Pojark.,Rosaceae,Cotoneaster,Species,722506-1,exact_full
Cotoneaster hissaricus Pojark.,Cotoneaster hissaricus Pojark.,Accepted,Cotoneaster hissaricus,Pojark.,Rosaceae,Cotoneaster,Species,722518-1,exact_full
Cotoneaster insignis Pojark.,Cotoneaster insignis Pojark.,Accepted,Cotoneaster insignis,Pojark.,Rosaceae,Cotoneaster,Species,722534-1,exact_full
Cotoneaster integerrimus Medik.,Cotoneaster integerrimus Medik.,Accepted,Cotoneaster integerrimus,Medik.,Rosaceae,Cotoneaster,Species,722536-1,exact_full
Cotoneaster melanocarpus Fisch. ex Blytt,Cotoneaster melanocarpus (Bunge) Fisch. ex Loudon,Synonym,Cotoneaster laxiflorus,J.Jacq. ex Lindl.,Rosaceae,Cotoneaster,Species,722561-1,exact_name_unique
Cotoneaster multiflorus Bunge,Cotoneaster multiflorus Bunge,Accepted,Cotoneaster multiflorus,Bunge,Rosaceae,Cotoneaster,Species,722592-1,name_multi_author_ok
Cotoneaster nitens Rehd & Wils.,Cotoneaster nitens Rehder & E.H.Wilson,Accepted,Cotoneaster nitens,Rehder & E.H.Wilson,Rosaceae,Cotoneaster,Species,722603-1,exact_name_unique
Cotoneaster nummularioides Pojark.,Cotoneaster nummularioides Pojark.,Accepted,Cotoneaster nummularioides,Pojark.,Rosaceae,Cotoneaster,Species,722609-1,exact_full
Cotoneaster nummularius Fisch. & C.A. Mey.,Cotoneaster nummularius Fisch. & C.A.Mey.,Accepted,Cotoneaster nummularius,Fisch. & C.A.Mey.,Rosaceae,Cotoneaster,Species,722607-1,name_multi_author_ok
Cotoneaster oliganthus Pojark.,Cotoneaster oliganthus Pojark.,Accepted,Cotoneaster oliganthus,Pojark.,Rosaceae,Cotoneaster,Species,722615-1,exact_full
Cotoneaster pojarkovae Zakirov,Cotoneaster pojarkovae Zakirov,Accepted,Cotoneaster pojarkovae,Zakirov,Rosaceae,Cotoneaster,Species,722634-1,exact_full
Cotoneaster roborowskii Pojark.,Cotoneaster roborowskii Pojark.,Accepted,Cotoneaster roborowskii,Pojark.,Rosaceae,Cotoneaster,Species,722658-1,exact_full
Cotoneaster simonsii Baker.,Cotoneaster simonsii Baker,Accepted,Cotoneaster simonsii,Baker,Rosaceae,Cotoneaster,Species,722682-1,exact_name_unique
Cotoneaster soongoricus (Regel & Herder) Popov,Cotoneaster soongoricus (Regel & Herder) Popov,Accepted,Cotoneaster soongoricus,(Regel & Herder) Popov,Rosaceae,Cotoneaster,Species,722686-1,exact_full
Cotoneaster suavis Pojark.,Cotoneaster suavis Pojark.,Accepted,Cotoneaster suavis,Pojark.,Rosaceae,Cotoneaster,Species,722695-1,exact_full
Cotoneaster subacutus Pojark.,Cotoneaster subacutus Pojark.,Accepted,Cotoneaster subacutus,Pojark.,Rosaceae,Cotoneaster,Species,722696-1,exact_full
Cousinia adenophora Juz.,Cousinia adenophora Juz.,Accepted,Cousinia adenophora,Juz.,Asteraceae,Cousinia,Species,198623-1,exact_full
Cousinia alaica Juz. ex Tscherneva,Cousinia alaica Juz. ex Tscherneva,Accepted,Cousinia alaica,Juz. ex Tscherneva,Asteraceae,Cousinia,Species,198635-1,exact_full
Cousinia alata Schrenk,Cousinia alata Schrenk ex Fisch. & C.A.Mey.,Accepted,Cousinia alata,Schrenk ex Fisch. & C.A.Mey.,Asteraceae,Cousinia,Species,198636-1,exact_name_unique
Cousinia allolepis Tscherneva & Vved.,Cousinia allolepis Tscherneva & Vved.,Accepted,Cousinia allolepis,Tscherneva & Vved.,Asteraceae,Cousinia,Species,198647-1,exact_full
Cousinia alpina Bunge,Cousinia alpina Bunge,Accepted,Cousinia alpina,Bunge,Asteraceae,Cousinia,Species,198650-1,exact_full
Cousinia ambigens Juz.,Cousinia ambigens Juz.,Accepted,Cousinia ambigens,Juz.,Asteraceae,Cousinia,Species,198654-1,exact_full
Cousinia amoena C. Winkl.,Cousinia amoena C.Winkl.,Accepted,Cousinia amoena,C.Winkl.,Asteraceae,Cousinia,Species,198656-1,exact_full
Cousinia angreni Juz.,Cousinia angrenii Juz.,Accepted,Cousinia angrenii,Juz.,Asteraceae,Cousinia,Species,198660-1,canon_exact
Cousinia anomala Franch.,Cousinia anomala Franch.,Synonym,Arctium anomalum,(Franch.) Kuntze,Asteraceae,Arctium,Species,178275-1,exact_full
Cousinia astracanica (Spreng.) Tamamsch.,Cousinia astracanica (Biehler) Tamamsch.,Accepted,Cousinia astracanica,(Biehler) Tamamsch.,Asteraceae,Cousinia,Species,198686-1,exact_name_unique
Cousinia aurea C. Winkl.,Cousinia aurea C.Winkl.,Synonym,Arctium aureum,Kuntze,Asteraceae,Arctium,Species,178285-1,exact_full
Cousinia bobrovii Juz.,Cousinia bobrovii Juz.,Accepted,Cousinia bobrovii,Juz.,Asteraceae,Cousinia,Species,198719-1,exact_full
Cousinia bonvalotii Franch.,Cousinia bonvalotii Franch.,Accepted,Cousinia bonvalotii,Franch.,Asteraceae,Cousinia,Species,198721-1,exact_full
Cousinia botschantzevii Juz. ex Tscherneva,Cousinia botschantzevii Juz. ex Tscherneva,Accepted,Cousinia botschantzevii,Juz. ex Tscherneva,Asteraceae,Cousinia,Species,198723-1,exact_full
Cousinia bungeana Regel & Schmalh.,Cousinia bungeana Regel & Schmalh.,Accepted,Cousinia bungeana,Regel & Schmalh.,Asteraceae,Cousinia,Species,198729-1,exact_full
Cousinia butkovii Tscherneva & Vved.,Cousinia butkovii Tschern. & Vved.,Accepted,Cousinia butkovii,Tschern. & Vved.,Asteraceae,Cousinia,Species,198731-1,exact_name_unique
Cousinia caespitosa C. Winkl.,Cousinia caespitosa C.Winkl.,Accepted,Cousinia caespitosa,C.Winkl.,Asteraceae,Cousinia,Species,198734-1,exact_full
Cousinia campyloraphis Tscherneva,Cousinia campylaraphis Tschern.,Accepted,Cousinia campylaraphis,Tschern.,Asteraceae,Cousinia,Species,198744-1,canon_fuzzy1
Cousinia candicans Juz.,Cousinia candicans Juz.,Accepted,Cousinia candicans,Juz.,Asteraceae,Cousinia,Species,198746-1,exact_full
Cousinia carduncelloidea Regel & Schmalh.,Cousinia carduncelloidea Regel & Schmalh.,Accepted,Cousinia carduncelloidea,Regel & Schmalh.,Asteraceae,Cousinia,Species,198753-1,exact_full
Cousinia chlorantha Kult.,Cousinia chlorantha Kult.,Synonym,Arctium chloranthum,"(Kult.) S.López, Romasch., Susanna & N.Garcia",Asteraceae,Arctium,Species,77112844-1,exact_full
Cousinia chrysantha Kult.,Cousinia chrysantha Kult.,Accepted,Cousinia chrysantha,Kult.,Asteraceae,Cousinia,Species,198779-1,exact_full
Cousinia congesta Bunge,Cousinia congesta Bunge,Accepted,Cousinia congesta,Bunge,Asteraceae,Cousinia,Species,198789-1,exact_full
Cousinia coronata Franch.,Cousinia coronata Franch.,Accepted,Cousinia coronata,Franch.,Asteraceae,Cousinia,Species,198793-1,exact_full
Cousinia decurrentifolia Juz. ex Tscherneva,Cousinia decurrentifolia Juz. ex Tscherneva,Accepted,Cousinia decurrentifolia,Juz. ex Tscherneva,Asteraceae,Cousinia,Species,198816-1,exact_full
Cousinia dichotoma Bunge,Cousinia dichotoma Bunge,Accepted,Cousinia dichotoma,Bunge,Asteraceae,Cousinia,Species,198821-1,exact_full
Cousinia dichromata Kult.,Cousinia dichromata Kult.,Accepted,Cousinia dichromata,Kult.,Asteraceae,Cousinia,Species,198823-1,exact_full
Cousinia dimoana Kult.,Cousinia dimoana Kult.,Accepted,Cousinia dimoana,Kult.,Asteraceae,Cousinia,Species,198825-1,exact_full
Cousinia dissectifolia Kult.,Cousinia dissectifolia Kult.,Accepted,Cousinia dissectifolia,Kult.,Asteraceae,Cousinia,Species,198830-1,exact_full
Cousinia dolichoclada Juz.,Cousinia dolichoclada Juz.,Accepted,Cousinia dolichoclada,Juz.,Asteraceae,Cousinia,Species,198832-1,exact_full
Cousinia dolichophylla Kult.,Cousinia dolichophylla Kult.,Synonym,Arctium dolichophyllum,"(Kult.) S.López, Romasch., Susanna & N.Garcia",Asteraceae,Arctium,Species,77112857-1,exact_full
Cousinia dshisakensis Kult.,Cousinia dshisakensis Kult.,Accepted,Cousinia dshisakensis,Kult.,Asteraceae,Cousinia,Species,198837-1,exact_full
Cousinia dubia Popov,Cousinia dubia Popov,Accepted,Cousinia dubia,Popov,Asteraceae,Cousinia,Species,198839-1,exact_full
Cousinia egregia Kult.,Cousinia egregia Juz.,Synonym,Arctium egregium,"(Juz.) S.López, Romasch., Susanna & N.Garcia",Asteraceae,Arctium,Species,77112858-1,exact_name_unique
Cousinia erectispina Tscherneva,Cousinia erectispina Tscherneva,Accepted,Cousinia erectispina,Tscherneva,Asteraceae,Cousinia,Species,198854-1,exact_full
Cousinia eriotricha Juz.,Cousinia eriotricha Juz.,Accepted,Cousinia eriotricha,Juz.,Asteraceae,Cousinia,Species,198862-1,exact_full
Cousinia eugenii Kult.,Cousinia eugenii Kult.,Accepted,Cousinia eugenii,Kult.,Asteraceae,Cousinia,Species,198868-1,exact_full
Cousinia fallax C. Winkl.,Cousinia fallax C.Winkl.,Accepted,Cousinia fallax,C.Winkl.,Asteraceae,Cousinia,Species,198875-1,exact_full
Cousinia fascicularis Juz.,Cousinia fascicularis Juz.,Accepted,Cousinia fascicularis,Juz.,Asteraceae,Cousinia,Species,198877-1,exact_full
Cousinia ferganensis Bornm.,Cousinia ferghanensis Bornm.,Accepted,Cousinia ferghanensis,Bornm.,Asteraceae,Cousinia,Species,198880-1,canon_exact
Cousinia fetissowii C. Winkl.,Cousinia fetissowii C.Winkl.,Accepted,Cousinia fetissowii,C.Winkl.,Asteraceae,Cousinia,Species,198883-1,exact_full
Cousinia finitima Juz.,Cousinia finitima Juz.,Accepted,Cousinia finitima,Juz.,Asteraceae,Cousinia,Species,198884-1,exact_full
Cousinia franchetii C. Winkl.,Cousinia franchetii C.Winkl.,Accepted,Cousinia franchetii,C.Winkl.,Asteraceae,Cousinia,Species,198891-1,exact_full
Cousinia glabriseta Kult.,Cousinia glabriseta Kult.,Accepted,Cousinia glabriseta,Kult.,Asteraceae,Cousinia,Species,198909-1,exact_full
Cousinia glaphyrocephala Jux. ex Tscherneva,Cousinia glaphyrocephala Juz. ex Tscherneva,Accepted,Cousinia glaphyrocephala,Juz. ex Tscherneva,Asteraceae,Cousinia,Species,198912-1,exact_name_unique
Cousinia gnezdilloi Tscherneva,Cousinia gnezdilloi Tschern.,Accepted,Cousinia gnezdilloi,Tschern.,Asteraceae,Cousinia,Species,198919-1,exact_name_unique
Cousinia gontscharovii Juz.,Cousinia gontscharowii Juz.,Accepted,Cousinia gontscharowii,Juz.,Asteraceae,Cousinia,Species,198921-1,canon_exact
Cousinia grisea Kult.,Cousinia grisea Kult.,Accepted,Cousinia grisea,Kult.,Asteraceae,Cousinia,Species,198931-1,exact_full
Cousinia haesitabunda Juz.,Cousinia haesitabunda Juz.,Synonym,Arctium haesitabundum,"(Juz.) S.López, Romasch., Susanna & N.Garcia",Asteraceae,Arctium,Species,77112845-1,exact_full
Cousinia hamadae Juz.,Cousinia hamadae Juz.,Accepted,Cousinia hamadae,Juz.,Asteraceae,Cousinia,Species,77101990-1,exact_full
Cousinia haplophilla Tscherneva,Cousinia hoplophylla Tschern.,Accepted,Cousinia hoplophylla,Tschern.,Asteraceae,Cousinia,Species,198963-1,canon_fuzzy1
Cousinia horrescens Juz.,Cousinia horrescens Juz.,Synonym,Arctium horrescens,"(Juz.) S.López, Romasch., Susanna & N.Garcia",Asteraceae,Arctium,Species,77112867-1,exact_full
Cousinia horridula Juz.,Cousinia horridula Juz.,Accepted,Cousinia horridula,Juz.,Asteraceae,Cousinia,Species,198967-1,name_multi_author_ok
Cousinia integrifolia Franch.,Cousinia integrifolia Franch.,Accepted,Cousinia integrifolia,Franch.,Asteraceae,Cousinia,Species,198986-1,exact_full
Cousinia juzepczukii Tscherneva,Cousinia juzepczukii Tscherneva,Accepted,Cousinia juzepczukii,Tscherneva,Asteraceae,Cousinia,Species,198998-1,exact_full
Cousinia karatavica Regel & Schmalh.,Cousinia karatavica Regel & Schmalh.,Synonym,Arctium karatavicum,(Regel & Schmalh.) Kuntze,Asteraceae,Arctium,Species,178376-1,exact_full
Cousinia kokanica Regel & Schmalh.,Cousinia kokanica Regel & Schmalh.,Accepted,Cousinia kokanica,Regel & Schmalh.,Asteraceae,Cousinia,Species,199016-1,exact_full
Cousinia korolkowii Regel & Schmalh.,Cousinia korolkowi Regel & Schmalh.,Synonym,Arctium korolkowii,Kuntze,Asteraceae,Arctium,Species,178380-1,canon_exact
Cousinia krauseana Regel & Schmalh.,Cousinia krauseana Regel & Schmalh.,Accepted,Cousinia krauseana,Regel & Schmalh.,Asteraceae,Cousinia,Species,199027-1,exact_full
Cousinia kuekenthalii Bornm.,Cousinia kuekenthalii Bornm.,Accepted,Cousinia kuekenthalii,Bornm.,Asteraceae,Cousinia,Species,199028-1,exact_full
Cousinia laetevirens C. Winkl.,Cousinia laetevirens C.Winkl.,Accepted,Cousinia laetevirens,C.Winkl.,Asteraceae,Cousinia,Species,199035-1,exact_full
Cousinia lanata C. Winkl.,Cousinia lanata C.Winkl.,Accepted,Cousinia lanata,C.Winkl.,Asteraceae,Cousinia,Species,199038-1,exact_full
Cousinia laniceps Juz.,Cousinia laniceps (Bornm.) Juz.,Accepted,Cousinia laniceps,(Bornm.) Juz.,Asteraceae,Cousinia,Species,199040-1,exact_name_unique
Cousinia lappacea Schrenk,Cousinia lappacea Schrenk ex Fisch. & C.A.Mey.,Synonym,Arctium lappaceum,(Schrenk ex Fisch. & C.A.Mey.) Kuntze,Asteraceae,Arctium,Species,178387-1,exact_name_unique
Cousinia leptacantha Juz.,Cousinia leptacantha Rech.f. & Köie,Synonym,Cousinia tenuispina,Rech.f.,Asteraceae,Cousinia,Species,199377-1,exact_name_unique
Cousinia leptacma Tschern.,Cousinia leptacma Tschern.,Accepted,Cousinia leptacma,Tschern.,Asteraceae,Cousinia,Species,199052-1,exact_full
Cousinia leptoclada M. Kult.,Cousinia leptoclada Kult.,Accepted,Cousinia leptoclada,Kult.,Asteraceae,Cousinia,Species,199055-1,exact_name_unique
Cousinia leptocladoides Tscherneva,Cousinia leptocladoides Tschern.,Accepted,Cousinia leptocladoides,Tschern.,Asteraceae,Cousinia,Species,199056-1,exact_name_unique
Cousinia litvinovii Kult.,,,,,,,,,not_found
Cousinia macilenta C. Winkl.,Cousinia macilenta C.Winkl.,Synonym,Arctium macilentum,"(C.Winkl.) S.López, Romasch., Susanna & N.Garcia",Asteraceae,Arctium,Species,77112861-1,exact_full
Cousinia maracandica Juz.,Cousinia maracandica Juz.,Accepted,Cousinia maracandica,Juz.,Asteraceae,Cousinia,Species,199086-1,exact_full
Cousinia medians Juz.,Cousinia medians Juz.,Synonym,Arctium medians,"(Juz.) S.López, Romasch., Susanna & N.Garcia",Asteraceae,Arctium,Species,77112846-1,exact_full
Cousinia microcarpa Boiss.,Cousinia microcarpa Boiss.,Accepted,Cousinia microcarpa,Boiss.,Asteraceae,Cousinia,Species,199099-1,exact_full
Cousinia mogoltavica Tscherneva & Vved.,Cousinia mogoltavica Tschern. & Vved.,Accepted,Cousinia mogoltavica,Tschern. & Vved.,Asteraceae,Cousinia,Species,199109-1,exact_name_unique
Cousinia mollis Schrenk,Cousinia mollis Schrenk,Accepted,Cousinia mollis,Schrenk,Asteraceae,Cousinia,Species,199110-1,exact_full
Cousinia neglecta Juz.,Cousinia neglecta Juz.,Accepted,Cousinia neglecta,Juz.,Asteraceae,Cousinia,Species,199123-1,exact_full
Cousinia newesskiana Winkl.,Cousinia newesskyana C.Winkl.,Accepted,Cousinia newesskyana,C.Winkl.,Asteraceae,Cousinia,Species,199128-1,canon_exact
Cousinia ninae Juz.,Cousinia ninae Juz.,Accepted,Cousinia ninae,Juz.,Asteraceae,Cousinia,Species,199129-1,exact_full
Cousinia olgae Regel & Schmalh.,Cousinia olgae Regel & Schmalh.,Accepted,Cousinia olgae,Regel & Schmalh.,Asteraceae,Cousinia,Species,199140-1,exact_full
Cousinia omphalodes Tscherneva,Cousinia omphalodes Tscherneva,Accepted,Cousinia omphalodes,Tscherneva,Asteraceae,Cousinia,Species,199145-1,exact_full
Cousinia oopoda Juz.,Cousinia oopoda Juz.,Accepted,Cousinia oopoda,Juz.,Asteraceae,Cousinia,Species,199149-1,exact_full
Cousinia orthacantha Tscherneva,Cousinia orthacantha Tscherneva,Accepted,Cousinia orthacantha,Tscherneva,Asteraceae,Cousinia,Species,199156-1,exact_full
Cousinia ortholepis Juz.,Cousinia ortholepis Juz. ex Tscherneva,Accepted,Cousinia ortholepis,Juz. ex Tscherneva,Asteraceae,Cousinia,Species,199158-1,exact_name_unique
Cousinia outichaschensis Franch.,Cousinia outichaschensis Franch.,Accepted,Cousinia outichaschensis,Franch.,Asteraceae,Cousinia,Species,199161-1,exact_full
Cousinia oxiana Tscherneva,Cousinia oxiana Tscherneva,Accepted,Cousinia oxiana,Tscherneva,Asteraceae,Cousinia,Species,199163-1,exact_full
Cousinia pannosa C. Winkl.,Cousinia pannosa C.Winkl.,Accepted,Cousinia pannosa,C.Winkl.,Asteraceae,Cousinia,Species,199170-1,exact_full
Cousinia patentispina Tscherneva,Cousinia patentispina Tscherneva,Accepted,Cousinia patentispina,Tscherneva,Asteraceae,Cousinia,Species,199175-1,exact_full
Cousinia pauciramosa Kult.,Cousinia pauciramosa Kult.,Accepted,Cousinia pauciramosa,Kult.,Asteraceae,Cousinia,Species,199177-1,exact_full
Cousinia pentacanthoides Juz. ex Tscherneva,Cousinia pentacanthoides Juz. ex Tscherneva,Synonym,Arctium pentacanthoides,"(Juz. ex Tscherneva) S.López, Romasch., Susanna & N.Garcia",Asteraceae,Arctium,Species,77112868-1,exact_full
Cousinia perovskiensis (Bornm) Juz. ex Tscherneva,Cousinia perovskiensis (Bornm.) Juz. ex Tschern.,Accepted,Cousinia perovskiensis,(Bornm.) Juz. ex Tschern.,Asteraceae,Cousinia,Species,199186-1,exact_name_unique
"Cousinia platylepis Fisch., C.A. Mey. & Avé-Lall.","Cousinia platylepis Fisch., C.A.Mey. & Avé-Lall.",Accepted,Cousinia platylepis,"Fisch., C.A.Mey. & Avé-Lall.",Asteraceae,Cousinia,Species,199197-1,exact_full
Cousinia platystegia Tscherneva,Cousinia platystegia Tscherneva,Accepted,Cousinia platystegia,Tscherneva,Asteraceae,Cousinia,Species,199200-1,exact_full
Cousinia podophylla Tscherneva,Cousinia podophylla Tschern.,Accepted,Cousinia podophylla,Tschern.,Asteraceae,Cousinia,Species,199202-1,exact_name_unique
Cousinia polycephala Rupr.,Cousinia polycephala Rupr.,Accepted,Cousinia polycephala,Rupr.,Asteraceae,Cousinia,Species,199204-1,exact_full
Cousinia polytimetica Tscherneva,Cousinia polytimetica Tscherneva,Accepted,Cousinia polytimetica,Tscherneva,Asteraceae,Cousinia,Species,199206-1,exact_full
Cousinia praestans Tscherneva & Vved.,Cousinia praestans Tschern. & Vved.,Accepted,Cousinia praestans,Tschern. & Vved.,Asteraceae,Cousinia,Species,199211-1,exact_name_unique
Cousinia prolifera Jaub. & Spach,Cousinia prolifera Jaub. & Spach,Accepted,Cousinia prolifera,Jaub. & Spach,Asteraceae,Cousinia,Species,199214-1,exact_full
Cousinia proxima Juz.,Cousinia proxima Juz.,Accepted,Cousinia proxima,Juz.,Asteraceae,Cousinia,Species,199215-1,exact_full
Cousinia psammophila Kult.,Cousinia psammophila Kult.,Accepted,Cousinia psammophila,Kult.,Asteraceae,Cousinia,Species,199216-1,exact_full
Cousinia pseudoaffinis Kult.,Cousinia pseudaffinis Kult.,Accepted,Cousinia pseudaffinis,Kult.,Asteraceae,Cousinia,Species,199219-1,manual_alias
Cousinia pseudodshisakensis Tscherneva & Vved.,Cousinia pseudodshizakensis Tschern. & Vved.,Accepted,Cousinia pseudodshizakensis,Tschern. & Vved.,Asteraceae,Cousinia,Species,199222-1,canon_exact
Cousinia pseudolanata Popov ex Tscherneva,Cousinia pseudolanata Popov ex Tscherneva,Accepted,Cousinia pseudolanata,Popov ex Tscherneva,Asteraceae,Cousinia,Species,199223-1,exact_full
Cousinia pseudomollis C. Winkl.,Cousinia pseudomollis C.Winkl.,Accepted,Cousinia pseudomollis,C.Winkl.,Asteraceae,Cousinia,Species,199224-1,exact_full
Cousinia pterolepida Kult.,Cousinia pterolepida Kult.,Synonym,Arctium pterolepidum,"(Kult.) S.López, Romasch., Susanna & N.Garcia",Asteraceae,Arctium,Species,77112862-1,exact_full
Cousinia pulchella Bunge,Cousinia pulchella Bunge,Accepted,Cousinia pulchella,Bunge,Asteraceae,Cousinia,Species,199230-1,exact_full
Cousinia pulchra C. Winkl.,Cousinia pulchra C.Winkl.,Accepted,Cousinia pulchra,C.Winkl.,Asteraceae,Cousinia,Species,199231-1,exact_full
Cousinia pungens Juz.,Cousinia pungens Juz.,Accepted,Cousinia pungens,Juz.,Asteraceae,Cousinia,Species,199233-1,exact_full
Cousinia pusilla C. Winkl.,Cousinia pusilla C.Winkl.,Accepted,Cousinia pusilla,C.Winkl.,Asteraceae,Cousinia,Species,199236-1,exact_full
Cousinia pygmaea C. Winkl.,Cousinia pygmaea C.Winkl.,Accepted,Cousinia pygmaea,C.Winkl.,Asteraceae,Cousinia,Species,199239-1,exact_full
Cousinia radians Bunge,Cousinia radians Bunge,Accepted,Cousinia radians,Bunge,Asteraceae,Cousinia,Species,199248-1,exact_full
Cousinia refracta (Bornm.) Juz.,Cousinia refracta (Bornm.) Juz.,Synonym,Arctium refractum,"(Bornm.) S.López, Romasch., Susanna & N.Garcia",Asteraceae,Arctium,Species,77112849-1,exact_full
Cousinia regelii C. Winkl.,Cousinia regelii C.Winkl.,Accepted,Cousinia regelii,C.Winkl.,Asteraceae,Cousinia,Species,199257-1,exact_full
Cousinia resinosa Juz.,Cousinia resinosa Juz.,Accepted,Cousinia resinosa,Juz.,Asteraceae,Cousinia,Species,199260-1,exact_full
Cousinia rhodantha Kult.,Cousinia rhodantha Kult.,Accepted,Cousinia rhodantha,Kult.,Asteraceae,Cousinia,Species,199264-1,exact_full
Cousinia rosea Kult.,Cousinia rosea Kult.,Accepted,Cousinia rosea,Kult.,Asteraceae,Cousinia,Species,199270-1,exact_full
Cousinia rotundifolia C. Winkl.,Cousinia rotundifolia C.Winkl.,Accepted,Cousinia rotundifolia,C.Winkl.,Asteraceae,Cousinia,Species,199271-1,exact_full
Cousinia sarawshanica C. Winkl.,Cousinia sarawschanica C.Winkl.,Accepted,Cousinia sarawschanica,C.Winkl.,Asteraceae,Cousinia,Species,199283-1,canon_exact
Cousinia scabrida Juz.,Cousinia scabrida Juz.,Accepted,Cousinia scabrida,Juz.,Asteraceae,Cousinia,Species,199286-1,exact_full
Cousinia schistoptera Juz.,Cousinia schistoptera Juz.,Accepted,Cousinia schistoptera,Juz.,Asteraceae,Cousinia,Species,199294-1,exact_full
Cousinia schmalhausenii C. Winkl.,Cousinia schmalhausenii C.Winkl.,Synonym,Arctium schmalhausenii,Kuntze,Asteraceae,Arctium,Species,178463-1,exact_full
Cousinia schtschurowskiana Regel & Schmalh.,Cousinia schtschurowskiana Regel & Schmalh.,Accepted,Cousinia schtschurowskiana,Regel & Schmalh.,Asteraceae,Cousinia,Species,199298-1,exact_full
Cousinia scleracantha Kult. ex Tscherneva,Cousinia scleracantha Kult.,Accepted,Cousinia scleracantha,Kult.,Asteraceae,Cousinia,Species,77181073-1,exact_name_unique
Cousinia sewerzowii Regel,Cousinia sewerzowii Regel,Accepted,Cousinia sewerzowii,Regel,Asteraceae,Cousinia,Species,199307-1,exact_full
Cousinia simulatrix C. Winkl.,Cousinia simulatrix C.Winkl.,Accepted,Cousinia simulatrix,C.Winkl.,Asteraceae,Cousinia,Species,199316-1,exact_full
Cousinia sogdiana Bornm.,Cousinia sogdiana Bornm.,Accepted,Cousinia sogdiana,Bornm.,Asteraceae,Cousinia,Species,199322-1,exact_full
Cousinia spiridonovii Juz.,Cousinia spiridonowii Juz.,Accepted,Cousinia spiridonowii,Juz.,Asteraceae,Cousinia,Species,199327-1,canon_exact
Cousinia sporadocephala Juz.,Cousinia sporadocephala Juz.,Accepted,Cousinia sporadocephala,Juz.,Asteraceae,Cousinia,Species,199329-1,exact_full
Cousinia spryginii Kult.,Cousinia spryginii Kult.,Accepted,Cousinia spryginii,Kult.,Asteraceae,Cousinia,Species,199330-1,exact_full
Cousinia stellaris Bornm.,Cousinia stellaris Bornm.,Accepted,Cousinia stellaris,Bornm.,Asteraceae,Cousinia,Species,199337-1,exact_full
Cousinia stricta Tscherneva,Cousinia stricta Tschern.,Accepted,Cousinia stricta,Tschern.,Asteraceae,Cousinia,Species,199348-1,exact_name_unique
Cousinia strobilocephala Tscherneva & Vved.,Cousinia strobilocephala Tschern. & Vved.,Accepted,Cousinia strobilocephala,Tschern. & Vved.,Asteraceae,Cousinia,Species,199350-1,exact_name_unique
Cousinia subcandicans Tscherneva,Cousinia subcandicans Tschern.,Accepted,Cousinia subcandicans,Tschern.,Asteraceae,Cousinia,Species,199354-1,exact_name_unique
Cousinia submutica Franch.,Cousinia submutica Franch.,Accepted,Cousinia submutica,Franch.,Asteraceae,Cousinia,Species,199358-1,exact_full
Cousinia sylvicola Bunge,Cousinia sylvicola Bunge,Accepted,Cousinia sylvicola,Bunge,Asteraceae,Cousinia,Species,199361-1,exact_full
Cousinia syrdariensis Kult.,Cousinia syrdarjensis Kult.,Accepted,Cousinia syrdarjensis,Kult.,Asteraceae,Cousinia,Species,199362-1,canon_exact
Cousinia tamarae Juz.,Cousinia tamarae Juz.,Accepted,Cousinia tamarae,Juz.,Asteraceae,Cousinia,Species,199368-1,exact_full
Cousinia tenella Fisch. & C.A. Mey.,Cousinia tenella Fisch. & C.A.Mey.,Accepted,Cousinia tenella,Fisch. & C.A.Mey.,Asteraceae,Cousinia,Species,199373-1,exact_full
Cousinia tianschanica Kult.,Cousinia tianschanica Kult.,Accepted,Cousinia tianschanica,Kult.,Asteraceae,Cousinia,Species,199383-1,exact_full
Cousinia tomentella C. Winkl.,Cousinia tomentella C.Winkl.,Synonym,Arctium tomentellum,(C.Winkl.) Kuntze,Asteraceae,Arctium,Species,178482-1,exact_full
Cousinia transoxana Tscherneva,Cousinia transoxana Tscherneva,Accepted,Cousinia transoxana,Tscherneva,Asteraceae,Cousinia,Species,199391-1,exact_full
Cousinia triceps Kult.,Cousinia triceps Kult.,Accepted,Cousinia triceps,Kult.,Asteraceae,Cousinia,Species,199394-1,exact_full
Cousinia trichophora Kult.,Cousinia trichophora Kult.,Accepted,Cousinia trichophora,Kult.,Asteraceae,Cousinia,Species,199395-1,exact_full
Cousinia triflora Schrenk,Cousinia triflora Schrenk,Synonym,Arctium triflorum,Kuntze,Asteraceae,Arctium,Species,178485-1,exact_full
Cousinia umbilicata Juz.,Cousinia umbilicata Juz.,Accepted,Cousinia umbilicata,Juz.,Asteraceae,Cousinia,Species,199405-1,exact_full
Cousinia umbrosa Bunge,Cousinia umbrosa Bunge,Synonym,Arctium umbrosum,(Bunge) Kuntze,Asteraceae,Arctium,Species,178487-1,exact_full
Cousinia verticillaris Bunge,Cousinia verticillaris Bunge,Accepted,Cousinia verticillaris,Bunge,Asteraceae,Cousinia,Species,199413-1,exact_full
Cousinia vicaria Kult.,Cousinia vicaria Kult.,Accepted,Cousinia vicaria,Kult.,Asteraceae,Cousinia,Species,199415-1,exact_full
Cousinia vvedenskyi Tscherneva,Cousinia vvedenskyi Tscherneva,Accepted,Cousinia vvedenskyi,Tscherneva,Asteraceae,Cousinia,Species,199418-1,exact_full
Cousinia waldheimiana Bornm.,Cousinia waldheimiana Bornm.,Accepted,Cousinia waldheimiana,Bornm.,Asteraceae,Cousinia,Species,199419-1,exact_full
Cousinia xanthina Bornm.,Cousinia xanthina Bornm.,Accepted,Cousinia xanthina,Bornm.,Asteraceae,Cousinia,Species,199429-1,exact_full
Cousiniopsis atractyloides (C. Winkl.) Nevski,Cousiniopsis atractyloides (C.Winkl.) Nevski,Accepted,Cousiniopsis atractyloides,(C.Winkl.) Nevski,Asteraceae,Cousiniopsis,Species,199437-1,exact_full
Crambe edentula Fisch. & C.A. Mey. ex Korsh.,Crambe edentula Fisch. & C.A.Mey. ex Korsh.,Accepted,Crambe edentula,Fisch. & C.A.Mey. ex Korsh.,Brassicaceae,Crambe,Species,77100379-1,exact_full
Crambe gordjaginii Spryg. & Popov,Crambe gordjagini Sprygin & Popov,Accepted,Crambe gordjagini,Sprygin & Popov,Brassicaceae,Crambe,Species,281642-1,canon_exact
Crambe kotschyana Boiss.,Crambe kotschyana Boiss.,Synonym,Crambe cordifolia subsp. kotschyana,(Boiss.) Jafri,Brassicaceae,Crambe,Subspecies,879122-1,exact_full
Crambe orientalis L.,Crambe orientalis L.,Accepted,Crambe orientalis,L.,Brassicaceae,Crambe,Species,281660-1,exact_full
Crambe schugnana Korsh.,Crambe schugnana Korsh.,Accepted,Crambe schugnana,Korsh.,Brassicaceae,Crambe,Species,281674-1,exact_full
Crataegus dzhairensis Vassilcz.,Crataegus dzhairensis Vassilcz.,Accepted,Crataegus dzhairensis,Vassilcz.,Rosaceae,Crataegus,Species,723311-1,exact_full
Crataegus ferganensis Pojark.,Crataegus ferganensis Pojark.,Accepted,Crataegus ferganensis,Pojark.,Rosaceae,Crataegus,Species,723376-1,exact_full
Crataegus hissarica Pojark.,Crataegus hissarica Pojark.,Accepted,Crataegus hissarica,Pojark.,Rosaceae,Crataegus,Species,723523-1,exact_full
Crataegus knorringiana Pojark.,Crataegus knorringiana Pojark.,Accepted,Crataegus knorringiana,Pojark.,Rosaceae,Crataegus,Species,723627-1,exact_full
Crataegus korolkowii L. Henry,Crataegus korolkowii L.Henry,Synonym,Crataegus chlorocarpa,Lenné & K.Koch,Rosaceae,Crataegus,Species,723115-1,name_multi_author_ok
Crataegus pontica K. Koch,Crataegus pontica K.Koch,Accepted,Crataegus pontica,K.Koch,Rosaceae,Crataegus,Species,724025-1,exact_full
Crataegus remotilobata Raikova ex Popov,Crataegus remotilobata Raikova ex Popov,Accepted,Crataegus remotilobata,Raikova ex Popov,Rosaceae,Crataegus,Species,724123-1,exact_full
Crataegus songarica K. Koch,Crataegus songarica K.Koch,Accepted,Crataegus songarica,K.Koch,Rosaceae,Crataegus,Species,724270-1,exact_full
Crataegus turkestanica Pojark.,Crataegus turkestanica Pojark.,Accepted,Crataegus turkestanica,Pojark.,Rosaceae,Crataegus,Species,724420-1,exact_full
Crepis darvazica Krasch.,Crepis darvazica Krasch.,Accepted,Crepis darvazica,Krasch.,Asteraceae,Crepis,Species,199803-1,exact_full
Crepis multicaulis Ledeb.,Crepis multicaulis Ledeb.,Accepted,Crepis multicaulis,Ledeb.,Asteraceae,Crepis,Species,200072-1,name_multi_author_ok
Crepis oreades Schrenk ex Fisch. & C. A. Mey.,Crepis oreadis Schrenk,Accepted,Crepis oreadis,Schrenk,Asteraceae,Crepis,Species,200120-1,canon_exact
Crepis sibirica L.,Crepis sibirica L.,Accepted,Crepis sibirica,L.,Asteraceae,Crepis,Species,200259-1,name_multi_author_ok
Cressa cretica L.,Cressa cretica L.,Accepted,Cressa cretica,L.,Convolvulaceae,Cressa,Species,267234-1,exact_full
Crocus alatavicus Regel & Sem.,Crocus alatavicus Regel & Semen.,Accepted,Crocus alatavicus,Regel & Semen.,Iridaceae,Crocus,Species,436445-1,exact_name_unique
Crocus korolkowii Regel & Maw,Crocus korolkowii Maw & Regel,Accepted,Crocus korolkowii,Maw & Regel,Iridaceae,Crocus,Species,60464590-2,exact_name_unique
Crucianella bucharica B. Fedtsch.,Crucianella bucharica B.Fedtsch.,Accepted,Crucianella bucharica,B.Fedtsch.,Rubiaceae,Crucianella,Species,747870-1,exact_full
Crucianella chlorostachys Fisch. & C.A. Mey.,Crucianella chlorostachys Fisch. & C.A.Mey.,Accepted,Crucianella chlorostachys,Fisch. & C.A.Mey.,Rubiaceae,Crucianella,Species,747875-1,exact_full
Crucianella divaricata Korovin,Crucianella divaricata Korovin,Accepted,Crucianella divaricata,Korovin,Rubiaceae,Crucianella,Species,747884-1,exact_full
Crucianella exasperata Fisch. & C.A. Mey.,Crucianella exasperata Fisch. & C.A.Mey.,Accepted,Crucianella exasperata,Fisch. & C.A.Mey.,Rubiaceae,Crucianella,Species,747885-1,exact_full
Crucianella filifolia Regel & Schmalh.,Crucianella filifolia Regel & Schmalh.,Accepted,Crucianella filifolia,Regel & Schmalh.,Rubiaceae,Crucianella,Species,747887-1,exact_full
Crucianella gilanica Trin.,Crucianella gilanica Trin.,Accepted,Crucianella gilanica,Trin.,Rubiaceae,Crucianella,Species,747890-1,exact_full
Crucianella schischkinii Lincz.,Crucianella schischkinii Lincz.,Accepted,Crucianella schischkinii,Lincz.,Rubiaceae,Crucianella,Species,747930-1,exact_full
Cruciata pedemontana (Bell.) Ehrend.,Cruciata pedemontana (Bellardi) Ehrend.,Accepted,Cruciata pedemontana,(Bellardi) Ehrend.,Rubiaceae,Cruciata,Species,60453492-2,exact_name_unique
"Crucihimalaya wallichii (Hook. f. & Thomson) Al-Shehbaz, O'Kane & Price","Crucihimalaya wallichii (Hook.f. & Thomson) Al-Shehbaz, O'Kane & R.A.Price",Accepted,Crucihimalaya wallichii,"(Hook.f. & Thomson) Al-Shehbaz, O'Kane & R.A.Price",Brassicaceae,Crucihimalaya,Species,1009837-1,exact_name_unique
Crupina oligantha Tscherneva,Crupina oligantha Tschern.,Synonym,Crupina vulgaris,Pers. ex Cass.,Asteraceae,Crupina,Species,200616-1,exact_name_unique
Crypsis aculeata (L.) Ait.,Crypsis aculeata (L.) Aiton,Synonym,Sporobolus aculeatus,(L.) P.M.Peterson,Poaceae,Sporobolus,Species,77144670-1,exact_name_unique
Crypsis alopecuroides (Pill. & Mitt.) Schrad.,Crypsis alopecuroides (Piller & Mitterp.) Schrad.,Synonym,Sporobolus alopecuroides,(Piller & Mitterp.) P.M.Peterson,Poaceae,Sporobolus,Species,77144671-1,exact_name_unique
Crypsis borszczowii Regel,Crypsis borszczowii Regel,Synonym,Sporobolus borszczowii,(Regel) P.M.Peterson,Poaceae,Sporobolus,Species,77146285-1,exact_full
Crypsis schoenoides (L.) Lam.,Crypsis schoenoides (L.) Lam.,Synonym,Sporobolus schoenoides,(L.) P.M.Peterson,Poaceae,Sporobolus,Species,77144677-1,name_multi_author_ok
Crypsis turkestanica Eig,Crypsis turkestanica Eig,Synonym,Sporobolus turkestanicus,(Eig) P.M.Peterson,Poaceae,Sporobolus,Species,77144679-1,exact_full
Cryptocodon monocephalus (Trautv.) Fed.,Cryptocodon monocephalus (Trautv.) Fed.,Accepted,Cryptocodon monocephalus,(Trautv.) Fed.,Campanulaceae,Cryptocodon,Species,141860-1,exact_full
Cryptospora falcata Kar. & Kir.,Cryptospora falcata Kar. & Kir.,Accepted,Cryptospora falcata,Kar. & Kir.,Brassicaceae,Cryptospora,Species,281884-1,name_multi_author_ok
Cryptospora inconspicua (Kom.) O.E. Schulz,Cryptospora inconspicua (Kom.) O.E.Schulz,Accepted,Cryptospora inconspicua,(Kom.) O.E.Schulz,Brassicaceae,Cryptospora,Species,281887-1,exact_full
Cryptospora omissa Botsch.,Cryptospora omissa Botsch.,Accepted,Cryptospora omissa,Botsch.,Brassicaceae,Cryptospora,Species,281888-1,exact_full
Cullen drupaceum (Bunge) Stirthon,Cullen drupaceum (Bunge) C.H.Stirt.,Accepted,Cullen drupaceum,(Bunge) C.H.Stirt.,Fabaceae,Cullen,Species,908578-1,exact_name_unique
Cuminum cyminum L.,Cuminum cyminum L.,Accepted,Cuminum cyminum,L.,Apiaceae,Cuminum,Species,840882-1,exact_full
Cuminum setifolium (Boiss.) Koso-Pol.,Cuminum setifolium (Boiss.) Koso-Pol.,Accepted,Cuminum setifolium,(Boiss.) Koso-Pol.,Apiaceae,Cuminum,Species,840892-1,exact_full
Cuscuta approximata Bab.,Cuscuta approximata Bab.,Accepted,Cuscuta approximata,Bab.,Convolvulaceae,Cuscuta,Species,267291-1,exact_full
Cuscuta australis R. Br.,Cuscuta australis R.Br.,Accepted,Cuscuta australis,R.Br.,Convolvulaceae,Cuscuta,Species,267308-1,name_multi_author_ok
Cuscuta babylonica Auch. ex Choisy,Cuscuta babylonica Aucher ex Choisy,Accepted,Cuscuta babylonica,Aucher ex Choisy,Convolvulaceae,Cuscuta,Species,267309-1,exact_name_unique
Cuscuta brevistyla H. Br. ex A. Rich.,Cuscuta brevistyla A.Braun ex A.Rich.,Accepted,Cuscuta brevistyla,A.Braun ex A.Rich.,Convolvulaceae,Cuscuta,Species,267327-1,exact_name_unique
Cuscuta bucharica Palib.,Cuscuta bucharica Palib.,Accepted,Cuscuta bucharica,Palib.,Convolvulaceae,Cuscuta,Species,267328-1,exact_full
Cuscuta campestris Yunck.,Cuscuta campestris Yunck.,Accepted,Cuscuta campestris,Yunck.,Convolvulaceae,Cuscuta,Species,72786-2,exact_full
Cuscuta chinensis Lam.,Cuscuta chinensis Lam.,Accepted,Cuscuta chinensis,Lam.,Convolvulaceae,Cuscuta,Species,267360-1,exact_full
Cuscuta engelmanni Korsch.,Cuscuta engelmanii Korsh.,Synonym,Cuscuta gigantea var. engelmannii,(Korsh.) Yunck.,Convolvulaceae,Cuscuta,Variety,77189209-1,canon_exact
Cuscuta epilinum Weihe,Cuscuta epilinum Weihe,Accepted,Cuscuta epilinum,Weihe,Convolvulaceae,Cuscuta,Species,267411-1,exact_full
Cuscuta epithymum (L.) L.,Cuscuta epithymum (L.) L.,Accepted,Cuscuta epithymum,(L.) L.,Convolvulaceae,Cuscuta,Species,267419-1,name_multi_author_ok
Cuscuta europaea L.,Cuscuta europaea L.,Accepted,Cuscuta europaea,L.,Convolvulaceae,Cuscuta,Species,267425-1,exact_full
Cuscuta ferganensis Butkov,Cuscuta ferganensis Butkov,Accepted,Cuscuta ferganensis,Butkov,Convolvulaceae,Cuscuta,Species,267431-1,exact_full
Cuscuta kotschyana Boiss.,Cuscuta kotschyana Boiss.,Accepted,Cuscuta kotschyana,Boiss.,Convolvulaceae,Cuscuta,Species,267505-1,exact_full
Cuscuta lehmanniana Bunge,Cuscuta lehmanniana Bunge,Accepted,Cuscuta lehmanniana,Bunge,Convolvulaceae,Cuscuta,Species,928004-1,exact_full
Cuscuta lupuliformis Krock.,Cuscuta lupuliformis Krock.,Accepted,Cuscuta lupuliformis,Krock.,Convolvulaceae,Cuscuta,Species,267525-1,exact_full
Cuscuta monogyna Vahl,Cuscuta monogyna Vahl,Accepted,Cuscuta monogyna,Vahl,Convolvulaceae,Cuscuta,Species,267558-1,name_multi_author_ok
Cuscuta pedicellata Ledeb.,Cuscuta pedicellata Ledeb.,Accepted,Cuscuta pedicellata,Ledeb.,Convolvulaceae,Cuscuta,Species,267595-1,exact_full
Cuscuta pellucida Butkov,Cuscuta pellucida Butkov,Accepted,Cuscuta pellucida,Butkov,Convolvulaceae,Cuscuta,Species,267598-1,exact_full
Cuscuta stenocalycina Palib.,Cuscuta stenocalycina Palib.,Accepted,Cuscuta stenocalycina,Palib.,Convolvulaceae,Cuscuta,Species,267672-1,exact_full
Cutandia memphitica (Spreng.) Benth.,Cutandia memphitica (Spreng.) K.Richt.,Accepted,Cutandia memphitica,(Spreng.) K.Richt.,Poaceae,Cutandia,Species,396846-1,exact_name_unique
Cutandia rigescens (Grossh.) Tzvelev,Cutandia rigescens (Grossh.) Tzvelev,Accepted,Cutandia rigescens,(Grossh.) Tzvelev,Poaceae,Cutandia,Species,396849-1,exact_full
Cydonia oblonga Mill.,Cydonia oblonga Mill.,Accepted,Cydonia oblonga,Mill.,Rosaceae,Cydonia,Species,724549-1,exact_full
Cylindrocarpa sewerzowii (Regel) Regel,Cylindrocarpa sewerzowii (Regel) Regel,Accepted,Cylindrocarpa sewerzowii,(Regel) Regel,Campanulaceae,Cylindrocarpa,Species,142013-1,exact_full
Cymatocarpus heterophyllus N. Busch,Cymatocarpus heterophyllus (Popov) N.Busch,Accepted,Cymatocarpus heterophyllus,(Popov) N.Busch,Brassicaceae,Cymatocarpus,Species,281906-1,exact_name_unique
Cymbolaena griffithii (A. Gray) Wagenitz,Cymbolaena griffithii (A.Gray) Wagenitz,Synonym,Filago griffithii,(A.Gray) Andrés-Sánchez & Galbany,Asteraceae,Filago,Species,77109458-1,exact_full
Cynanchum sibiricum Willd.,Cynanchum sibiricum Willd.,Synonym,Cynanchum acutum subsp. sibiricum,(Willd.) Rech.f.,Apocynaceae,Cynanchum,Subspecies,77189771-1,name_multi_author_ok
Cynodon dactylon (L.) Pers.,Cynodon dactylon (L.) Pers.,Accepted,Cynodon dactylon,(L.) Pers.,Poaceae,Cynodon,Species,397065-1,exact_full
Cynoglossum capusii (Franch.) Pazij,Cynoglossum capusii (Franch.) Pazij,Synonym,Lindelofia capusii,(Franch.) Popov,Boraginaceae,Lindelofia,Species,117694-1,exact_full
Cynoglossum creticum Mill.,Cynoglossum creticum Mill.,Accepted,Cynoglossum creticum,Mill.,Boraginaceae,Cynoglossum,Species,115089-1,exact_full
Cynoglossum seravschanicum (B. Fedtsch.) Popov,Cynoglossum seravshanicum (B.Fedtsch.) Popov,Accepted,Cynoglossum seravshanicum,(B.Fedtsch.) Popov,Boraginaceae,Cynoglossum,Species,115280-1,canon_exact
Cynoglossum viridiflorum Pall. ex Lehm.,Cynoglossum viridiflorum Pall. ex Lehm.,Accepted,Cynoglossum viridiflorum,Pall. ex Lehm.,Boraginaceae,Cynoglossum,Species,115318-1,exact_full
Cynomorium songaricum Rupr.,Cynomorium songaricum Rupr.,Synonym,Cynomorium coccineum subsp. songaricum,(Rupr.) J.Léonard,Cynomoriaceae,Cynomorium,Subspecies,953068-1,exact_full
Cyperus difformis L.,Cyperus difformis L.,Accepted,Cyperus difformis,L.,Cyperaceae,Cyperus,Species,304311-1,exact_full
Cyperus fuscus L.,Cyperus fuscus L.,Accepted,Cyperus fuscus,L.,Cyperaceae,Cyperus,Species,330929-2,exact_full
Cyperus glaber L.,Cyperus glaber L.,Accepted,Cyperus glaber,L.,Cyperaceae,Cyperus,Species,330931-2,name_multi_author_ok
Cyperus iria L.,Cyperus iria L.,Accepted,Cyperus iria,L.,Cyperaceae,Cyperus,Species,304844-1,exact_full
Cyperus longus L.,Cyperus longus L.,Accepted,Cyperus longus,L.,Cyperaceae,Cyperus,Species,330932-2,name_multi_author_ok
Cyperus rotundus L.,Cyperus rotundus L.,Accepted,Cyperus rotundus,L.,Cyperaceae,Cyperus,Species,305797-1,exact_full
Cyperus tenuispica Spreng.,Cyperus tenuispica Steud.,Accepted,Cyperus tenuispica,Steud.,Cyperaceae,Cyperus,Species,306131-1,exact_name_unique
Cysticorydalis fedtschenkoana (Regel) Fedde ex Ikonn.,Cysticorydalis fedtschenkoana (Regel) Fedde,Synonym,Corydalis fedtschenkoana,Regel,Papaveraceae,Corydalis,Species,672217-1,exact_name_unique
Cystopteris fragilis (L.) Bernh.,Cystopteris fragilis (L.) Bernh.,Accepted,Cystopteris fragilis,(L.) Bernh.,Aspleniaceae,Cystopteris,Species,30013429-2,exact_full
Dactylis glomerata L.,Dactylis glomerata L.,Accepted,Dactylis glomerata,L.,Poaceae,Dactylis,Species,397309-1,exact_full
Dactylorhiza salina (Turcz. ex Lindl.) Soó,Dactylorhiza salina (Turcz. ex Lindl.) Soó,Accepted,Dactylorhiza salina,(Turcz. ex Lindl.) Soó,Orchidaceae,Dactylorhiza,Species,626669-1,exact_full
Dactylorhiza umbrosa (Kar. & Kir.) Nevski,Dactylorhiza umbrosa (Kar. & Kir.) Nevski,Synonym,Dactylorhiza incarnata subsp. cilicica,(Klinge) H.Sund.,Orchidaceae,Dactylorhiza,Subspecies,887395-1,exact_full
Danthonia forsskalii (Vahl) R. Br,Centropodia forskaolii (Vahl) Cope,Accepted,Centropodia forskaolii,(Vahl) Cope,Poaceae,Centropodia,Species,912212-1,manual_alias
Datisca cannabina L.,Datisca cannabina L.,Accepted,Datisca cannabina,L.,Datiscaceae,Datisca,Species,316093-1,exact_full
Datura stramonium L.,Datura stramonium L.,Accepted,Datura stramonium,L.,Solanaceae,Datura,Species,314738-2,exact_full
Daucus carota L.,Daucus carota L.,Accepted,Daucus carota,L.,Apiaceae,Daucus,Species,841063-1,exact_full
Delphinium albomarginatum Simonova,Delphinium albomarginatum Simonova,Accepted,Delphinium albomarginatum,Simonova,Ranunculaceae,Delphinium,Species,710385-1,name_multi_author_ok
Delphinium barbatum Bunge,Delphinium barbatum Bunge,Accepted,Delphinium barbatum,Bunge,Ranunculaceae,Delphinium,Species,710424-1,exact_full
Delphinium batalinii Huth,Delphinium batalinii Huth,Accepted,Delphinium batalinii,Huth,Ranunculaceae,Delphinium,Species,710428-1,exact_full
Delphinium biternatum Huth,Delphinium biternatum Huth,Accepted,Delphinium biternatum,Huth,Ranunculaceae,Delphinium,Species,710436-1,exact_full
Delphinium bucharicum Popov,Delphinium bucharicum Popov,Accepted,Delphinium bucharicum,Popov,Ranunculaceae,Delphinium,Species,710452-1,exact_full
Delphinium camptocarpum Fisch. & C.A.Mey,Delphinium camptocarpum Fisch. & C.A.Mey.,Accepted,Delphinium camptocarpum,Fisch. & C.A.Mey.,Ranunculaceae,Delphinium,Species,710467-1,exact_name_unique
Delphinium confusum Popov,Delphinium confusum Popov,Unplaced,,,,,,,name_multi_author_ok
Delphinium karategini Korsh.,Delphinium karategini Korsh.,Accepted,Delphinium karategini,Korsh.,Ranunculaceae,Delphinium,Species,710710-1,exact_full
Delphinium knorringianum B.Fedtsch.,Delphinium knorringianum B.Fedtsch.,Accepted,Delphinium knorringianum,B.Fedtsch.,Ranunculaceae,Delphinium,Species,710717-1,exact_full
Delphinium leptocarpum (Nevski) Nevski,Delphinium leptocarpum (Nevski) Nevski,Accepted,Delphinium leptocarpum,(Nevski) Nevski,Ranunculaceae,Delphinium,Species,710744-1,exact_full
Delphinium longipedunculatum Regel & Schmalh.,Delphinium longipedunculatum Regel & Schmalh.,Accepted,Delphinium longipedunculatum,Regel & Schmalh.,Ranunculaceae,Delphinium,Species,710763-1,exact_full
Delphinium oreophilum Huth,Delphinium oreophilum Huth,Accepted,Delphinium oreophilum,Huth,Ranunculaceae,Delphinium,Species,710861-1,exact_full
Delphinium paradoxum Bunge,Delphinium paradoxum Bunge,Accepted,Delphinium paradoxum,Bunge,Ranunculaceae,Delphinium,Species,710881-1,exact_full
Delphinium poltaratzkii Rupr.,Delphinium poltaratzkii Rupr.,Accepted,Delphinium poltaratzkii,Rupr.,Ranunculaceae,Delphinium,Species,710913-1,exact_full
Delphinium propinquum Nevski,Delphinium propinquum Nevski,Accepted,Delphinium propinquum,Nevski,Ranunculaceae,Delphinium,Species,710922-1,exact_full
Delphinium rotundifolium Afan.,Delphinium rotundifolium Afan.,Synonym,Delphinium oreophilum,Huth,Ranunculaceae,Delphinium,Species,710861-1,exact_full
Delphinium rugulosum Boiss.,Delphinium rugulosum Boiss.,Accepted,Delphinium rugulosum,Boiss.,Ranunculaceae,Delphinium,Species,710975-1,exact_full
Delphinium semibarbatum Bien. ex Boiss.,Delphinium semibarbatum Bien. ex Boiss.,Accepted,Delphinium semibarbatum,Bien. ex Boiss.,Ranunculaceae,Delphinium,Species,710998-1,exact_full
Delphinium semiclavatum Nevski,Delphinium semiclavatum Nevski,Accepted,Delphinium semiclavatum,Nevski,Ranunculaceae,Delphinium,Species,711000-1,exact_full
Delphinium stocksianum Boiss.,Delphinium stocksianum Boiss.,Accepted,Delphinium stocksianum,Boiss.,Ranunculaceae,Delphinium,Species,711038-1,exact_full
Delphinium ternatum Huth,Delphinium ternatum Huth,Accepted,Delphinium ternatum,Huth,Ranunculaceae,Delphinium,Species,711069-1,exact_full
Delphinium vvedenskyi Pachom.,Delphinium vvedenskyi Pachom.,Accepted,Delphinium vvedenskyi,Pachom.,Ranunculaceae,Delphinium,Species,711140-1,exact_full
Dendrostellera arenaria Pobed.,Dendrostellera arenaria Pobed.,Synonym,Diarthron arenarium,(Pobed.) Kit Tan,Thymelaeaceae,Diarthron,Species,910525-1,exact_full
Dendrostellera linearifoia Pobed.,Dendrostellera linearifolia Pobed.,Synonym,Diarthron linearifolium,(Pobed.) Kit Tan,Thymelaeaceae,Diarthron,Species,910530-1,canon_fuzzy1
Dendrostellera macrorrhachis Pobed.,Dendrostellera macrorhachis Pobed.,Synonym,Diarthron macrorhachis,(Pobed.) Kit Tan,Thymelaeaceae,Diarthron,Species,910531-1,canon_exact
Deschampsia caespitosa (L.) Beauv.,Deschampsia caespitosa P.Beauv.,Orthographic,Deschampsia cespitosa subsp. cespitosa,"",Poaceae,Deschampsia,Subspecies,77168749-1,exact_name_unique
Deschampsia koelerioides Regel,Deschampsia koelerioides Regel,Accepted,Deschampsia koelerioides,Regel,Poaceae,Deschampsia,Species,397997-1,name_multi_author_ok
Descurainia sophia (L.) Webb ex Prantl,Descurainia sophia (L.) Webb ex Prantl,Accepted,Descurainia sophia,(L.) Webb ex Prantl,Brassicaceae,Descurainia,Species,78248-2,exact_full
Dianthus angrenicus Vved.,Dianthus angrenicus Vved.,Accepted,Dianthus angrenicus,Vved.,Caryophyllaceae,Dianthus,Species,978238-1,exact_full
Dianthus baldzhuanicus Lincz.,Dianthus baldzhuanicus Lincz.,Synonym,Dianthus crinitus subsp. baldzhuanicus,(Lincz.) Rech.f.,Caryophyllaceae,Dianthus,Subspecies,952610-1,exact_full
Dianthus brevipetalus Vved.,Dianthus brevipetalus Vved.,Accepted,Dianthus brevipetalus,Vved.,Caryophyllaceae,Dianthus,Species,978239-1,exact_full
Dianthus darvazicus Lincz.,Dianthus darvazicus Lincz.,Accepted,Dianthus darvazicus,Lincz.,Caryophyllaceae,Dianthus,Species,77221779-1,exact_full
Dianthus helenae Vved.,Dianthus helenae Vved.,Accepted,Dianthus helenae,Vved.,Caryophyllaceae,Dianthus,Species,978240-1,exact_full
Dianthus karataviensis Pavlov,Dianthus karataviensis Pavlov,Accepted,Dianthus karataviensis,Pavlov,Caryophyllaceae,Dianthus,Species,153501-1,exact_full
Dianthus kuschakewiczii Regel & Schmalh.,Dianthus kuschakewiczii Regel & Schmalh.,Accepted,Dianthus kuschakewiczii,Regel & Schmalh.,Caryophyllaceae,Dianthus,Species,153516-1,exact_full
Dianthus pavlovii Lazkov,Dianthus pavlovii Lazkov,Accepted,Dianthus pavlovii,Lazkov,Caryophyllaceae,Dianthus,Species,70028352-1,exact_full
Dianthus seravschanicus Schischk.,Dianthus seravschanicus Schischk.,Accepted,Dianthus seravschanicus,Schischk.,Caryophyllaceae,Dianthus,Species,153862-1,exact_full
Dianthus subscabridus Lincz.,Dianthus subscabridus Lincz.,Accepted,Dianthus subscabridus,Lincz.,Caryophyllaceae,Dianthus,Species,153931-1,exact_full
Dianthus superbus L.,Dianthus superbus L.,Accepted,Dianthus superbus,L.,Caryophyllaceae,Dianthus,Species,153941-1,exact_full
Dianthus tetralepis Nevski ex Schischk.,Dianthus tetralepis Nevski,Synonym,Dianthus crinitus subsp. tetralepis,(Nevski) Rech.f.,Caryophyllaceae,Dianthus,Subspecies,952611-1,exact_name_unique
Dianthus ugamicus Vved.,Dianthus ugamicus Vved.,Accepted,Dianthus ugamicus,Vved.,Caryophyllaceae,Dianthus,Species,978241-1,exact_full
Dianthus uzbekistanicus Lincz.,Dianthus uzbekistanicus Lincz.,Accepted,Dianthus uzbekistanicus,Lincz.,Caryophyllaceae,Dianthus,Species,154002-1,exact_full
Diarthron vesiculosum (Fisch. & C.A. Mey.) C.A. Mey.,Diarthron vesiculosum (Fisch. & C.A.Mey. ex Kar. & Kir.) C.A.Mey.,Accepted,Diarthron vesiculosum,(Fisch. & C.A.Mey. ex Kar. & Kir.) C.A.Mey.,Thymelaeaceae,Diarthron,Species,77144574-1,exact_name_unique
Dichasianthus subtilissimus (Popov) Ovcz. & Junuss.,Dichasianthus subtilissimus (Popov) Ovcz. & Yunusov,Accepted,Dichasianthus subtilissimus,(Popov) Ovcz. & Yunusov,Brassicaceae,Dichasianthus,Species,907911-1,exact_name_unique
Dichostylis pygmaea (Rottb.) Nees,Dichostylis pygmaea (Rottb.) Nees,Synonym,Cyperus michelianus subsp. pygmaeus,(Rottb.) Asch. & Graebn.,Cyperaceae,Cyperus,Subspecies,133549-3,exact_full
Dictamnus angustifolius G. Don ex Sweet,Dictamnus angustifolius G.Don ex Sweet,Synonym,Dictamnus albus,L.,Rutaceae,Dictamnus,Species,772356-1,exact_full
Dictamnus tadshikorum Vved.,Dictamnus tadshikorum Vved.,Synonym,Dictamnus albus,L.,Rutaceae,Dictamnus,Species,772356-1,exact_full
Didymophysa fedtschenkoana Regel,Didymophysa fedtschenkoana Regel,Accepted,Didymophysa fedtschenkoana,Regel,Brassicaceae,Didymophysa,Species,282122-1,exact_full
Digitaria ischaemum (Schreb.) Muehl.,Digitaria ischaemum (Schreb.) Muhl.,Accepted,Digitaria ischaemum,(Schreb.) Muhl.,Poaceae,Digitaria,Species,398891-1,exact_name_unique
Digitaria sanguinalis (L.) Scop.,Digitaria sanguinalis (L.) Scop.,Accepted,Digitaria sanguinalis,(L.) Scop.,Poaceae,Digitaria,Species,399115-1,exact_full
Dimorphosciadium gayoides (Regel & Schmalh.) Pimenov,Dimorphosciadium gayoides (Regel & Schmalh.) Pimenov,Accepted,Dimorphosciadium gayoides,(Regel & Schmalh.) Pimenov,Apiaceae,Dimorphosciadium,Species,841368-1,exact_full
Dionysia hissarica Lipsky,Dionysia hissarica Lipsky,Accepted,Dionysia hissarica,Lipsky,Primulaceae,Dionysia,Species,700838-1,exact_full
Diospyros lotus L.,Diospyros lotus L.,Accepted,Diospyros lotus,L.,Ebenaceae,Diospyros,Species,322629-1,name_multi_author_ok
Dipcadi turkestanicum Vved.,Dipcadi turkestanicum Vved.,Accepted,Dipcadi turkestanicum,Vved.,Asparagaceae,Dipcadi,Species,534000-1,exact_full
Dipsacus dipsacoides (Kar. & Kir.) Botsch.,Dipsacus dipsacoides (Kar. & Kir.) V.I.Botsch.,Synonym,Dipsacus azureus,Schrenk ex Fisch. & C.A.Mey.,Caprifoliaceae,Dipsacus,Species,319243-1,exact_name_unique
Dipsacus laciniatus L.,Dipsacus laciniatus L.,Accepted,Dipsacus laciniatus,L.,Caprifoliaceae,Dipsacus,Species,319272-1,exact_full
Dipterocome pusilla Fisch. & C.A. Mey.,Dipterocome pusilla Fisch. & C.A.Mey.,Accepted,Dipterocome pusilla,Fisch. & C.A.Mey.,Asteraceae,Dipterocome,Species,201834-1,exact_full
Diptychocarpus strictus (Fisch. ex M. Bieb.) Trautv.,Diptychocarpus strictus (Fisch. ex M.Bieb.) Trautv.,Accepted,Diptychocarpus strictus,(Fisch. ex M.Bieb.) Trautv.,Brassicaceae,Diptychocarpus,Species,282259-1,exact_full
Dodartia orientalis L.,Dodartia orientalis L.,Accepted,Dodartia orientalis,L.,Mazaceae,Dodartia,Species,802155-1,exact_full
Dopatrium junceum (Roxb.) Buch.-Ham. ex Benth.,Dopatrium junceum (Roxb.) Buch.-Ham. ex Benth.,Accepted,Dopatrium junceum,(Roxb.) Buch.-Ham. ex Benth.,Plantaginaceae,Dopatrium,Species,802166-1,exact_full
Dorema microcarpum Korovin,Dorema microcarpum Korovin,Synonym,Ferula namanganica,Sennikov,Apiaceae,Ferula,Species,77331188-1,exact_full
Dorema sabulosum Litv.,Dorema sabulosum Litv.,Synonym,Ferula sabulosa,(Litv.) Sennikov,Apiaceae,Ferula,Species,77331189-1,exact_full
Draba albertii Regel & Schmalh.,Draba alberti Regel & Schmalh.,Accepted,Draba alberti,Regel & Schmalh.,Brassicaceae,Draba,Species,282324-1,distribution_resolved
Draba altaica (C.A. Mey.) Bunge,Draba altaica (C.A.Mey.) Bunge,Accepted,Draba altaica,(C.A.Mey.) Bunge,Brassicaceae,Draba,Species,282339-1,exact_full
Draba arseniewii (B. Fedtsch.) Gilg ex Tolm.,Draba arseniewii (B.Fedtsch.) Gilg ex Tolm.,Accepted,Draba arseniewii,(B.Fedtsch.) Gilg ex Tolm.,Brassicaceae,Draba,Species,282381-1,exact_full
Draba aucheri Boiss.,Draba aucheri Boiss.,Accepted,Draba aucheri,Boiss.,Brassicaceae,Draba,Species,282393-1,exact_full
Draba cana Rydb.,Draba cana Rydb.,Accepted,Draba cana,Rydb.,Brassicaceae,Draba,Species,83473-2,exact_full
Draba fedtschenkoi (Pohle) Gilg ex Tolm.,Draba fedtschenkoi (Pohle) Gilg ex Tolm.,Accepted,Draba fedtschenkoi,(Pohle) Gilg ex Tolm.,Brassicaceae,Draba,Species,282587-1,exact_full
Draba hissarica Lipsky,Draba hissarica Lipsky,Accepted,Draba hissarica,Lipsky,Brassicaceae,Draba,Species,282672-1,exact_full
Draba huetii Boiss.,Draba huetii Boiss.,Accepted,Draba huetii,Boiss.,Brassicaceae,Draba,Species,282678-1,exact_full
Draba kuramensis Junussov,Draba kuramensis Yunusov,Accepted,Draba kuramensis,Yunusov,Brassicaceae,Draba,Species,282729-1,exact_name_unique
Draba lanceolata Royle,Draba lanceolata Royle,Accepted,Draba lanceolata,Royle,Brassicaceae,Draba,Species,282740-1,name_multi_author_ok
Draba lipskyi Tolm.,Draba lipskyi Tolm.,Accepted,Draba lipskyi,Tolm.,Brassicaceae,Draba,Species,282774-1,exact_full
Draba melanopus Kom.,Draba melanopus Kom.,Accepted,Draba melanopus,Kom.,Brassicaceae,Draba,Species,282817-1,exact_full
Draba nemorosa L.,Draba nemorosa L.,Accepted,Draba nemorosa,L.,Brassicaceae,Draba,Species,83715-2,name_multi_author_ok
Draba nuda (Bél.) Al-Shehbaz & M.A. Koch,Draba nuda (Bél.) Al-Shehbaz & M.Koch,Accepted,Draba nuda,(Bél.) Al-Shehbaz & M.Koch,Brassicaceae,Draba,Species,70027917-1,exact_name_unique
Draba stenocarpa Hook. f. & Thoms.,Draba stenocarpa Hook.f. & Thomson,Accepted,Draba stenocarpa,Hook.f. & Thomson,Brassicaceae,Draba,Species,283097-1,manual_alias
Draba talassica Pohle,Draba talassica Pohle,Accepted,Draba talassica,Pohle,Brassicaceae,Draba,Species,283125-1,exact_full
Draba tibetica Hook f. & Thoms.,Draba tibetica Hook.f. & Thomson,Accepted,Draba tibetica,Hook.f. & Thomson,Brassicaceae,Draba,Species,283133-1,exact_name_unique
Draba vvedenskyi Kovalevsk.,Draba vvedenskyi Kovalevsk.,Accepted,Draba vvedenskyi,Kovalevsk.,Brassicaceae,Draba,Species,283185-1,exact_full
Dracocephalum adylovii I.I. Malzev,Dracocephalum adylovii I.I.Malzev,Accepted,Dracocephalum adylovii,I.I.Malzev,Lamiaceae,Dracocephalum,Species,77129485-1,exact_full
Dracocephalum bipinnatum Rupr.,Dracocephalum bipinnatum Rupr.,Accepted,Dracocephalum bipinnatum,Rupr.,Lamiaceae,Dracocephalum,Species,446390-1,exact_full
Dracocephalum discolor Bunge,Dracocephalum discolor Bunge,Accepted,Dracocephalum discolor,Bunge,Lamiaceae,Dracocephalum,Species,446412-1,exact_full
Dracocephalum diversifolium Rupr.,Dracocephalum diversifolium Rupr.,Accepted,Dracocephalum diversifolium,Rupr.,Lamiaceae,Dracocephalum,Species,446413-1,exact_full
Dracocephalum formosum Gontsch.,Dracocephalum formosum Gontsch.,Accepted,Dracocephalum formosum,Gontsch.,Lamiaceae,Dracocephalum,Species,446420-1,exact_full
Dracocephalum imberbe Bunge,Dracocephalum imberbe Bunge,Accepted,Dracocephalum imberbe,Bunge,Lamiaceae,Dracocephalum,Species,446437-1,exact_full
Dracocephalum integrifolium Bunge,Dracocephalum integrifolium Bunge,Accepted,Dracocephalum integrifolium,Bunge,Lamiaceae,Dracocephalum,Species,446441-1,exact_full
Dracocephalum karataviense Pavl. & Roldugin,Dracocephalum karataviense Pavlov & Roldugin,Accepted,Dracocephalum karataviense,Pavlov & Roldugin,Lamiaceae,Dracocephalum,Species,3311784-4,exact_name_unique
Dracocephalum komarovii Lipsky,Dracocephalum komarovii Lipsky,Accepted,Dracocephalum komarovii,Lipsky,Lamiaceae,Dracocephalum,Species,446449-1,exact_full
Dracocephalum nodulosum Rupr.,Dracocephalum nodulosum Rupr.,Accepted,Dracocephalum nodulosum,Rupr.,Lamiaceae,Dracocephalum,Species,446469-1,exact_full
Dracocephalum nuratavicum Adylov,Dracocephalum nuratavicum Adylov,Accepted,Dracocephalum nuratavicum,Adylov,Lamiaceae,Dracocephalum,Species,934224-1,exact_full
Dracocephalum nutans L.,Dracocephalum nutans L.,Accepted,Dracocephalum nutans,L.,Lamiaceae,Dracocephalum,Species,446471-1,exact_full
Dracocephalum oblongifolium Regel,Dracocephalum oblongifolium Regel,Accepted,Dracocephalum oblongifolium,Regel,Lamiaceae,Dracocephalum,Species,446473-1,exact_full
Dracocephalum scrobiculatum Regel,Dracocephalum scrobiculatum Regel,Accepted,Dracocephalum scrobiculatum,Regel,Lamiaceae,Dracocephalum,Species,446517-1,exact_full
Dracocephalum spinulosum Popov,Dracocephalum spinulosum Popov,Accepted,Dracocephalum spinulosum,Popov,Lamiaceae,Dracocephalum,Species,446527-1,exact_full
Dracocephalum stamineum Kar. & Kir.,Dracocephalum stamineum Kar. & Kir.,Accepted,Dracocephalum stamineum,Kar. & Kir.,Lamiaceae,Dracocephalum,Species,446529-1,exact_full
Drepanocaryum sewerzowii (Regel) Regel,Drepanocaryum sewerzowii (Regel) Pojark.,Accepted,Drepanocaryum sewerzowii,(Regel) Pojark.,Lamiaceae,Drepanocaryum,Species,446556-1,exact_name_unique
Dryopteris filix-mas (L.) Schott,Dryopteris filix-mas (L.) Schott,Accepted,Dryopteris filix-mas,(L.) Schott,Polypodiaceae,Dryopteris,Species,30345915-2,exact_full
Dryopteris komarovii Kossinsky,Dryopteris komarovii Kossinsky,Accepted,Dryopteris komarovii,Kossinsky,Polypodiaceae,Dryopteris,Species,17326560-1,exact_full
Dryopteris thelypteris (L.) A. Gray,Dryopteris thelypteris (L.) A.Gray,Synonym,Thelypteris palustris,Schott,Aspleniaceae,Thelypteris,Species,17226930-1,exact_full
Duchesnea indica (Andr.) Focke,Duchesnea indica (Andrews) Teschem.,Synonym,Potentilla indica,(Andrews) Th.Wolf,Rosaceae,Potentilla,Species,728289-1,exact_name_unique
Echinaria capitata (L.) Desf.,Echinaria capitata (L.) Desf.,Accepted,Echinaria capitata,(L.) Desf.,Poaceae,Echinaria,Species,399644-1,exact_full
Echinochloa crus-galli (L.) Beauv.,Echinochloa crus-galli (L.) P.Beauv.,Accepted,Echinochloa crus-galli,(L.) P.Beauv.,Poaceae,Echinochloa,Species,399660-1,exact_name_unique
Echinochloa oryzoides (Ard.) Fritsch,Echinochloa oryzoides (Ard.) Fritsch,Accepted,Echinochloa oryzoides,(Ard.) Fritsch,Poaceae,Echinochloa,Species,399717-1,exact_full
Echinophora sibthorpiana Guss.,Echinophora sibthorpiana Guss.,Accepted,Echinophora sibthorpiana,Guss.,Apiaceae,Echinophora,Species,841513-1,exact_full
Echinops babatagensis Tscherneva,Echinops babatagensis Tschern.,Accepted,Echinops babatagensis,Tschern.,Asteraceae,Echinops,Species,202411-1,exact_name_unique
Echinops brevipenicillatus Tscherneva,Echinops brevipenicillatus Tschern.,Accepted,Echinops brevipenicillatus,Tschern.,Asteraceae,Echinops,Species,202424-1,exact_name_unique
Echinops cornigerus DC.,Echinops cornigerus DC.,Accepted,Echinops cornigerus,DC.,Asteraceae,Echinops,Species,202451-1,exact_full
Echinops dasyanthus Regel & Schmalh.,Echinops dasyanthus Regel & Schmalh.,Accepted,Echinops dasyanthus,Regel & Schmalh.,Asteraceae,Echinops,Species,202458-1,exact_full
Echinops dubjanskyi Iljin,Echinops dubjanskyi Iljin,Accepted,Echinops dubjanskyi,Iljin,Asteraceae,Echinops,Species,202464-1,exact_full
Echinops karatavicus Regel & Schmalh.,Echinops karatavicus Regel & Schmalh.,Accepted,Echinops karatavicus,Regel & Schmalh.,Asteraceae,Echinops,Species,202546-1,exact_full
Echinops knorringianus Iljin,Echinops knorringianus Iljin,Accepted,Echinops knorringianus,Iljin,Asteraceae,Echinops,Species,202550-1,exact_full
Echinops leiopolyceras Bornm.,Echinops leiopolyceras Bornm.,Accepted,Echinops leiopolyceras,Bornm.,Asteraceae,Echinops,Species,202565-1,exact_full
Echinops leucographus Bunge,Echinops leucographus Bunge,Accepted,Echinops leucographus,Bunge,Asteraceae,Echinops,Species,202567-1,exact_full
Echinops lipskyi Iljin,Echinops lipskyi Iljin,Accepted,Echinops lipskyi,Iljin,Asteraceae,Echinops,Species,202569-1,exact_full
Echinops maracandicus Bunge,Echinops maracandicus Bunge,Accepted,Echinops maracandicus,Bunge,Asteraceae,Echinops,Species,202580-1,exact_full
Echinops meyeri (DC.) Iljin,Echinops meyeri Iljin,Synonym,Echinops ritro subsp. meyeri,(DC.) Kožuharov,Asteraceae,Echinops,Subspecies,877179-1,exact_name_unique
Echinops multicaulis Nevski,Echinops multicaulis Nevski,Accepted,Echinops multicaulis,Nevski,Asteraceae,Echinops,Species,202591-1,exact_full
Echinops nanus Bunge,Echinops nanus Bunge,Accepted,Echinops nanus,Bunge,Asteraceae,Echinops,Species,202595-1,exact_full
Echinops nuratavicus A.D. Li,Echinops nuratavicus A.D.Li,Accepted,Echinops nuratavicus,A.D.Li,Asteraceae,Echinops,Species,934041-1,exact_full
Echinops tianschanicus Bobrov,Echinops tjanschanicus Bobrov,Accepted,Echinops tjanschanicus,Bobrov,Asteraceae,Echinops,Species,202710-1,canon_exact
Echinops tschimganicus B. Fedtsch.,Echinops tschimganicus B.Fedtsch.,Accepted,Echinops tschimganicus,B.Fedtsch.,Asteraceae,Echinops,Species,202716-1,exact_full
Echium biebersteinii (Lacaita) Dobrocz.,Echium biebersteinii (Lacaita) Dobrocz.,Synonym,Echium italicum subsp. biebersteinii,(Lacaita) Greuter & Burdet,Boraginaceae,Echium,Subspecies,919878-1,exact_full
Echium vulgare L.,Echium vulgare L.,Accepted,Echium vulgare,L.,Boraginaceae,Echium,Species,115950-1,exact_full
Eclipta prostrata (L.) L.,Eclipta prostrata (L.) L.,Accepted,Eclipta prostrata,(L.) L.,Asteraceae,Eclipta,Species,1186403-2,exact_full
Elaeagnus angustifolia L.,Elaeagnus angustifolia L.,Accepted,Elaeagnus angustifolia,L.,Elaeagnaceae,Elaeagnus,Species,323646-1,name_multi_author_ok
Elaeagnus orientalis L.,Elaeagnus orientalis L.,Synonym,Elaeagnus angustifolia,L.,Elaeagnaceae,Elaeagnus,Species,323646-1,exact_full
Elaeagnus oxycarpa Schlecht.,Elaeagnus oxycarpa Schltdl.,Synonym,Elaeagnus angustifolia,L.,Elaeagnaceae,Elaeagnus,Species,323646-1,exact_name_unique
Elaeagnus turcomanica N. Kozlowsk.,Elaeagnus turcomanica Kozlowsk.,Synonym,Elaeagnus angustifolia,L.,Elaeagnaceae,Elaeagnus,Species,323646-1,exact_name_unique
"Elaeosticta alaica (Lipsky) Kljuykov, Pimenov & V.N. Tikhom.","Elaeosticta alaica (Lipsky) Kljuykov, Pimenov & V.N.Tikhom.",Accepted,Elaeosticta alaica,"(Lipsky) Kljuykov, Pimenov & V.N.Tikhom.",Apiaceae,Elaeosticta,Species,841545-1,exact_full
"Elaeosticta allioides (Regel & Schmalh.) Kljuykov, Pimenov & V.N. Tikhom.","Elaeosticta allioides (Regel & Schmalh.) Kljuykov, Pimenov & V.N.Tikhom.",Accepted,Elaeosticta allioides,"(Regel & Schmalh.) Kljuykov, Pimenov & V.N.Tikhom.",Apiaceae,Elaeosticta,Species,841546-1,exact_full
"Elaeosticta bucharica (Korovin) Kljuykov, Pimenov & V.N. Tikhom.","Elaeosticta bucharica (Korovin) Kljuykov, Pimenov & V.N.Tikhom.",Accepted,Elaeosticta bucharica,"(Korovin) Kljuykov, Pimenov & V.N.Tikhom.",Apiaceae,Elaeosticta,Species,841547-1,exact_full
Elaeosticta conica Korovin,Elaeosticta conica Korovin,Accepted,Elaeosticta conica,Korovin,Apiaceae,Elaeosticta,Species,841549-1,exact_full
"Elaeosticta ferganensis (Lipsky) Kljuykov, Pimenov & V.N. Tikhom.","Elaeosticta ferganensis (Lipsky) Kljuykov, Pimenov & V.N.Tikhom.",Accepted,Elaeosticta ferganensis,"(Lipsky) Kljuykov, Pimenov & V.N.Tikhom.",Apiaceae,Elaeosticta,Species,841550-1,exact_full
"Elaeosticta hirtula (Regel & Schmalh.) Kljuykov, Pimenov & V.N. Tikhom.","Elaeosticta hirtula (Regel & Schmalh.) Kljuykov, Pimenov & V.N.Tikhom.",Accepted,Elaeosticta hirtula,"(Regel & Schmalh.) Kljuykov, Pimenov & V.N.Tikhom.",Apiaceae,Elaeosticta,Species,841553-1,exact_full
Elaeosticta knorringiana (Korovin) Korovin,Elaeosticta knorringiana (Korovin) Korovin,Accepted,Elaeosticta knorringiana,(Korovin) Korovin,Apiaceae,Elaeosticta,Species,841554-1,exact_full
Elaeosticta paniculata (Korovin) Kljuykov & Pimenov,Elaeosticta paniculata (Korovin) Kljuykov & Pimenov,Accepted,Elaeosticta paniculata,(Korovin) Kljuykov & Pimenov,Apiaceae,Elaeosticta,Species,910569-1,exact_full
"Elaeosticta polycarpa (Korovin) Kljuykov, Pimenov & V.N. Tikhom.","Elaeosticta polycarpa (Korovin) Kljuykov, Pimenov & V.N.Tikhom.",Accepted,Elaeosticta polycarpa,"(Korovin) Kljuykov, Pimenov & V.N.Tikhom.",Apiaceae,Elaeosticta,Species,20011177-1,exact_full
"Elaeosticta samarkandica (Korovin) Kljuykov, Pimenov & V.N. Tikhom.","Elaeosticta samarkandica (Korovin) Kljuykov, Pimenov & V.N.Tikhom.",Accepted,Elaeosticta samarkandica,"(Korovin) Kljuykov, Pimenov & V.N.Tikhom.",Apiaceae,Elaeosticta,Species,841562-1,exact_full
Elaeosticta seravschanica Kljuykov & Pimenov,Elaeosticta seravschanica Kljuykov & Pimenov,Accepted,Elaeosticta seravschanica,Kljuykov & Pimenov,Apiaceae,Elaeosticta,Species,841564-1,exact_full
"Elaeosticta transitoria (Korovin) Kljuykov, Pimenov & V.N. Tikhom.","Elaeosticta transitoria (Korovin) Kljuykov, Pimenov & V.N.Tikhom.",Accepted,Elaeosticta transitoria,"(Korovin) Kljuykov, Pimenov & V.N.Tikhom.",Apiaceae,Elaeosticta,Species,20011176-1,exact_full
"Elaeosticta tschimganica (Korovin) Kljuykov, Pimenov & V.N. Tikhom.","Elaeosticta tschimganica (Korovin) Kljuykov, Pimenov & V.N.Tikhom.",Accepted,Elaeosticta tschimganica,"(Korovin) Kljuykov, Pimenov & V.N.Tikhom.",Apiaceae,Elaeosticta,Species,841567-1,exact_full
Elaeosticta ugamica (Korovin) Korovin,Elaeosticta ugamica (Korovin) Korovin,Accepted,Elaeosticta ugamica,(Korovin) Korovin,Apiaceae,Elaeosticta,Species,841568-1,exact_full
"Elaeosticta vvedenskyi (Kamelin) Kljuykov, Pimenov & V.N. Tikhom.","Elaeosticta vvedenskyi (Kamelin) Kljuykov, Pimenov & V.N.Tikhom.",Accepted,Elaeosticta vvedenskyi,"(Kamelin) Kljuykov, Pimenov & V.N.Tikhom.",Apiaceae,Elaeosticta,Species,20011178-1,exact_full
Eleocharis argyrolepis Kier.,Eleocharis argyrolepis Kierulff,Accepted,Eleocharis argyrolepis,Kierulff,Cyperaceae,Eleocharis,Species,928066-1,exact_name_unique
Eleocharis atropurpurea (Retz.) Kunth,Eleocharis atropurpurea (Retz.) J.Presl & C.Presl,Accepted,Eleocharis atropurpurea,(Retz.) J.Presl & C.Presl,Cyperaceae,Eleocharis,Species,306687-1,exact_name_unique
Eleocharis meridionalis Zinserl.,Eleocharis meridionalis Zinserl.,Synonym,Eleocharis quinqueflora,(Hartmann) O.Schwarz,Cyperaceae,Eleocharis,Species,307064-1,exact_full
Eleocharis mitracarpa Steud.,Eleocharis mitracarpa Steud.,Accepted,Eleocharis mitracarpa,Steud.,Cyperaceae,Eleocharis,Species,306957-1,exact_full
"Eleocharis parvula (Roem. & Schult.) Bluff, Nees & Schauer","Eleocharis parvula (Roem. & Schult.) Link ex Bluff, Nees & Schauer",Accepted,Eleocharis parvula,"(Roem. & Schult.) Link ex Bluff, Nees & Schauer",Cyperaceae,Eleocharis,Species,30239137-2,exact_name_unique
Eleocharis uniglumis (Link) Schult.,Eleocharis uniglumis (Link) Schult.,Accepted,Eleocharis uniglumis,(Link) Schult.,Cyperaceae,Eleocharis,Species,307177-1,exact_full
Eleusine indica (L.) Gaerth.,Eleusine indica (L.) Gaertn.,Accepted,Eleusine indica,(L.) Gaertn.,Poaceae,Eleusine,Species,74675-3,exact_name_unique
Elisanthe ferganica (Preobr.) A. Devjatov & V.N. Tikhom.,Elisanthe ferganica (Preobr.) Devyatov & V.N.Tikhom.,Synonym,Silene ferganica,Preobr.,Caryophyllaceae,Silene,Species,157340-1,exact_name_unique
Elisanthe noctiflora (L.) Willk.,Elisanthe noctiflora (L.) Willk.,Synonym,Silene noctiflora,L.,Caryophyllaceae,Silene,Species,304203-2,exact_full
Elisanthe ruinaria Popov,Elisanthe ruinara (Popov) Devyatov & V.N.Tikhom.,Synonym,Silene ruinarum,Popov,Caryophyllaceae,Silene,Species,158267-1,canon_fuzzy1
Elisanthe suaveolens (Kar. & Kir.) A. Devjatov & V.N. Tikhom.,Elisanthe suaveolens (Kar. & Kir.) Devyatov & V.N.Tikhom.,Synonym,Silene suaveolens,Kar. & Kir.,Caryophyllaceae,Silene,Species,158456-1,exact_name_unique
Elisanthe turkestanica (Regel) Lazkov,Elisanthe turkestanica (Regel) Lazkov,Synonym,Silene turkestanica,Regel,Caryophyllaceae,Silene,Species,158573-1,exact_full
Elisanthe viscosa (L.) Rupr.,Elisanthe viscosa (L.) Rupr.,Synonym,Silene viscosa,(L.) Pers.,Caryophyllaceae,Silene,Species,158660-1,exact_full
Elwendia bucharica Kljuykov & Lyskov,Elwendia bucharica Kljuykov & Lyskov,Accepted,Elwendia bucharica,Kljuykov & Lyskov,Apiaceae,Elwendia,Species,77192552-1,exact_full
Elwendia ugamica Kljuykov & Lyskov,Elwendia ugamica Kljuykov & Lyskov,Accepted,Elwendia ugamica,Kljuykov & Lyskov,Apiaceae,Elwendia,Species,77192553-1,exact_full
Elwendia vaginata (Boiss.) Pimenov & Kljuykov,Elwendia vaginata (Korovin) Pimenov & Kljuykov,Accepted,Elwendia vaginata,(Korovin) Pimenov & Kljuykov,Apiaceae,Elwendia,Species,77128925-1,exact_name_unique
Elymus alaicus Korsch.,Elymus alaicus Korsh.,Synonym,Leymus alaicus,(Korsh.) Tzvelev,Poaceae,Leymus,Species,407306-1,exact_name_unique
Elymus angustus Trin.,Elymus angustus Trin.,Synonym,Leymus angustus,(Trin.) Pilg.,Poaceae,Leymus,Species,407308-1,exact_full
Elymus dahuricus Turcz.,Elymus dahuricus Turcz. ex Griseb.,Synonym,Campeiostachys dahurica,"(Turcz. ex Griseb.) B.R.Baum, J.L.Yang & C.Yen",Poaceae,Campeiostachys,Species,77323248-1,exact_name_unique
Elymus dasystachys Trin.,Elymus dasystachys Trin.,Synonym,Leymus secalinus,(Georgi) Tzvelev,Poaceae,Leymus,Species,407350-1,exact_full
Elymus divaricatus Drobow,Elymus divaricatus Drobow,Synonym,Leymus divaricatus,(Drobow) Tzvelev,Poaceae,Leymus,Species,407316-1,exact_full
Elymus flexilis (Nevski) N. Kuzn.,Elymus flexilis (Nevski) N.M.Kusn.,Synonym,Leymus flexilis,(Nevski) Tzvelev,Poaceae,Leymus,Species,407320-1,exact_name_unique
Elymus kirghisorum Drobow,Elymus kirghisorum Drobow,Synonym,Leymus karelinii,(Turcz.) Tzvelev,Poaceae,Leymus,Species,407326-1,exact_full
Elymus kronenburgii (Hack.) Nikif.,Elymus kronenburgii (Hack.) Nikif.,Synonym,Psathyrostachys kronenburgii,(Hack.) Nevski,Poaceae,Psathyrostachys,Species,418807-1,exact_full
Elymus lanatus Korsh.,Elymus lanatus Korsh.,Synonym,Leymus lanatus,(Korsh.) Tzvelev,Poaceae,Leymus,Species,407331-1,exact_full
Elymus latiglumis Nikif.,Elymus latiglumis Nikif.,Illegitimate,Leymus latiglumis,Tzvelev,Poaceae,Leymus,Species,407332-1,name_multi_author_ok
Elymus multicaulis Kar. & Kir.,Elymus multicaulis Kar. & Kir.,Synonym,Leymus multicaulis,(Kar. & Kir.) Tzvelev,Poaceae,Leymus,Species,407336-1,exact_full
Elymus nutans Griseb.,Elymus nutans Griseb.,Synonym,Campeiostachys nutans,"(Griseb.) B.R.Baum, J.L.Yang & C.Yen",Poaceae,Campeiostachys,Species,77323262-1,exact_full
Elymus racemosus Lam.,Elymus racemosus Lam.,Synonym,Leymus racemosus,(Lam.) Tzvelev,Poaceae,Leymus,Species,407344-1,name_multi_author_ok
Elymus sibiricus L.,Elymus sibiricus L.,Accepted,Elymus sibiricus,L.,Poaceae,Elymus,Species,400434-1,exact_full
Elymus tianschanicus Drobow,Elymus tianschanicus Drobow,Synonym,Leymus tianschanicus,(Drobow) Tzvelev,Poaceae,Leymus,Species,407351-1,exact_full
Elymus uzbekistanicus Usupbaev & K.B.Alieva,Elymus uzbekistanicus Usupbaev & K.B.Alieva,Accepted,Elymus uzbekistanicus,Usupbaev & K.B.Alieva,Poaceae,Elymus,Species,77362642-1,exact_full
Emex australis Steinh.,Emex australis Steinh.,Synonym,Rumex hypogaeus,T.M.Schust. & Reveal,Polygonaceae,Rumex,Species,77152626-1,exact_full
Emex spinosa (L.) Campd.,Emex spinosa (L.) Campd.,Synonym,Rumex spinosus,L.,Polygonaceae,Rumex,Species,697516-1,exact_full
Eminium albertii (Regel) Engl.,Eminium alberti (Regel) Engl.,Accepted,Eminium alberti,(Regel) Engl.,Araceae,Eminium,Species,86993-1,canon_exact
Eminium lehmanii (Bunge) O. Kuntze,Eminium lehmannii (Bunge) Kuntze,Accepted,Eminium lehmannii,(Bunge) Kuntze,Araceae,Eminium,Species,86998-1,canon_exact
Eminium regelii Vved. ex Lapin.,Eminium regelii Vved.,Accepted,Eminium regelii,Vved.,Araceae,Eminium,Species,87000-1,exact_name_unique
Enneapogon persicus Boiss.,Enneapogon persicus Boiss.,Accepted,Enneapogon persicus,Boiss.,Poaceae,Enneapogon,Species,400645-1,exact_full
Ephedra botschantzevii Pachom.,Ephedra botschantzevii Pachom.,Accepted,Ephedra botschantzevii,Pachom.,Ephedraceae,Ephedra,Species,326011-1,exact_full
Ephedra distachya L.,Ephedra distachya L.,Accepted,Ephedra distachya,L.,Ephedraceae,Ephedra,Species,383381-1,exact_full
Ephedra equisetina Bunge,Ephedra equisetina Bunge,Accepted,Ephedra equisetina,Bunge,Ephedraceae,Ephedra,Species,928049-1,exact_full
Ephedra fedtschenkoae Paulsen,Ephedra fedtschenkoae Paulsen,Accepted,Ephedra fedtschenkoae,Paulsen,Ephedraceae,Ephedra,Species,383390-1,exact_full
Ephedra foliata Boiss. ex C.A.Mey.,Ephedra foliata Boiss. ex C.A.Mey.,Synonym,Ephedra ciliata,Fisch. & C.A.Mey.,Ephedraceae,Ephedra,Species,383372-1,exact_full
Ephedra gerardiana Wall. ex Stapf,Ephedra gerardiana Wall. ex Klotzsch & Garcke,Accepted,Ephedra gerardiana,Wall. ex Klotzsch & Garcke,Ephedraceae,Ephedra,Species,60470164-2,exact_name_unique
Ephedra glauca Regel,Ephedra glauca Regel,Accepted,Ephedra glauca,Regel,Ephedraceae,Ephedra,Species,383403-1,exact_full
Ephedra intermedia Schrenk & C.A.Mey.,Ephedra intermedia Schrenk & C.A.Mey.,Accepted,Ephedra intermedia,Schrenk & C.A.Mey.,Ephedraceae,Ephedra,Species,383409-1,exact_full
Ephedra lomatolepis Schrenk,Ephedra lomatolepis Schrenk,Accepted,Ephedra lomatolepis,Schrenk,Ephedraceae,Ephedra,Species,383415-1,exact_full
Ephedra przewalskii Stapf,Ephedra przewalskii Stapf,Accepted,Ephedra przewalskii,Stapf,Ephedraceae,Ephedra,Species,383449-1,exact_full
Ephedra regeliana Florin,Ephedra regeliana Florin,Accepted,Ephedra regeliana,Florin,Ephedraceae,Ephedra,Species,383451-1,exact_full
Ephedra strobilacea Bunge,Ephedra strobilacea Bunge,Accepted,Ephedra strobilacea,Bunge,Ephedraceae,Ephedra,Species,928048-1,exact_full
Epilasia acrolasia (Bunge) C.B. Clarke,Epilasia acrolasia (Bunge) C.B.Clarke,Accepted,Epilasia acrolasia,(Bunge) C.B.Clarke,Asteraceae,Epilasia,Species,203263-1,exact_full
Epilasia hemilasia (Bunge) C.B. Clarke,Epilasia hemilasia (Bunge) C.B.Clarke,Accepted,Epilasia hemilasia,(Bunge) C.B.Clarke,Asteraceae,Epilasia,Species,203269-1,exact_full
Epilasia mirabilis Lipsch.,Epilasia mirabilis Lipsch.,Accepted,Epilasia mirabilis,Lipsch.,Asteraceae,Epilasia,Species,203275-1,exact_full
Epilobium confusum Hausskn.,Epilobium confusum Hausskn.,Accepted,Epilobium confusum,Hausskn.,Onagraceae,Epilobium,Species,611741-1,exact_full
Epilobium hirsutum L.,Epilobium hirsutum L.,Accepted,Epilobium hirsutum,L.,Onagraceae,Epilobium,Species,611919-1,exact_full
Epilobium komarovii Ovcz.,Epilobium komarovii Ovcz.,Accepted,Epilobium komarovii,Ovcz.,Onagraceae,Epilobium,Species,928513-1,exact_full
Epilobium minutiflorum Hausskn.,Epilobium minutiflorum Hausskn.,Accepted,Epilobium minutiflorum,Hausskn.,Onagraceae,Epilobium,Species,612055-1,exact_full
Epilobium modestum Hausskn.,Epilobium modestum Hausskn.,Synonym,Epilobium minutiflorum,Hausskn.,Onagraceae,Epilobium,Species,612055-1,exact_full
Epilobium nervosum Boiss.,Epilobium nervosum Boiss. & Buhse,Synonym,Epilobium roseum subsp. subsessile,(Boiss.) P.H.Raven,Onagraceae,Epilobium,Subspecies,77250620-1,exact_name_unique
Epilobium palustre L.,Epilobium palustre L.,Accepted,Epilobium palustre,L.,Onagraceae,Epilobium,Species,612155-1,name_multi_author_ok
Epilobium parviflorum Schreb.,Epilobium parviflorum Schreb.,Accepted,Epilobium parviflorum,Schreb.,Onagraceae,Epilobium,Species,612163-1,name_multi_author_ok
Epilobium subnivale Popov ex Pavlov,Epilobium subnivale Popov ex Pavlov,Synonym,Epilobium laxum,Royle,Onagraceae,Epilobium,Species,611997-1,exact_full
Epilobium tetragonium L.,Epilobium tetragonum L.,Accepted,Epilobium tetragonum,L.,Onagraceae,Epilobium,Species,612378-1,manual_alias
Epilobium tianschanicum Pavlov,Epilobium tianschanicum Pavlov,Accepted,Epilobium tianschanicum,Pavlov,Onagraceae,Epilobium,Species,612388-1,exact_full
Epilobium turkestanicum Pazij & Vved.,Epilobium turkestanicum Pazij & Vved.,Accepted,Epilobium turkestanicum,Pazij & Vved.,Onagraceae,Epilobium,Species,612410-1,exact_full
Epilobium velutinum Nevski,Epilobium velutinum Nevski,Illegitimate,Epilobium hirsutum,L.,Onagraceae,Epilobium,Species,611919-1,exact_full
Epipactis latifolia (L.) All.,Epipactis latifolia (L.) All.,Synonym,Epipactis helleborine subsp. helleborine,"",Orchidaceae,Epipactis,Subspecies,77168230-1,name_multi_author_ok
Epipactis palustris (L.) Crantz,Epipactis palustris (L.) Crantz,Accepted,Epipactis palustris,(L.) Crantz,Orchidaceae,Epipactis,Species,633289-1,exact_full
Epipactis royleana Lindl.,Epipactis royleana Lindl.,Accepted,Epipactis royleana,Lindl.,Orchidaceae,Epipactis,Species,633324-1,exact_full
Equisetum arvense L.,Equisetum arvense L.,Accepted,Equisetum arvense,L.,Equisetaceae,Equisetum,Species,300073-2,exact_full
Equisetum hyemale L.,Equisetum hyemale L.,Accepted,Equisetum hyemale,L.,Equisetaceae,Equisetum,Species,92939-2,exact_full
Equisetum ramosissimum Desf.,Equisetum ramosissimum Desf.,Accepted,Equisetum ramosissimum,Desf.,Equisetaceae,Equisetum,Species,93010-2,name_multi_author_ok
Eragrostis cilianensis (All.) Vign.-Lut. ex Janch.,Eragrostis cilianensis (All.) Vignolo ex Janch.,Accepted,Eragrostis cilianensis,(All.) Vignolo ex Janch.,Poaceae,Eragrostis,Species,1104599-2,exact_name_unique
Eragrostis minor Host,Eragrostis minor Host,Accepted,Eragrostis minor,Host,Poaceae,Eragrostis,Species,401317-1,exact_full
Eragrostis pilosa (L.) Beauv.,Eragrostis pilosa (L.) P.Beauv.,Accepted,Eragrostis pilosa,(L.) P.Beauv.,Poaceae,Eragrostis,Species,1180620-2,exact_name_unique
Eragrostis suaveolens A. Beck. ex Claus,Eragrostis suaveolens A.K.Becker ex Claus,Synonym,Eragrostis minor var. minor,"",Poaceae,Eragrostis,Variety,3322292-4,exact_name_unique
Eremodaucus lehmannii Bunge,Eremodaucus lehmannii Bunge,Accepted,Eremodaucus lehmannii,Bunge,Apiaceae,Eremodaucus,Species,841609-1,exact_full
Eremolimon botschantzevii Lincz.,Eremolimon botschantzevii Lincz.,Synonym,Limonium botschantzevii,"(Lincz.) M.Malekm., Akhani & Borsch",Plumbaginaceae,Limonium,Species,77173656-1,exact_full
Eremolimon drepanostachyum (Ik.-Gal.) Lincz.,Eremolimon drepanostachyum (Ikonn.-Gal.) Lincz.,Synonym,Limonium drepanostachyum,Ikonn.-Gal.,Plumbaginaceae,Limonium,Species,686747-1,exact_name_unique
Eremolimon jarmolenkoi Lincz.,Eremolimon jarmolenkoi Lincz.,Synonym,Limonium sogdianum,(Popov) Ikonn.-Gal.,Plumbaginaceae,Limonium,Species,686981-1,exact_full
Eremolimon piptopodum (Nevski) Lincz.,Eremolimon piptopodum (Nevski) Lincz.,Synonym,Limonium sogdianum,(Popov) Ikonn.-Gal.,Plumbaginaceae,Limonium,Species,686981-1,exact_full
Eremolimon sogdianum (Ik.-Gal.) Lincz.,Eremolimon sogdianum (Popov) Lincz.,Synonym,Limonium sogdianum,(Popov) Ikonn.-Gal.,Plumbaginaceae,Limonium,Species,686981-1,exact_name_unique
Eremopyrum bonaepartis (Spreng.) Nevski,Eremopyrum bonaepartis (Spreng.) Nevski,Accepted,Eremopyrum bonaepartis,(Spreng.) Nevski,Poaceae,Eremopyrum,Species,50875371-1,exact_full
Eremopyrum distans (Koch) Nevski,Eremopyrum distans (K.Koch) Nevski,Accepted,Eremopyrum distans,(K.Koch) Nevski,Poaceae,Eremopyrum,Species,401778-1,exact_name_unique
Eremopyrum orientale (L.) Jaub. & Spach,Eremopyrum orientale (L.) Jaub. & Spach,Accepted,Eremopyrum orientale,(L.) Jaub. & Spach,Poaceae,Eremopyrum,Species,401783-1,exact_full
Eremopyrum triticeum (Gaertn.) Nevski,Eremopyrum triticeum (Gaertn.) Nevski,Accepted,Eremopyrum triticeum,(Gaertn.) Nevski,Poaceae,Eremopyrum,Species,401791-1,exact_full
Eremosparton aphyllum (Pall.) Fisch. & C.A. Mey.,Eremosparton aphyllum (Pall.) Fisch. & C.A.Mey.,Accepted,Eremosparton aphyllum,(Pall.) Fisch. & C.A.Mey.,Fabaceae,Eremosparton,Species,493950-1,exact_full
Eremosparton flaccidum Litv.,Eremosparton flaccidum Litv.,Accepted,Eremosparton flaccidum,Litv.,Fabaceae,Eremosparton,Species,493951-1,exact_full
Eremurus aitchisonii Baker,Eremurus aitchisonii Baker,Accepted,Eremurus aitchisonii,Baker,Asphodelaceae,Eremurus,Species,534666-1,exact_full
Eremurus alberti Regel,Eremurus alberti Regel,Accepted,Eremurus alberti,Regel,Asphodelaceae,Eremurus,Species,534667-1,exact_full
Eremurus altaicus (Pall.) Stev.,Eremurus altaicus (Pall.) Steven,Accepted,Eremurus altaicus,(Pall.) Steven,Asphodelaceae,Eremurus,Species,534670-1,exact_name_unique
Eremurus ambigens Vved.,Eremurus ambigens Vved.,Synonym,Eremurus stenophyllus subsp. ambigens,(Vved.) Wendelbo,Asphodelaceae,Eremurus,Subspecies,920909-1,exact_full
Eremurus ammophilus Vved.,Eremurus ammophilus Vved.,Accepted,Eremurus ammophilus,Vved.,Asphodelaceae,Eremurus,Species,534672-1,exact_full
Eremurus anisopterus (Kar. & Kir.) Regel,Eremurus anisopterus (Kar. & Kir.) Regel,Accepted,Eremurus anisopterus,(Kar. & Kir.) Regel,Asphodelaceae,Eremurus,Species,534674-1,exact_full
Eremurus baissunensis O. Fedtsch.,Eremurus baissunensis O.Fedtsch.,Accepted,Eremurus baissunensis,O.Fedtsch.,Asphodelaceae,Eremurus,Species,534681-1,exact_full
Eremurus chloranthus Popov,Eremurus chloranthus Popov,Accepted,Eremurus chloranthus,Popov,Asphodelaceae,Eremurus,Species,534690-1,exact_full
Eremurus comosus O. Fedtsch.,Eremurus comosus O.Fedtsch.,Accepted,Eremurus comosus,O.Fedtsch.,Asphodelaceae,Eremurus,Species,534691-1,exact_full
Eremurus ferganicus Vved.,,,,,,,,,not_found
Eremurus fuscus (O. Fedtsch.) Vved.,Eremurus fuscus (O.Fedtsch.) Vved.,Accepted,Eremurus fuscus,(O.Fedtsch.) Vved.,Asphodelaceae,Eremurus,Species,534696-1,exact_full
Eremurus hilariae Popov & Vved.,Eremurus hilariae Popov & Vved.,Accepted,Eremurus hilariae,Popov & Vved.,Asphodelaceae,Eremurus,Species,534700-1,exact_full
Eremurus hissaricus Vved.,Eremurus hissaricus Vved.,Accepted,Eremurus hissaricus,Vved.,Asphodelaceae,Eremurus,Species,534702-1,exact_full
Eremurus iae Vved.,Eremurus iae Vved.,Accepted,Eremurus iae,Vved.,Asphodelaceae,Eremurus,Species,534703-1,exact_full
Eremurus inderiensis (Stev.) Regel,Eremurus inderiensis (M.Bieb.) Regel,Accepted,Eremurus inderiensis,(M.Bieb.) Regel,Asphodelaceae,Eremurus,Species,534704-1,exact_name_unique
Eremurus kaufmannii Regel,Eremurus kaufmannii Regel,Accepted,Eremurus kaufmannii,Regel,Asphodelaceae,Eremurus,Species,534709-1,exact_full
Eremurus korolkowii Regel,Eremurus korolkowii Regel,Accepted,Eremurus korolkowii,Regel,Asphodelaceae,Eremurus,Species,534708-1,exact_full
Eremurus korovinii B. Fedtsch.,Eremurus korowinii B.Fedtsch.,Accepted,Eremurus korowinii,B.Fedtsch.,Asphodelaceae,Eremurus,Species,77150291-1,canon_exact
Eremurus lachnostegius Vved.,Eremurus lachnostegius Vved.,Accepted,Eremurus lachnostegius,Vved.,Asphodelaceae,Eremurus,Species,534713-1,exact_full
Eremurus lactiflorus O. Fedtsch.,Eremurus lactiflorus O.Fedtsch.,Accepted,Eremurus lactiflorus,O.Fedtsch.,Asphodelaceae,Eremurus,Species,534714-1,exact_full
Eremurus luteus Baker,Eremurus luteus Baker,Accepted,Eremurus luteus,Baker,Asphodelaceae,Eremurus,Species,534717-1,exact_full
Eremurus nuratavicus A.P. Khohkr.,Eremurus nuratavicus Khokhr.,Accepted,Eremurus nuratavicus,Khokhr.,Asphodelaceae,Eremurus,Species,534720-1,exact_name_unique
Eremurus olgae Regel,Eremurus olgae Regel,Accepted,Eremurus olgae,Regel,Asphodelaceae,Eremurus,Species,534721-1,exact_full
Eremurus parviflorus Regel,Eremurus parviflorus Regel,Accepted,Eremurus parviflorus,Regel,Asphodelaceae,Eremurus,Species,534722-1,exact_full
Eremurus pubescens Vved.,Eremurus pubescens Vved.,Accepted,Eremurus pubescens,Vved.,Asphodelaceae,Eremurus,Species,534726-1,exact_full
Eremurus regelii Vved.,Eremurus regelii Vved.,Accepted,Eremurus regelii,Vved.,Asphodelaceae,Eremurus,Species,534728-1,exact_full
Eremurus robustus (Regel) Regel,Eremurus robustus (Regel) Regel,Accepted,Eremurus robustus,(Regel) Regel,Asphodelaceae,Eremurus,Species,534729-1,exact_full
Eremurus roseolus Vved.,Eremurus roseolus Vved.,Accepted,Eremurus roseolus,Vved.,Asphodelaceae,Eremurus,Species,534730-1,exact_full
Eremurus sogdianus (Regel) Franch.,Eremurus soogdianus (Regel) Benth. & Hook.f.,Accepted,Eremurus soogdianus,(Regel) Benth. & Hook.f.,Asphodelaceae,Eremurus,Species,534735-1,canon_exact
Eremurus stenophyllus (Boiss. & Buhse) Baker,Eremurus stenophyllus (Boiss. & Buhse) Baker,Accepted,Eremurus stenophyllus,(Boiss. & Buhse) Baker,Asphodelaceae,Eremurus,Species,534738-1,exact_full
Eremurus suvorovii Regel,Eremurus suworowii Regel,Accepted,Eremurus suworowii,Regel,Asphodelaceae,Eremurus,Species,534741-1,canon_exact
Eremurus tianschanicus Pazij & Vved.,Eremurus tianschanicus Pazij & Vved. ex Pavlov,Accepted,Eremurus tianschanicus,Pazij & Vved. ex Pavlov,Asphodelaceae,Eremurus,Species,534747-1,exact_name_unique
Eremurus turkestanicus Vved.,Eremurus turkestanicus Regel,Accepted,Eremurus turkestanicus,Regel,Asphodelaceae,Eremurus,Species,534748-1,exact_name_unique
Eremurus zenaidae Vved.,Eremurus zenaidae Vved.,Accepted,Eremurus zenaidae,Vved.,Asphodelaceae,Eremurus,Species,534753-1,exact_full
Erianthus ravennae (L.) Beauv.,Erianthus ravennae (L.) P.Beauv.,Synonym,Tripidium ravennae,(L.) H.Scholz,Poaceae,Tripidium,Species,77075505-1,exact_name_unique
Erigeron acris L.,Erigeron acris L.,Accepted,Erigeron acris,L.,Asteraceae,Erigeron,Species,93523-2,exact_full
Erigeron bonariensis L.,Erigeron bonariensis L.,Accepted,Erigeron bonariensis,L.,Asteraceae,Erigeron,Species,93603-2,exact_full
Erigeron heterochaeta (Benth. ex C. B. Clarke) Botsch.,Erigeron heterochaeta Botsch.,Synonym,Tibetiodes asteroides,(DC.) G.L.Nesom,Asteraceae,Tibetiodes,Species,77218921-1,exact_name_unique
Erigeron hissaricus Botsch.,Erigeron hissaricus Botsch.,Accepted,Erigeron hissaricus,Botsch.,Asteraceae,Erigeron,Species,203971-1,exact_full
Erigeron lachnocephalus Botsch.,Erigeron lachnocephalus Botsch.,Accepted,Erigeron lachnocephalus,Botsch.,Asteraceae,Erigeron,Species,204048-1,exact_full
Erigeron pallidus Popov,Erigeron pallidus Popov,Accepted,Erigeron pallidus,Popov,Asteraceae,Erigeron,Species,204267-1,exact_full
Erigeron petroiketes Rech. f.,Erigeron petroiketes Rech.f.,Accepted,Erigeron petroiketes,Rech.f.,Asteraceae,Erigeron,Species,204307-1,exact_full
Erigeron podolicus Bess.,Erigeron podolicus Besser,Synonym,Erigeron acris subsp. podolicus,(Besser) Nyman,Asteraceae,Erigeron,Subspecies,77252241-1,exact_name_unique
Erigeron popovii Botsch.,Erigeron popovii Botsch.,Accepted,Erigeron popovii,Botsch.,Asteraceae,Erigeron,Species,204347-1,exact_full
Erigeron pseudoneglectus Popov,Erigeron pseudoneglectus Popov,Synonym,Erigeron petiolaris,Vierh.,Asteraceae,Erigeron,Species,77181131-1,exact_full
Erigeron pseudoseravschanicus Botsch.,Erigeron pseudoseravschanicus Botsch.,Accepted,Erigeron pseudoseravschanicus,Botsch.,Asteraceae,Erigeron,Species,204372-1,exact_full
Erigeron schmalhausenii Popov,Erigeron schmalhausenii Popov,Accepted,Erigeron schmalhausenii,Popov,Asteraceae,Erigeron,Species,204478-1,exact_full
Erigeron seravschanicus Popov,Erigeron seravschanicus Popov,Accepted,Erigeron seravschanicus,Popov,Asteraceae,Erigeron,Species,204495-1,exact_full
Erigeron sogdianus Popov,Erigeron sogdianus Popov,Accepted,Erigeron sogdianus,Popov,Asteraceae,Erigeron,Species,204516-1,exact_full
Erigeron trimorphopsis Botsch.,Erigeron trimorphopsis Botsch.,Accepted,Erigeron trimorphopsis,Botsch.,Asteraceae,Erigeron,Species,204617-1,exact_full
Erigeron umbrosus (Kar. & Kir.) Boiss.,Erigeron umbrosus (Kar. & Kir.) Boiss.,Synonym,Neobrachyactis roylei,(DC.) Brouillet,Asteraceae,Neobrachyactis,Species,77118019-1,exact_full
Erigeron vicarius Botsch.,Erigeron vicarius Botsch.,Accepted,Erigeron vicarius,Botsch.,Asteraceae,Erigeron,Species,204668-1,exact_full
Eriocaulon sieboldianum Sieb. ex Zucc.,Eriocaulon sieboldianum Siebold & Zucc. ex Steud.,Synonym,Eriocaulon cinereum,R.Br.,Eriocaulaceae,Eriocaulon,Species,335192-1,exact_name_unique
Eriochloa succincta (Trin.) Kunth,Eriochloa succincta (Trin.) Kunth,Accepted,Eriochloa succincta,(Trin.) Kunth,Poaceae,Eriochloa,Species,402061-1,exact_full
Eritrichium villosum (Ledeb.) Bunge,Eritrichium villosum (Ledeb.) Bunge,Accepted,Eritrichium villosum,(Ledeb.) Bunge,Boraginaceae,Eritrichium,Species,116438-1,exact_full
Erodium ciconium (Jusl.) L'Her.,Erodium ciconium (L.) L'Hér.,Accepted,Erodium ciconium,(L.) L'Hér.,Geraniaceae,Erodium,Species,372217-1,exact_name_unique
Erodium cicutarium (L.) L'Her.,Erodium cicutarium (L.) L'Hér.,Accepted,Erodium cicutarium,(L.) L'Hér.,Geraniaceae,Erodium,Species,372219-1,exact_name_unique
Erodium hoefftianum C. A. Mey.,Erodium hoefftianum C.A.Mey.,Accepted,Erodium hoefftianum,C.A.Mey.,Geraniaceae,Erodium,Species,372296-1,exact_full
Erodium litvinovii Woronow,Erodium litwinowii Woronow,Accepted,Erodium litwinowii,Woronow,Geraniaceae,Erodium,Species,77221741-1,canon_exact
Erodium oxyrrhynchum M. Bieb.,Erodium oxyrhinchum M.Bieb.,Accepted,Erodium oxyrhinchum,M.Bieb.,Geraniaceae,Erodium,Species,372375-1,manual_alias
Erophila minima C.A. Mey.,Erophila minima C.A.Mey.,Synonym,Draba minima,(C.A.Mey.) Steud.,Brassicaceae,Draba,Species,282825-1,exact_full
Erophila verna (L.) Besser,Erophila verna (L.) DC.,Synonym,Draba verna,L.,Brassicaceae,Draba,Species,283173-1,exact_name_unique
Erophila verna ssp. praecox (Stev.) Walters,Erophila verna subsp. praecox (Steven) Walters,Synonym,Draba praecox,Steven,Brassicaceae,Draba,Species,282963-1,exact_name_unique
Eruca sativa Mill.,Eruca sativa Mill.,Accepted,Eruca sativa,Mill.,Brassicaceae,Eruca,Species,1110374-2,exact_full
Eryngium caeruleum M.Bieb.,Eryngium caeruleum M.Bieb.,Accepted,Eryngium caeruleum,M.Bieb.,Apiaceae,Eryngium,Species,841696-1,name_multi_author_ok
Eryngium macrocalyx Schrenk,Eryngium macrocalyx Schrenk ex Fisch. & C.A.Mey.,Accepted,Eryngium macrocalyx,Schrenk ex Fisch. & C.A.Mey.,Apiaceae,Eryngium,Species,841898-1,exact_name_unique
Eryngium octophyllum Korovin,Eryngium octophyllum Korovin,Accepted,Eryngium octophyllum,Korovin,Apiaceae,Eryngium,Species,841932-1,exact_full
Erysimim babataghi Korsh.,Erysimum babataghi Korsh.,Accepted,Erysimum babataghi,Korsh.,Brassicaceae,Erysimum,Species,283627-1,manual_alias
Erysimum aksaricum Pavlov,Erysimum aksaricum Pavlov,Accepted,Erysimum aksaricum,Pavlov,Brassicaceae,Erysimum,Species,283558-1,exact_full
Erysimum andrzejowskianum Bess. ex DC.,Erysimum andrzejowskianum DC.,Accepted,Erysimum andrzejowskianum,DC.,Brassicaceae,Erysimum,Species,283587-1,exact_name_unique
Erysimum cyaneum Popov,Erysimum cyaneum Popov,Accepted,Erysimum cyaneum,Popov,Brassicaceae,Erysimum,Species,283749-1,exact_full
Erysimum czernjajevii N. Busch,Erysimum czernjajevii N.Busch,Accepted,Erysimum czernjajevii,N.Busch,Brassicaceae,Erysimum,Species,283751-1,exact_full
Erysimum gypsaceum Botsch. & Vved.,Erysimum gypsaceum Botch. & Vved.,Accepted,Erysimum gypsaceum,Botch. & Vved.,Brassicaceae,Erysimum,Species,978244-1,exact_name_unique
Erysimum hieracifolium L.,Erysimum hieraciifolium L.,Synonym,Erysimum odoratum,Ehrh.,Brassicaceae,Erysimum,Species,284035-1,manual_alias
Erysimum kamelinii D.A. German,Erysimum kamelinii D.A.German,Accepted,Erysimum kamelinii,D.A.German,Brassicaceae,Erysimum,Species,77119381-1,exact_full
Erysimum marschallianum Andrz.,Erysimum marschallianum Andrz. ex DC.,Accepted,Erysimum marschallianum,Andrz. ex DC.,Brassicaceae,Erysimum,Species,283976-1,exact_name_unique
Erysimum nabijevii Adylov,Erysimum nabievii Adylov,Accepted,Erysimum nabievii,Adylov,Brassicaceae,Erysimum,Species,284007-1,canon_exact
Erysimum nuratense Popov ex Botsch. & Vved.,Erysimum nuratense Popov ex Botsch. & Vved.,Synonym,Erysimum violascens,Popov,Brassicaceae,Erysimum,Species,284252-1,exact_full
Erysimum quadrangulum Desf.,Erysimum quadrangulum Desf.,Accepted,Erysimum quadrangulum,Desf.,Brassicaceae,Erysimum,Species,284117-1,exact_full
Erysimum repandum L.,Erysimum repandum L.,Accepted,Erysimum repandum,L.,Brassicaceae,Erysimum,Species,324654-2,exact_full
Erysimum samarkandicum Popov,Erysimum samarkandicum Popov,Accepted,Erysimum samarkandicum,Popov,Brassicaceae,Erysimum,Species,284151-1,exact_full
Erysimum sisymbrioides C.A. Mey.,Erysimum sisymbrioides C.A.Mey.,Accepted,Erysimum sisymbrioides,C.A.Mey.,Brassicaceae,Erysimum,Species,284175-1,exact_full
Erysimum vitellinum Popov,Erysimum vitellinum Popov,Accepted,Erysimum vitellinum,Popov,Brassicaceae,Erysimum,Species,284258-1,exact_full
Euclidium syriacum (L.) W.T. Aiton,Euclidium syriacum (L.) W.T.Aiton,Accepted,Euclidium syriacum,(L.) W.T.Aiton,Brassicaceae,Euclidium,Species,284272-1,exact_full
Eulophia turkestanica (Litv.) Schltr.,Eulophia turkestanica (Litv.) Schltr.,Synonym,Eulophia dabia,(D.Don) Hochr.,Orchidaceae,Eulophia,Species,634538-1,exact_full
Euonymus koopmanii Lauche,Euonymus koopmannii Lauche,Synonym,Euonymus nanus,M.Bieb.,Celastraceae,Euonymus,Species,161031-1,canon_exact
Euonymus semenovii Regel & Herder,Euonymus semenovii Regel & Herder,Accepted,Euonymus semenovii,Regel & Herder,Celastraceae,Euonymus,Species,161118-1,exact_full
Eupatorium cannabinum L.,Eupatorium cannabinum L.,Accepted,Eupatorium cannabinum,L.,Asteraceae,Eupatorium,Species,205581-1,exact_full
Euphorbia alaica Prokh.,Euphorbia alaica (Prokh.) Prokh.,Accepted,Euphorbia alaica,(Prokh.) Prokh.,Euphorbiaceae,Euphorbia,Species,345525-1,exact_name_unique
Euphorbia alatavica Boiss.,Euphorbia alatavica Boiss.,Accepted,Euphorbia alatavica,Boiss.,Euphorbiaceae,Euphorbia,Species,345527-1,exact_full
Euphorbia anisopetala (Prokh.) Prokh.,Euphorbia anisopetala (Prokh.) Prokh.,Accepted,Euphorbia anisopetala,(Prokh.) Prokh.,Euphorbiaceae,Euphorbia,Species,345602-1,exact_full
Euphorbia buhsei Boiss.,Euphorbia buhsei Boiss.,Accepted,Euphorbia buhsei,Boiss.,Euphorbiaceae,Euphorbia,Species,345867-1,exact_full
Euphorbia chamaesyce L.,Euphorbia chamaesyce L.,Accepted,Euphorbia chamaesyce,L.,Euphorbiaceae,Euphorbia,Species,346005-1,exact_full
Euphorbia cheirolepis Fisch. & C. A. Mey. ex Ledeb.,Euphorbia cheirolepis Fisch. & C.A.Mey. ex Karelin,Accepted,Euphorbia cheirolepis,Fisch. & C.A.Mey. ex Karelin,Euphorbiaceae,Euphorbia,Species,346020-1,exact_name_unique
Euphorbia cyrtophylla Prokh.,Euphorbia cyrtophylla (Prokh.) Prokh.,Accepted,Euphorbia cyrtophylla,(Prokh.) Prokh.,Euphorbiaceae,Euphorbia,Species,346209-1,exact_name_unique
Euphorbia davidii Subils,Euphorbia davidii Subils,Accepted,Euphorbia davidii,Subils,Euphorbiaceae,Euphorbia,Species,276643-2,exact_full
Euphorbia densa Schrenk,Euphorbia densa Schrenk,Accepted,Euphorbia densa,Schrenk,Euphorbiaceae,Euphorbia,Species,346254-1,name_multi_author_ok
Euphorbia densiuscula Popov,Euphorbia densiuscula Popov,Accepted,Euphorbia densiuscula,Popov,Euphorbiaceae,Euphorbia,Species,346258-1,exact_full
Euphorbia densiusculiformis (Pazij) Botsch.,Euphorbia densiusculiformis (Pazij) Botsch.,Accepted,Euphorbia densiusculiformis,(Pazij) Botsch.,Euphorbiaceae,Euphorbia,Species,346259-1,exact_full
Euphorbia falcata L.,Euphorbia falcata L.,Accepted,Euphorbia falcata,L.,Euphorbiaceae,Euphorbia,Species,332094-2,exact_full
Euphorbia ferganensis B. Fedtsch.,Euphorbia ferganensis B.Fedtsch.,Accepted,Euphorbia ferganensis,B.Fedtsch.,Euphorbiaceae,Euphorbia,Species,346488-1,exact_full
Euphorbia franchetii B. Fedtsch.,Euphorbia franchetii B.Fedtsch.,Accepted,Euphorbia franchetii,B.Fedtsch.,Euphorbiaceae,Euphorbia,Species,346553-1,exact_full
Euphorbia glomerulans Prokh.,Euphorbia glomerulans (Prokh.) Prokh.,Synonym,Euphorbia esula subsp. esula,"",Euphorbiaceae,Euphorbia,Subspecies,77168338-1,exact_name_unique
Euphorbia granulata Forssk.,Euphorbia granulata Forssk.,Accepted,Euphorbia granulata,Forssk.,Euphorbiaceae,Euphorbia,Species,346683-1,exact_full
Euphorbia helioscopia L.,Euphorbia helioscopia L.,Accepted,Euphorbia helioscopia,L.,Euphorbiaceae,Euphorbia,Species,346754-1,exact_full
Euphorbia humifusa Willd.,Euphorbia humifusa Willd.,Accepted,Euphorbia humifusa,Willd.,Euphorbiaceae,Euphorbia,Species,346840-1,exact_full
Euphorbia humilis C.A. Mey. ex Ledeb.,Euphorbia humilis Ledeb.,Accepted,Euphorbia humilis,Ledeb.,Euphorbiaceae,Euphorbia,Species,60468369-2,distribution_resolved
Euphorbia inderiensis Less ex Kar. & Kir.,Euphorbia inderiensis Less. ex Kar. & Kir.,Accepted,Euphorbia inderiensis,Less. ex Kar. & Kir.,Euphorbiaceae,Euphorbia,Species,346890-1,exact_name_unique
Euphorbia jaxartica Prokh.,Euphorbia jaxartica (Prokh.) Prokh. ex Serg.,Synonym,Euphorbia virgata,Waldst. & Kit.,Euphorbiaceae,Euphorbia,Species,348706-1,exact_name_unique
Euphorbia kanaorica Boiss.,Euphorbia kanaorica Boiss.,Accepted,Euphorbia kanaorica,Boiss.,Euphorbiaceae,Euphorbia,Species,346983-1,exact_full
Euphorbia kudrjaschevii (Pazij) Prokh.,Euphorbia kudrjaschevii (Pazij) Prokh.,Accepted,Euphorbia kudrjaschevii,(Pazij) Prokh.,Euphorbiaceae,Euphorbia,Species,347022-1,exact_full
Euphorbia lamprocarpa Prokh.,Euphorbia lamprocarpa (Prokh.) Prokh.,Accepted,Euphorbia lamprocarpa,(Prokh.) Prokh.,Euphorbiaceae,Euphorbia,Species,347048-1,exact_name_unique
Euphorbia lipskyi Prokh.,Euphorbia lipskyi (Prokh.) Prokh.,Accepted,Euphorbia lipskyi,(Prokh.) Prokh.,Euphorbiaceae,Euphorbia,Species,347143-1,exact_name_unique
Euphorbia microsphaera Boiss.,Euphorbia microsphaera Boiss.,Accepted,Euphorbia microsphaera,Boiss.,Euphorbiaceae,Euphorbia,Species,347356-1,exact_full
Euphorbia mucronulata Prokh.,Euphorbia mucronulata (Prokh.) Pavlov,Accepted,Euphorbia mucronulata,(Prokh.) Pavlov,Euphorbiaceae,Euphorbia,Species,347411-1,exact_name_unique
Euphorbia rapulum Kar. & Kir.,Euphorbia rapulum Kar. & Kir.,Accepted,Euphorbia rapulum,Kar. & Kir.,Euphorbiaceae,Euphorbia,Species,348010-1,exact_full
Euphorbia rosularis Fed.,Euphorbia rosularis Fed.,Accepted,Euphorbia rosularis,Fed.,Euphorbiaceae,Euphorbia,Species,988805-1,exact_full
Euphorbia sarawschanica Regel,Euphorbia sarawschanica Regel,Accepted,Euphorbia sarawschanica,Regel,Euphorbiaceae,Euphorbia,Species,348155-1,exact_full
Euphorbia sclerocyanthium Korovin & Popov,Euphorbia sclerocyathium Korovin & Popov,Accepted,Euphorbia sclerocyathium,Korovin & Popov,Euphorbiaceae,Euphorbia,Species,348201-1,canon_fuzzy1
Euphorbia seguieriana Neck.,Euphorbia seguieriana Neck.,Accepted,Euphorbia seguieriana,Neck.,Euphorbiaceae,Euphorbia,Species,348221-1,exact_full
Euphorbia sewerzowii Herder ex Prokh.,Euphorbia sewerzowii (Prokh.) Pavlov,Accepted,Euphorbia sewerzowii,(Prokh.) Pavlov,Euphorbiaceae,Euphorbia,Species,348270-1,exact_name_unique
Euphorbia sogdiana Popov,Euphorbia sogdiana Popov,Accepted,Euphorbia sogdiana,Popov,Euphorbiaceae,Euphorbia,Species,348300-1,exact_full
Euphorbia sororia Schrenk,Euphorbia sororia Schrenk,Accepted,Euphorbia sororia,Schrenk,Euphorbiaceae,Euphorbia,Species,348311-1,exact_full
Euphorbia spinidens Prokh.,Euphorbia spinidens Bornm. ex Prokh.,Accepted,Euphorbia spinidens,Bornm. ex Prokh.,Euphorbiaceae,Euphorbia,Species,348328-1,exact_name_unique
Euphorbia szowitsii Fisch. & C.A. Mey.,Euphorbia szovitsii Fisch. & C.A.Mey.,Accepted,Euphorbia szovitsii,Fisch. & C.A.Mey.,Euphorbiaceae,Euphorbia,Species,348424-1,manual_alias
Euphorbia talastavica Prokh.,Euphorbia talastavica (Prokh.) Prokh.,Accepted,Euphorbia talastavica,(Prokh.) Prokh.,Euphorbiaceae,Euphorbia,Species,348431-1,exact_name_unique
Euphorbia transoxana Prokh.,Euphorbia transoxana (Prokh.) Prokh.,Accepted,Euphorbia transoxana,(Prokh.) Prokh.,Euphorbiaceae,Euphorbia,Species,348542-1,exact_name_unique
Euphorbia triodonta Prokh.,Euphorbia triodonta (Prokh.) Prokh.,Accepted,Euphorbia triodonta,(Prokh.) Prokh.,Euphorbiaceae,Euphorbia,Species,348573-1,exact_name_unique
Euphorbia turczaninowii Kar. & Kir.,Euphorbia turczaninowii Kar. & Kir.,Accepted,Euphorbia turczaninowii,Kar. & Kir.,Euphorbiaceae,Euphorbia,Species,348597-1,exact_full
Euphorbia turkestanica Regel,Euphorbia turkestanica Regel,Accepted,Euphorbia turkestanica,Regel,Euphorbiaceae,Euphorbia,Species,348598-1,name_multi_author_ok
Euphrasia pectinata Ten.,Euphrasia pectinata Ten.,Accepted,Euphrasia pectinata,Ten.,Orobanchaceae,Euphrasia,Species,802752-1,exact_full
Euphrasia regelii Wettst.,Euphrasia regelii Wettst.,Accepted,Euphrasia regelii,Wettst.,Orobanchaceae,Euphrasia,Species,802807-1,exact_full
Eutrema integrifolium (DC.) Bunge,Eutrema integrifolium (DC.) Bunge,Accepted,Eutrema integrifolium,(DC.) Bunge,Brassicaceae,Eutrema,Species,284343-1,exact_full
Evax arenaria Smoljan.,Evax arenaria Smoljan.,Synonym,Filago arenaria,(Smoljan.) Chrtek & Holub,Asteraceae,Filago,Species,207836-1,exact_full
Evax filaginoides Kar. & Kir.,Evax filaginoides Kar. & Kir.,Synonym,Filago filaginoides,(Kar. & Kir.) Wagenitz,Asteraceae,Filago,Species,207881-1,exact_full
Ewersmannia botschantzevii Sark.,Eversmannia botschantzevii Sarkisova,Accepted,Eversmannia botschantzevii,Sarkisova,Fabaceae,Eversmannia,Species,897737-1,canon_exact
Ewersmannia subspinosa (Fisch. ex DC.) B. Fedtsch.,Eversmannia subspinosa (Fisch. ex DC.) B.Fedtsch.,Accepted,Eversmannia subspinosa,(Fisch. ex DC.) B.Fedtsch.,Fabaceae,Eversmannia,Species,494712-1,canon_exact
Ewetsmannia sarytavica Sarkisova,Eversmannia sarytavica Sarkisova,Accepted,Eversmannia sarytavica,Sarkisova,Fabaceae,Eversmannia,Species,897738-1,canon_fuzzy1
Exochorda albertii Regel,Exochorda alberti Regel,Synonym,Exochorda racemosa subsp. racemosa,"",Rosaceae,Exochorda,Subspecies,77231651-1,canon_exact
Fagopyrum tataricum (L.) Gaertn.,Fagopyrum tataricum (L.) Gaertn.,Accepted,Fagopyrum tataricum,(L.) Gaertn.,Polygonaceae,Fagopyrum,Species,694553-1,exact_full
Falcaria vulgaris Bernh.,Falcaria vulgaris Bernh.,Accepted,Falcaria vulgaris,Bernh.,Apiaceae,Falcaria,Species,842163-1,exact_full
Fallopia convolvulus (L.) A. Löve,Fallopia convolvulus (L.) Á.Löve,Accepted,Fallopia convolvulus,(L.) Á.Löve,Polygonaceae,Fallopia,Species,103354-2,exact_name_unique
Fallopia dumetorum (L.) Holub,Fallopia dumetorum (L.) Holub,Accepted,Fallopia dumetorum,(L.) Holub,Polygonaceae,Fallopia,Species,694568-1,exact_full
Fergania polyantha (Korovin) Pimenov,Fergania polyantha (Korovin) Pimenov,Accepted,Fergania polyantha,(Korovin) Pimenov,Apiaceae,Fergania,Species,910659-1,exact_full
Ferula angreni Korovin,Ferula angreni Korovin,Accepted,Ferula angreni,Korovin,Apiaceae,Ferula,Species,842177-1,exact_full
Ferula ceratophylla Regel & Schmalh.,Ferula ceratophylla Regel & Schmalh.,Accepted,Ferula ceratophylla,Regel & Schmalh.,Apiaceae,Ferula,Species,842230-1,exact_full
Ferula clematidifolia Koso-Pol.,Ferula clematidifolia Koso-Pol.,Accepted,Ferula clematidifolia,Koso-Pol.,Apiaceae,Ferula,Species,842233-1,exact_full
Ferula conocaula Korovin,Ferula conocaula Korovin,Accepted,Ferula conocaula,Korovin,Apiaceae,Ferula,Species,842239-1,exact_full
Ferula diversivittata Regel & Schmalh.,Ferula diversivittata Regel & Schmalh.,Accepted,Ferula diversivittata,Regel & Schmalh.,Apiaceae,Ferula,Species,842252-1,exact_full
Ferula dshizakensis Korovin,Ferula dshizakensis Korovin,Accepted,Ferula dshizakensis,Korovin,Apiaceae,Ferula,Species,842255-1,exact_full
Ferula dubjanskyi Korovin ex Pavlov,Ferula dubjanskyi Korovin,Accepted,Ferula dubjanskyi,Korovin,Apiaceae,Ferula,Species,842256-1,exact_name_unique
Ferula equisetacea Koso-Pol.,Ferula equisetacea Koso-Pol.,Accepted,Ferula equisetacea,Koso-Pol.,Apiaceae,Ferula,Species,842260-1,exact_full
Ferula fedtschenkoana Koso-Pol.,Ferula fedtschenkoana Koso-Pol.,Accepted,Ferula fedtschenkoana,Koso-Pol.,Apiaceae,Ferula,Species,842268-1,exact_full
Ferula ferganensis Lipsky ex Korovin,Ferula ferganensis Lipsky ex Korovin,Accepted,Ferula ferganensis,Lipsky ex Korovin,Apiaceae,Ferula,Species,842269-1,exact_full
Ferula foetida (Bunge) Regel,Ferula foetida (Bunge) Regel,Accepted,Ferula foetida,(Bunge) Regel,Apiaceae,Ferula,Species,842277-1,name_multi_author_ok
Ferula foetidissima Regel & Schmalh.,Ferula foetidissima Regel & Schmalh.,Accepted,Ferula foetidissima,Regel & Schmalh.,Apiaceae,Ferula,Species,842278-1,exact_full
Ferula gigantea B. Fedtsch.,Ferula gigantea B.Fedtsch.,Accepted,Ferula gigantea,B.Fedtsch.,Apiaceae,Ferula,Species,842287-1,exact_full
Ferula helenae Rakhm. & Melibaev,Ferula helenae Rakhm. & Melibaev,Synonym,Ferula dshizakensis,Korovin,Apiaceae,Ferula,Species,842255-1,exact_full
Ferula hissarica Pimenov ined.,Ferula hissarica Pimenov & Kljuykov,Accepted,Ferula hissarica,Pimenov & Kljuykov,Apiaceae,Ferula,Species,77157854-1,exact_name_unique
Ferula juniperina Korovin,Ferula juniperina Korovin,Accepted,Ferula juniperina,Korovin,Apiaceae,Ferula,Species,842318-1,exact_full
Ferula karatavica Regel & Schmalh.,Ferula karatavica Regel & Schmalh.,Accepted,Ferula karatavica,Regel & Schmalh.,Apiaceae,Ferula,Species,842320-1,exact_full
Ferula karataviensis (Regel & Schmalh.) Korovin,Ferula karataviensis (Regel & Schmalh.) Korovin,Accepted,Ferula karataviensis,(Regel & Schmalh.) Korovin,Apiaceae,Ferula,Species,842321-1,exact_full
Ferula karategina Lipsky ex Korovin,Ferula karategina Lipsky ex Korovin,Accepted,Ferula karategina,Lipsky ex Korovin,Apiaceae,Ferula,Species,842322-1,exact_full
Ferula karelinii Bunge,Ferula karelinii Bunge,Accepted,Ferula karelinii,Bunge,Apiaceae,Ferula,Species,927964-1,exact_full
Ferula kelifi Korovin,Ferula kelifi Korovin,Accepted,Ferula kelifi,Korovin,Apiaceae,Ferula,Species,842325-1,exact_full
Ferula kirialovii Pimenov,Ferula kirialovii Pimenov,Accepted,Ferula kirialovii,Pimenov,Apiaceae,Ferula,Species,842329-1,exact_full
Ferula kokanica Regel & Schmalh.,Ferula kokanica Regel & Schmalh.,Accepted,Ferula kokanica,Regel & Schmalh.,Apiaceae,Ferula,Species,842333-1,exact_full
Ferula kopetdaghensis Korovin,Ferula kopetdagensis Korovin,Synonym,Ferula ovina,Boiss.,Apiaceae,Ferula,Species,77129493-1,canon_exact
Ferula korshinskyi Korovin,Ferula korshinskyi Korovin,Accepted,Ferula korshinskyi,Korovin,Apiaceae,Ferula,Species,842337-1,exact_full
Ferula kuhistanica Korovin,Ferula kuhistanica Korovin,Accepted,Ferula kuhistanica,Korovin,Apiaceae,Ferula,Species,842340-1,exact_full
Ferula kyzylkumica Korovin,Ferula kyzylkumica Korovin,Accepted,Ferula kyzylkumica,Korovin,Apiaceae,Ferula,Species,842341-1,exact_full
Ferula lapidosa Korovin,Ferula lapidosa Korovin,Accepted,Ferula lapidosa,Korovin,Apiaceae,Ferula,Species,842345-1,exact_full
Ferula latiloba Korovin,Ferula latiloba Korovin,Accepted,Ferula latiloba,Korovin,Apiaceae,Ferula,Species,842347-1,exact_full
Ferula lehmannii Boiss.,Ferula lehmannii Boiss.,Accepted,Ferula lehmannii,Boiss.,Apiaceae,Ferula,Species,842350-1,exact_full
Ferula lipskyi Korovin,Ferula lipskyi Korovin,Accepted,Ferula lipskyi,Korovin,Apiaceae,Ferula,Species,842359-1,exact_full
Ferula lithophila Pimenov,Ferula lithophila Pimenov,Accepted,Ferula lithophila,Pimenov,Apiaceae,Ferula,Species,984616-1,exact_full
Ferula litwinowiana Koso-Pol.,Ferula litwinowiana Koso-Pol.,Accepted,Ferula litwinowiana,Koso-Pol.,Apiaceae,Ferula,Species,842360-1,exact_full
Ferula mollis Korovin,Ferula mollis Korovin,Synonym,Ferula rubroarenosa,Korovin,Apiaceae,Ferula,Species,842473-1,exact_full
Ferula nevskii Korovin,Ferula nevskii Korovin,Accepted,Ferula nevskii,Korovin,Apiaceae,Ferula,Species,842401-1,exact_full
Ferula nuda Spreng.,Ferula nuda Spreng.,Accepted,Ferula nuda,Spreng.,Apiaceae,Ferula,Species,842409-1,exact_full
Ferula nuratavica Pimenov,Ferula nuratavica Pimenov,Accepted,Ferula nuratavica,Pimenov,Apiaceae,Ferula,Species,842413-1,exact_full
Ferula oopoda (Boiss. & Buhse) Boiss.,Ferula oopoda (Boiss. & Buhse) Boiss.,Accepted,Ferula oopoda,(Boiss. & Buhse) Boiss.,Apiaceae,Ferula,Species,842421-1,exact_full
Ferula ovczinnikovii Pimenov,Ferula ovczinnikovii Pimenov,Accepted,Ferula ovczinnikovii,Pimenov,Apiaceae,Ferula,Species,1004029-1,exact_full
Ferula ovina (Boiss.) Boiss.,Ferula ovina Boiss.,Accepted,Ferula ovina,Boiss.,Apiaceae,Ferula,Species,77129493-1,exact_name_unique
Ferula pallida Korovin,Ferula pallida Korovin,Accepted,Ferula pallida,Korovin,Apiaceae,Ferula,Species,842432-1,exact_full
Ferula penninervis Regel & Schmalh.,Ferula penninervis Regel & Schmalh.,Accepted,Ferula penninervis,Regel & Schmalh.,Apiaceae,Ferula,Species,842441-1,exact_full
Ferula prangifolia Korovin,Ferula prangifolia Korovin,Accepted,Ferula prangifolia,Korovin,Apiaceae,Ferula,Species,842453-1,exact_full
Ferula pratovii F.O. Khass. & I.I. Malzev,Ferula pratovii F.O.Khasanov & I.I.Mal'tsev,Accepted,Ferula pratovii,F.O.Khasanov & I.I.Mal'tsev,Apiaceae,Ferula,Species,958507-1,exact_name_unique
Ferula renardii (Regel & Schmalh.) Pimenov,Ferula renardii (Regel & Schmalh.) Pimenov,Accepted,Ferula renardii,(Regel & Schmalh.) Pimenov,Apiaceae,Ferula,Species,984615-1,exact_full
Ferula samarkandica Korovin,Ferula samarkandica Korovin,Accepted,Ferula samarkandica,Korovin,Apiaceae,Ferula,Species,842480-1,exact_full
Ferula schtschurowskiana Regel & Schmalh.,Ferula schtschurowskiana Regel & Schmalh.,Accepted,Ferula schtschurowskiana,Regel & Schmalh.,Apiaceae,Ferula,Species,842487-1,exact_full
Ferula subtilis Korovin,Ferula subtilis Korovin,Accepted,Ferula subtilis,Korovin,Apiaceae,Ferula,Species,842511-1,exact_full
Ferula sumbul (Kauffm.) Hook. f.,Ferula sumbul (Kauffm.) Hook.f.,Synonym,Ferula moschata,(H.Reinsch) Koso-Pol.,Apiaceae,Ferula,Species,842394-1,exact_full
Ferula syreitschikowii Koso-Pol.,Ferula syreitschikowii Koso-Pol.,Accepted,Ferula syreitschikowii,Koso-Pol.,Apiaceae,Ferula,Species,842520-1,exact_full
Ferula tadshikorum Pimenov,Ferula tadshikorum Pimenov,Accepted,Ferula tadshikorum,Pimenov,Apiaceae,Ferula,Species,842522-1,exact_full
Ferula talassica (Korovin) Pimenov,Ferula talassica (Korovin) Pimenov,Synonym,Ferula renardii,(Regel & Schmalh.) Pimenov,Apiaceae,Ferula,Species,984615-1,exact_full
Ferula tenuisecta Korovin,Ferula tenuisecta Korovin,Accepted,Ferula tenuisecta,Korovin,Apiaceae,Ferula,Species,842527-1,exact_full
Ferula transiliensis (Herder) Pimenov,Ferula transiliensis (Regel & Herder) Pimenov,Accepted,Ferula transiliensis,(Regel & Herder) Pimenov,Apiaceae,Ferula,Species,984618-1,exact_name_unique
Ferula tschimganica Lipsky ex Korovin,Ferula tschimganica Lipsky ex Korovin,Accepted,Ferula tschimganica,Lipsky ex Korovin,Apiaceae,Ferula,Species,842538-1,exact_full
Ferula tuberifera Korovin,Ferula tuberifera Korovin,Accepted,Ferula tuberifera,Korovin,Apiaceae,Ferula,Species,842541-1,exact_full
Ferula ugamica Korovin,Ferula ugamica Korovin,Accepted,Ferula ugamica,Korovin,Apiaceae,Ferula,Species,842546-1,exact_full
Ferula varia (Schrenk) Trautv.,Ferula varia (Schrenk) Trautv.,Accepted,Ferula varia,(Schrenk) Trautv.,Apiaceae,Ferula,Species,842549-1,exact_full
Ferula vicaria Korovin,Ferula vicaria Korovin,Accepted,Ferula vicaria,Korovin,Apiaceae,Ferula,Species,842551-1,exact_full
Festuca alaica Drobow,Festuca alaica Drobow,Accepted,Festuca alaica,Drobow,Poaceae,Festuca,Species,402306-1,exact_full
Festuca amblyodes V. Krecz. & Bobrov,Festuca amblyodes V.I.Krecz. & Bobrov,Accepted,Festuca amblyodes,V.I.Krecz. & Bobrov,Poaceae,Festuca,Species,402330-1,exact_name_unique
Festuca arundinacea Schreb.,Festuca arundinacea Schreb.,Synonym,Lolium arundinaceum,(Schreb.) Darbysh.,Poaceae,Lolium,Species,973267-1,name_multi_author_ok
Festuca coelestis (St.-Yves.) Krecz. & Bobrov,Festuca coelestis (St.-Yves) V.I.Krecz. & Bobrov,Accepted,Festuca coelestis,(St.-Yves) V.I.Krecz. & Bobrov,Poaceae,Festuca,Species,402566-1,exact_name_unique
Festuca gigantea (L.) Vill.,Festuca gigantea (L.) Vill.,Synonym,Lolium giganteum,(L.) Darbysh.,Poaceae,Lolium,Species,973268-1,name_multi_author_ok
Festuca kirghisorum (Katsch. & Tzvelev) E. Alexeev,Festuca kirghisorum Kaschenko,Invalid,Festuca valesiaca,Schleich. ex Gaudin,Poaceae,Festuca,Species,403693-1,ambiguous_same_target
Festuca pratensis Huds.,Festuca pratensis Huds.,Synonym,Lolium pratense,(Huds.) Darbysh.,Poaceae,Lolium,Species,1138205-2,name_multi_author_ok
Festuca pseudodalmatica Krajina,Festuca pseudodalmatica Krajina,Accepted,Festuca pseudodalmatica,Krajina,Poaceae,Festuca,Species,403345-1,exact_full
Festuca rubra L.,Festuca rubra L.,Accepted,Festuca rubra,L.,Poaceae,Festuca,Species,30010036-2,exact_full
Festuca rupicola Heuff.,Festuca rupicola Heuff.,Accepted,Festuca rupicola,Heuff.,Poaceae,Festuca,Species,403454-1,exact_full
Festuca tschatkalica E. Alexeev,Festuca tschatkalica E.B.Alexeev,Accepted,Festuca tschatkalica,E.B.Alexeev,Poaceae,Festuca,Species,403665-1,exact_name_unique
Festuca valesiaca Gaudin,Festuca valesiaca Schleich. ex Gaudin,Accepted,Festuca valesiaca,Schleich. ex Gaudin,Poaceae,Festuca,Species,403693-1,distribution_resolved
Ficus carica L.,Ficus carica L.,Accepted,Ficus carica,L.,Moraceae,Ficus,Species,852556-1,exact_full
Ficus johannis subsp. afghanistanica (Warb.) Browicz,Ficus johannis subsp. afghanistanica (Warb.) Browicz,Accepted,Ficus johannis subsp. afghanistanica,(Warb.) Browicz,Moraceae,Ficus,Subspecies,920944-1,exact_full
Filago arvensis Lam.,Filago arvensis L.,Accepted,Filago arvensis,L.,Asteraceae,Filago,Species,207840-1,exact_name_unique
Filago pyramidata L.,Filago pyramidata L.,Accepted,Filago pyramidata,L.,Asteraceae,Filago,Species,207952-1,exact_full
Filago vulgaris Lam.,Filago vulgaris Lam.,Illegitimate,Filago germanica,(L.) Huds.,Asteraceae,Filago,Species,207886-1,exact_full
Fimbristylis dichotoma (L.) Vahl,Fimbristylis dichotoma (L.) Vahl,Accepted,Fimbristylis dichotoma,(L.) Vahl,Cyperaceae,Fimbristylis,Species,307853-1,exact_full
Fimbristylis maracandica Zakirov,Fimbristylis maracandica Zakirov,Accepted,Fimbristylis maracandica,Zakirov,Cyperaceae,Fimbristylis,Species,308057-1,exact_full
Fimbristylis quinquangularis (Vahl) Kunth,Fimbristylis quinquangularis (Vahl) Kunth,Accepted,Fimbristylis quinquangularis,(Vahl) Kunth,Cyperaceae,Fimbristylis,Species,308201-1,exact_full
Fimbristylis turkestanica (Regel) B. Fedtsch.,Fimbristylis turkestanica (Regel) B.Fedtsch.,Accepted,Fimbristylis turkestanica,(Regel) B.Fedtsch.,Cyperaceae,Fimbristylis,Species,308379-1,exact_full
Foeniculum vulgare Mill.,Foeniculum vulgare Mill.,Accepted,Foeniculum vulgare,Mill.,Apiaceae,Foeniculum,Species,842680-1,exact_full
Frankenia bucharica Basil.,Frankenia bucharica Basil.,Accepted,Frankenia bucharica,Basil.,Frankeniaceae,Frankenia,Species,366227-1,exact_full
Frankenia hirsuta L.,Frankenia hirsuta L.,Accepted,Frankenia hirsuta,L.,Frankeniaceae,Frankenia,Species,366280-1,exact_full
Frankenia pulverulenta L.,Frankenia pulverulenta L.,Accepted,Frankenia pulverulenta,L.,Frankeniaceae,Frankenia,Species,366332-1,exact_full
Frankenia vvedenskyi Botsch.,Frankenia vvedenskyi Botsch.,Synonym,Frankenia bucharica subsp. vvedenskyi,(Botsch.) Chrtek,Frankeniaceae,Frankenia,Subspecies,77250779-1,exact_full
Fraxinus raibocarpa Regel,Fraxinus raibocarpa Regel,Accepted,Fraxinus raibocarpa,Regel,Oleaceae,Fraxinus,Species,609185-1,exact_full
Fraxinus sogdiana Bunge,Fraxinus sogdiana Bunge,Accepted,Fraxinus sogdiana,Bunge,Oleaceae,Fraxinus,Species,928001-1,exact_full
Fraxinus syriaca Boiss.,Fraxinus syriaca Boiss.,Synonym,Fraxinus angustifolia subsp. syriaca,(Boiss.) Yalt.,Oleaceae,Fraxinus,Subspecies,887129-1,exact_full
Fritillaria bucharicum (Regel) Losinsk.,Fritillaria bucharica Regel,Accepted,Fritillaria bucharica,Regel,Liliaceae,Fritillaria,Species,535080-1,canon_exact
Fritillaria eduardii (Regel) Vved.,Fritillaria eduardii A.Regel ex Regel,Accepted,Fritillaria eduardii,A.Regel ex Regel,Liliaceae,Fritillaria,Species,535120-1,exact_name_unique
Fritillaria ferganensis Losinsk.,Fritillaria ferganensis Losinsk.,Accepted,Fritillaria ferganensis,Losinsk.,Liliaceae,Fritillaria,Species,535133-1,exact_full
Fritillaria gibbosum (Boiss.) Losinsk. & Vved.,Fritillaria gibbosa Boiss.,Accepted,Fritillaria gibbosa,Boiss.,Liliaceae,Fritillaria,Species,535144-1,canon_exact
Fritillaria karelinii Fisch.,Fritillaria karelinii (Fisch. ex D.Don) Baker,Accepted,Fritillaria karelinii,(Fisch. ex D.Don) Baker,Liliaceae,Fritillaria,Species,535177-1,exact_name_unique
Fritillaria olgae Vved.,Fritillaria olgae Vved.,Accepted,Fritillaria olgae,Vved.,Liliaceae,Fritillaria,Species,535249-1,exact_full
Fritillaria stenanterum Regel,Fritillaria stenanthera (Regel) Regel,Accepted,Fritillaria stenanthera,(Regel) Regel,Liliaceae,Fritillaria,Species,77177042-1,canon_exact
Fritillaria yakutiae Turginov & Tojibaev,Fritillaria yakutiae Turginov & Tojibaev,Accepted,Fritillaria yakutiae,Turginov & Tojibaev,Liliaceae,Fritillaria,Species,77371034-1,exact_full
Frolovia asbukinii (Iljin) Lipsch.,Frolovia asbukinii (Iljin) Lipsch.,Synonym,Dolomiaea asbukinii,"(Iljin) N.Garcia, Herrando & Susanna",Asteraceae,Dolomiaea,Species,77213343-1,exact_full
Frolovia sulcata (Iljin) Lipsch.,Frolovia sulcata (Iljin) Lipsch.,Synonym,Dolomiaea sulcata,"(Iljin) N.Garcia, Herrando & Susanna",Asteraceae,Dolomiaea,Species,77213345-1,exact_full
Fumaria parviflora Lam.,Fumaria parviflora Lam.,Accepted,Fumaria parviflora,Lam.,Papaveraceae,Fumaria,Species,673065-1,exact_full
Fumaria vaillantii Loisel.,Fumaria vaillantii Loisel.,Accepted,Fumaria vaillantii,Loisel.,Papaveraceae,Fumaria,Species,673141-1,exact_full
Fumariola turkestanica Korsh.,Fumariola turkestanica Korsh.,Accepted,Fumariola turkestanica,Korsh.,Papaveraceae,Fumariola,Species,673144-1,exact_full
Gagae circumplexa Vved.,Gagea circumplexa Vved.,Accepted,Gagea circumplexa,Vved.,Liliaceae,Gagea,Species,535479-1,canon_fuzzy1
Gagea X absurda Levichev,Gagea Salisb.,Accepted,Gagea,Salisb.,Liliaceae,Gagea,Genus,24276-1,exact_name_unique
Gagea aberrans Levichev,,,,,,,,,not_found
"Gagea adylovii Levichev & Karimov, ined.",,,,,,,,,not_found
Gagea afghanica A. Terracc.,Gagea afghanica A.Terracc.,Accepted,Gagea afghanica,A.Terracc.,Liliaceae,Gagea,Species,535424-1,exact_full
Gagea angrenica Levichev,Gagea angrenica Levichev,Accepted,Gagea angrenica,Levichev,Liliaceae,Gagea,Species,935746-1,exact_full
Gagea azutavica Kotuchov,Gagea azutavica Kotukhov,Accepted,Gagea azutavica,Kotukhov,Liliaceae,Gagea,Species,938334-1,exact_name_unique
Gagea baschkyzylsaica Levichev,Gagea baschkyzylsaica Levichev,Accepted,Gagea baschkyzylsaica,Levichev,Liliaceae,Gagea,Species,960502-1,exact_full
Gagea bergii Litv.,Gagea bergii Litv.,Accepted,Gagea bergii,Litv.,Liliaceae,Gagea,Species,535448-1,exact_full
Gagea brevistolonifera Levichev,Gagea brevistolonifera Levichev,Accepted,Gagea brevistolonifera,Levichev,Liliaceae,Gagea,Species,899932-1,exact_full
Gagea caelestis Levichev,Gagea caelestis Levichev,Accepted,Gagea caelestis,Levichev,Liliaceae,Gagea,Species,897783-1,exact_full
Gagea calantha Levichev,Gagea calantha Levichev,Accepted,Gagea calantha,Levichev,Liliaceae,Gagea,Species,899933-1,exact_full
Gagea calyptrifolia Levichev,Gagea calyptrifolia Levichev,Accepted,Gagea calyptrifolia,Levichev,Liliaceae,Gagea,Species,899934-1,exact_full
Gagea capillifolia Vved.,Gagea capillifolia Vved.,Accepted,Gagea capillifolia,Vved.,Liliaceae,Gagea,Species,535467-1,exact_full
Gagea capusii A. Terracc.,Gagea capusii A.Terracc.,Accepted,Gagea capusii,A.Terracc.,Liliaceae,Gagea,Species,535468-1,exact_full
Gagea chitralensis Dasgupta & Deb,Gagea chitralensis S.Dasgupta & Deb,Accepted,Gagea chitralensis,S.Dasgupta & Deb,Liliaceae,Gagea,Species,902073-1,exact_name_unique
Gagea chomutowae (Pascher) Pascher,Gagea chomutowae (Pascher) Pascher,Accepted,Gagea chomutowae,(Pascher) Pascher,Liliaceae,Gagea,Species,535476-1,exact_full
"Gagea chorkessarica Levichev & Karimov, ined.",,,,,,,,,not_found
Gagea czatkalica Levichev,Gagea czatkalica Levichev,Accepted,Gagea czatkalica,Levichev,Liliaceae,Gagea,Species,930005-1,exact_full
Gagea davlianidzeae Levichev,Gagea davlianidzeae Levichev,Accepted,Gagea davlianidzeae,Levichev,Liliaceae,Gagea,Species,902074-1,exact_full
Gagea delicatula Vved.,Gagea delicatula Vved.,Accepted,Gagea delicatula,Vved.,Liliaceae,Gagea,Species,535495-1,exact_full
Gagea deserticola Levichev,Gagea deserticola Levichev,Accepted,Gagea deserticola,Levichev,Liliaceae,Gagea,Species,20001931-1,exact_full
Gagea divaricata Regel,Gagea divaricata Regel,Accepted,Gagea divaricata,Regel,Liliaceae,Gagea,Species,535497-1,exact_full
Gagea dschungarica Regel,Gagea dschungarica Regel,Accepted,Gagea dschungarica,Regel,Liliaceae,Gagea,Species,535498-1,exact_full
Gagea elegans Wall. ex D.Don in Royle,Gagea elegans Wall. ex G.Don,Synonym,Gagea lutea,(L.) Ker Gawl.,Liliaceae,Gagea,Species,535577-1,exact_name_unique
"Gagea eximia Levichev, ined.",,,,,,,,,not_found
Gagea ferganica Levichev,Gagea ferganica Levichev,Accepted,Gagea ferganica,Levichev,Liliaceae,Gagea,Species,960504-1,exact_full
Gagea filiformis (Ledeb.) Kar. & Kir.,Gagea filiformis (Ledeb.) Kar. & Kir.,Accepted,Gagea filiformis,(Ledeb.) Kar. & Kir.,Liliaceae,Gagea,Species,535516-1,exact_full
"Gagea flabellata Levichev, ined.",,,,,,,,,not_found
Gagea gageoides (Zucc.) Vved.,Gagea gageoides (Zucc.) Vved.,Accepted,Gagea gageoides,(Zucc.) Vved.,Liliaceae,Gagea,Species,535521-1,exact_full
Gagea glaucescens Levichev,Gagea glaucescens Levichev,Accepted,Gagea glaucescens,Levichev,Liliaceae,Gagea,Species,897784-1,exact_full
Gagea graminifolia Vved.,Gagea graminifolia Vved.,Accepted,Gagea graminifolia,Vved.,Liliaceae,Gagea,Species,535530-1,exact_full
Gagea grey-willsonii Rech. f.,Gagea grey-wilsonii Rech.f.,Synonym,Gagea chlorantha,(M.Bieb.) Schult. & Schult.f.,Liliaceae,Gagea,Species,535475-1,canon_exact
Gagea gymnopoda Vved.,Gagea gymnopoda Vved.,Accepted,Gagea gymnopoda,Vved.,Liliaceae,Gagea,Species,535538-1,exact_full
Gagea hissarica Lipsky,Gagea hissarica Lipsky,Accepted,Gagea hissarica,Lipsky,Liliaceae,Gagea,Species,535545-1,exact_full
Gagea ignota Levichev,Gagea ignota Levichev,Accepted,Gagea ignota,Levichev,Liliaceae,Gagea,Species,930007-1,exact_full
Gagea incrustata Vved.,Gagea incrustata Vved.,Accepted,Gagea incrustata,Vved.,Liliaceae,Gagea,Species,535552-1,exact_full
Gagea jaeschkei Pascher,Gagea jaeschkei Pascher,Accepted,Gagea jaeschkei,Pascher,Liliaceae,Gagea,Species,535556-1,exact_full
Gagea juniperina Levichev ined.,,,,,,,,,not_found
Gagea kamelinii Levichev,Gagea kamelinii Levichev,Accepted,Gagea kamelinii,Levichev,Liliaceae,Gagea,Species,899935-1,exact_full
Gagea khassanovii Levichev & F. Karim. ined,"Gagea khassanovii Levichev, Turginov & W.Jun Li bis",Accepted,Gagea khassanovii,"Levichev, Turginov & W.Jun Li bis",Liliaceae,Gagea,Species,77366291-1,exact_name_unique
"Gagea khassanovii Levichev, Turginov & W.Jun Li bis","Gagea khassanovii Levichev, Turginov & W.Jun Li bis",Accepted,Gagea khassanovii,"Levichev, Turginov & W.Jun Li bis",Liliaceae,Gagea,Species,77366291-1,exact_full
Gagea kuraminica Levichev,Gagea kuraminica Levichev,Accepted,Gagea kuraminica,Levichev,Liliaceae,Gagea,Species,935745-1,exact_full
Gagea liotardii (Sternb.) Schult. & Schult. f.,Gagea liotardii Schult. & Schult.f.,Illegitimate,Gagea fragifera,(Vill.) E.Bayer & G.López,Liliaceae,Gagea,Species,947148-1,exact_name_unique
Gagea lowariensis Pascher,Gagea lowariensis Pascher,Synonym,Gagea lutea,(L.) Ker Gawl.,Liliaceae,Gagea,Species,535577-1,exact_full
Gagea ludmilae Levichev,Gagea ludmilae Levichev,Accepted,Gagea ludmilae,Levichev,Liliaceae,Gagea,Species,899936-1,exact_full
Gagea minutiflora Regel,Gagea minutiflora Regel,Accepted,Gagea minutiflora,Regel,Liliaceae,Gagea,Species,535588-1,exact_full
Gagea nabievii Levichev,Gagea nabievii Levichev,Accepted,Gagea nabievii,Levichev,Liliaceae,Gagea,Species,899937-1,exact_full
"Gagea namanganica Levichev & Karimov, ined.",Gagea namanganica Levichev & F.Karimov,Accepted,Gagea namanganica,Levichev & F.Karimov,Liliaceae,Gagea,Species,77362186-1,exact_name_unique
Gagea neotenica Levichev,,,,,,,,,not_found
Gagea olgae Regel,Gagea olgae Regel,Accepted,Gagea olgae,Regel,Liliaceae,Gagea,Species,535602-1,exact_full
Gagea olgae f. dilatata Levichev,Gagea olgae f. dilatata Levichev,Synonym,Gagea olgae,Regel,Liliaceae,Gagea,Species,535602-1,exact_full
Gagea ova Stapf,Gagea ova Stapf,Synonym,Gagea kunawurensis,(Royle) Greuter,Liliaceae,Gagea,Species,535564-1,exact_full
Gagea paedophila Vved.,Gagea paedophila Vved.,Accepted,Gagea paedophila,Vved.,Liliaceae,Gagea,Species,535605-1,exact_full
"Gagea pallidula Levichev & Karimov, ined.",,,,,,,,,not_found
Gagea paniculata Levichev,Gagea paniculata Levichev,Accepted,Gagea paniculata,Levichev,Liliaceae,Gagea,Species,899938-1,exact_full
Gagea pedata Levichev,Gagea pedata Levichev,Accepted,Gagea pedata,Levichev,Liliaceae,Gagea,Species,899939-1,exact_full
Gagea popovii Vved.,Gagea popovii Vved.,Accepted,Gagea popovii,Vved.,Liliaceae,Gagea,Species,535621-1,exact_full
Gagea praemixta Vved.,Gagea praemixta Vved.,Accepted,Gagea praemixta,Vved.,Liliaceae,Gagea,Species,77176982-1,exact_full
Gagea pseudominutiflora Levichev,Gagea pseudominutiflora Levichev,Accepted,Gagea pseudominutiflora,Levichev,Liliaceae,Gagea,Species,897785-1,exact_full
Gagea pseudoreticulata Vved.,Gagea pseudoreticulata Vved.,Synonym,Gagea reticulata,(Pall.) Schult. & Schult.f.,Liliaceae,Gagea,Species,535638-1,exact_full
Gagea quasitenuifolia Levichev,Gagea quasitenuifolia Levichev,Accepted,Gagea quasitenuifolia,Levichev,Liliaceae,Gagea,Species,77073973-1,exact_full
Gagea reinhardii Levichev,Gagea reinhardii Levichev,Accepted,Gagea reinhardii,Levichev,Liliaceae,Gagea,Species,20001935-1,exact_full
Gagea reticulata (Pall.) Schult. & Schult. f.,Gagea reticulata (Pall.) Schult. & Schult.f.,Accepted,Gagea reticulata,(Pall.) Schult. & Schult.f.,Liliaceae,Gagea,Species,535638-1,exact_full
Gagea rufidula Levichev,Gagea rufidula Levichev,Accepted,Gagea rufidula,Levichev,Liliaceae,Gagea,Species,935749-1,exact_full
Gagea rupicola Levichev,Gagea rupicola Levichev,Accepted,Gagea rupicola,Levichev,Liliaceae,Gagea,Species,930008-1,exact_full
Gagea schachimardanica Levichev,Gagea schachimardanica Levichev,Accepted,Gagea schachimardanica,Levichev,Liliaceae,Gagea,Species,20001936-1,exact_full
Gagea stipitata Merckl. ex Bunge,Gagea stipitata Merckl. ex Bunge,Synonym,Gagea kunawurensis,(Royle) Greuter,Liliaceae,Gagea,Species,535564-1,exact_full
Gagea stolonifera Popov & Czugaeva,,,,,,,,,not_found
Gagea subtilis Vved.,Gagea subtilis Vved.,Accepted,Gagea subtilis,Vved.,Liliaceae,Gagea,Species,535669-1,exact_full
Gagea takhtajanii Levichev,Gagea takhtajanii Levichev,Accepted,Gagea takhtajanii,Levichev,Liliaceae,Gagea,Species,1018785-1,exact_full
Gagea talassica Levichev,Gagea talassica Levichev,Accepted,Gagea talassica,Levichev,Liliaceae,Gagea,Species,935747-1,exact_full
Gagea taschkentica Levichev,Gagea taschkentica Levichev,Accepted,Gagea taschkentica,Levichev,Liliaceae,Gagea,Species,899940-1,exact_full
Gagea tenera Pascher,Gagea tenera Pascher,Accepted,Gagea tenera,Pascher,Liliaceae,Gagea,Species,535679-1,exact_full
"Gagea tribulbilla Levichev, ined.",,,,,,,,,not_found
Gagea turkestanica Pasch.,Gagea turkestanica Pascher,Synonym,Gagea capusii,A.Terracc.,Liliaceae,Gagea,Species,535468-1,exact_name_unique
Gagea ugamica Pavl.,Gagea ugamica Pavlov,Accepted,Gagea ugamica,Pavlov,Liliaceae,Gagea,Species,535700-1,exact_name_unique
Gagea ularsaica Levichev,Gagea ulazsaica Levichev,Accepted,Gagea ulazsaica,Levichev,Liliaceae,Gagea,Species,960503-1,canon_fuzzy1
"Gagea uyguriensis Levichev & Karimov, ined.",,,,,,,,,not_found
Gagea vegeta Vved.,Gagea vegeta Vved.,Accepted,Gagea vegeta,Vved.,Liliaceae,Gagea,Species,535706-1,exact_full
Gagea villosula Vved.,Gagea villosula Vved.,Accepted,Gagea villosula,Vved.,Liliaceae,Gagea,Species,535710-1,exact_full
Gagea vvedenskyi Grossh.,Gagea vvedenskyi Grossh.,Accepted,Gagea vvedenskyi,Grossh.,Liliaceae,Gagea,Species,535711-1,exact_full
Gagea x turanica Levichev,Gagea turanica Levichev,Accepted,Gagea turanica,Levichev,Liliaceae,Gagea,Species,939745-1,manual_alias
Gagea x vaga Levichev,Gagea × vaga Levichev,Accepted,Gagea × vaga,Levichev,Liliaceae,Gagea,Species,939746-1,exact_full
Galagania ferganensis (Korovin) M.G. Vassiljeva & Pimenov,Galagania ferganensis (Korovin) M.G.Vassiljeva & Pimenov,Accepted,Galagania ferganensis,(Korovin) M.G.Vassiljeva & Pimenov,Apiaceae,Galagania,Species,1004011-1,exact_full
Galagania fragrantissima Lipsky,Galagania fragrantissima Lipsky,Accepted,Galagania fragrantissima,Lipsky,Apiaceae,Galagania,Species,842717-1,exact_full
Galagania neglecta M.G. Vassiljeva & Kljuykov,Galagania neglecta M.G.Vassiljeva & Kljuykov,Accepted,Galagania neglecta,M.G.Vassiljeva & Kljuykov,Apiaceae,Galagania,Species,902077-1,exact_full
Galagania tenuisecta (Regel & Schmalh.) M.G. Vassiljeva & Pimenov,Galagania tenuisecta (Regel & Schmalh.) M.G.Vassiljeva & Pimenov,Accepted,Galagania tenuisecta,(Regel & Schmalh.) M.G.Vassiljeva & Pimenov,Apiaceae,Galagania,Species,1004012-1,exact_full
Galatella chromopappus Novopokr.,Galatella chromopappa Novopokr.,Accepted,Galatella chromopappa,Novopokr.,Asteraceae,Galatella,Species,208436-1,canon_exact
Galatella coriacea Novopokr.,Galatella coriacea Novopokr.,Accepted,Galatella coriacea,Novopokr.,Asteraceae,Galatella,Species,208439-1,exact_full
Galatella fastigiformis Novopokr.,Galatella fastigiiformis Novopokr.,Accepted,Galatella fastigiiformis,Novopokr.,Asteraceae,Galatella,Species,208450-1,canon_exact
Galatella hissarica Novopokr.,Galatella hissarica Novopokr.,Accepted,Galatella hissarica,Novopokr.,Asteraceae,Galatella,Species,208457-1,exact_full
Galatella villosula Novopokr.,Galatella villosula Novopokr.,Accepted,Galatella villosula,Novopokr.,Asteraceae,Galatella,Species,208507-1,exact_full
Galinsoga parviflora Cav.,Galinsoga parviflora Cav.,Accepted,Galinsoga parviflora,Cav.,Asteraceae,Galinsoga,Species,208554-1,exact_full
Galium aparine L.,Galium aparine L.,Accepted,Galium aparine,L.,Rubiaceae,Galium,Species,30007294-2,exact_full
Galium decaisnei Boiss.,Galium decaisnei Boiss.,Synonym,Galium setaceum,Lam.,Rubiaceae,Galium,Species,750624-1,exact_full
Galium ghilanicum Stapf,Galium ghilanicum Stapf,Accepted,Galium ghilanicum,Stapf,Rubiaceae,Galium,Species,749939-1,exact_full
Galium ibicinum Boiss. & Hausskn.,Galium ibicinum Boiss. & Hausskn.,Synonym,Galium spurium subsp. ibicinum,(Boiss. & Hausskn.) Ehrend.,Rubiaceae,Galium,Subspecies,890334-1,exact_full
Galium irinae Pachom.,Galium irinae Pachom.,Accepted,Galium irinae,Pachom.,Rubiaceae,Galium,Species,934241-1,exact_full
Galium karakulense Pobed.,Galium karakulense Pobed.,Accepted,Galium karakulense,Pobed.,Rubiaceae,Galium,Species,750103-1,exact_full
Galium nupercreatum Popov,Galium nupercreatum Popov,Accepted,Galium nupercreatum,Popov,Rubiaceae,Galium,Species,77068698-1,exact_full
Galium pamiroalaicum Pobed.,Galium pamiroalaicum Pobed.,Accepted,Galium pamiroalaicum,Pobed.,Rubiaceae,Galium,Species,750371-1,exact_full
Galium ruthenicum Willd.,Galium ruthenicum Willd.,Synonym,Galium verum subsp. verum,"",Rubiaceae,Galium,Subspecies,77168479-1,exact_full
Galium songaricum Schrenk,Galium songaricum Schrenk ex Fisch. & C.A.Mey.,Accepted,Galium songaricum,Schrenk ex Fisch. & C.A.Mey.,Rubiaceae,Galium,Species,750650-1,exact_name_unique
Galium spurium L.,Galium spurium L.,Accepted,Galium spurium,L.,Rubiaceae,Galium,Species,750665-1,name_multi_author_ok
Galium tenuissimum M. Bieb.,Galium tenuissimum M.Bieb.,Accepted,Galium tenuissimum,M.Bieb.,Rubiaceae,Galium,Species,750728-1,exact_full
Galium tianschanicum Popov,Galium tianschanicum Popov,Accepted,Galium tianschanicum,Popov,Rubiaceae,Galium,Species,750743-1,exact_full
Galium trichophorum Kar. & Kir.,Galium trichophorum Kar. & Kir.,Synonym,Galium tenuissimum f. trichophorum,(Kar. & Kir.) Ehrend. & Schönb.-Tem.,Rubiaceae,Galium,Form,77067772-1,exact_full
Galium tricornutum Dandy,Galium tricornutum Dandy,Accepted,Galium tricornutum,Dandy,Rubiaceae,Galium,Species,107226-2,exact_full
Galium turkestanicum Pobed.,Galium turkestanicum Pobed.,Accepted,Galium turkestanicum,Pobed.,Rubiaceae,Galium,Species,750785-1,exact_full
Galium uliginosum L.,Galium uliginosum L.,Accepted,Galium uliginosum,L.,Rubiaceae,Galium,Species,750789-1,name_multi_author_ok
Galium vassilczenkoi Pobed.,Galium vassilczenkoi Pobed.,Accepted,Galium vassilczenkoi,Pobed.,Rubiaceae,Galium,Species,750817-1,exact_full
Galium verticellatum Danthoine ex Lam.,Galium verticillatum Danthoine ex Lam.,Accepted,Galium verticillatum,Danthoine ex Lam.,Rubiaceae,Galium,Species,750827-1,manual_alias
Galium verum L.,Galium verum L.,Accepted,Galium verum,L.,Rubiaceae,Galium,Species,750829-1,exact_full
Gamanthus commixtus Bunge,Gamanthus commixtus Bunge,Synonym,Halimocnemis commixtus,(Bunge) Akhani,Amaranthaceae,Halimocnemis,Species,77089191-1,exact_full
Gamanthus ferganicus Iljin,Gamanthus ferganicus Iljin,Synonym,Halimocnemis ferganica,(Iljin) Akhani ex Sennikov,Amaranthaceae,Halimocnemis,Species,77331127-1,exact_full
Gamanthus gamocarpus (Moq.) Bunge,Gamanthus gamocarpus (Moq.) Bunge,Synonym,Halimocnemis gamocarpa,Moq.,Amaranthaceae,Halimocnemis,Species,2838299-4,exact_full
Garhadiolus angulosus Jaub. & Spach,Garhadiolus angulosus Jaub. & Spach,Synonym,Garhadiolus hedypnois,Jaub. & Spach,Asteraceae,Garhadiolus,Species,208640-1,exact_full
Garhadiolus papposus Boiss. & Buhse,Garhadiolus papposus Boiss. & Buhse,Accepted,Garhadiolus papposus,Boiss. & Buhse,Asteraceae,Garhadiolus,Species,208642-1,exact_full
Gastrocotyle hispida (Forssk.) Bunge,Gastrocotyle hispida (Forssk.) Bunge,Accepted,Gastrocotyle hispida,(Forssk.) Bunge,Boraginaceae,Gastrocotyle,Species,941604-1,exact_full
Gastrolychnis apetala (L.) Tolm. & Kozhanch.,Gastrolychnis apetala (L.) Tolm. & Kozhanch.,Synonym,Silene wahlbergella,Chowdhuri,Caryophyllaceae,Silene,Species,158669-1,exact_full
Gastrolychnis longicarpophorum (Kom.) Lazkov,Gastrolychnis longicarpophora (Kom.) Czerep.,Synonym,Silene longicarpophora,(Kom.) Bocquet,Caryophyllaceae,Silene,Species,157706-1,canon_exact
Gentiana barbata Froel.,Gentiana barbata Froel.,Synonym,Gentianopsis barbata,(Froel.) Ma,Gentianaceae,Gentianopsis,Species,369371-1,exact_full
Gentiana karelinii Griseb.,Gentiana karelinii Griseb.,Synonym,Gentiana prostrata var. karelinii,(Griseb.) Kusn.,Gentianaceae,Gentiana,Variety,77250167-1,exact_full
Gentiana kirilowii Turcz.,Gentiana kirilowii Turcz.,Accepted,Gentiana kirilowii,Turcz.,Gentianaceae,Gentiana,Species,77221879-1,exact_full
Gentiana leucomelaena Maxim.,Gentiana leucomelaena Maxim. ex Kusn.,Accepted,Gentiana leucomelaena,Maxim. ex Kusn.,Gentianaceae,Gentiana,Species,368413-1,exact_name_unique
Gentiana olivieri Griseb.,Gentiana olivieri Griseb.,Accepted,Gentiana olivieri,Griseb.,Gentianaceae,Gentiana,Species,368595-1,exact_full
Gentiana prostrata Haenke,Gentiana prostrata Haenke,Accepted,Gentiana prostrata,Haenke,Gentianaceae,Gentiana,Species,108504-2,exact_full
Gentiana riparia Kar. & Kir.,Gentiana riparia Kar. & Kir.,Accepted,Gentiana riparia,Kar. & Kir.,Gentianaceae,Gentiana,Species,368827-1,exact_full
Gentiana sibirica (Kuzn.) Grossh.,Gentiana sibirica (Kusn.) Grossh.,Synonym,Gentianella sibirica,(Kusn.) Holub,Gentianaceae,Gentianella,Species,369300-1,exact_name_unique
Gentiana turkestanorum Gand.,Gentiana turkestanorum Gand.,Synonym,Gentianella turkestanorum,(Gand.) Holub,Gentianaceae,Gentianella,Species,369318-1,exact_full
Geranium bashkyzylsaicum Nabiev,Geranium baschkyzylsaicum Nabiev,Accepted,Geranium baschkyzylsaicum,Nabiev,Geraniaceae,Geranium,Species,899954-1,canon_exact
Geranium charlesii (Aitch. & Hemsl.) Vved. ex Nevski,Geranium charlesii (Aitch. & Hemsl.) Vved.,Synonym,Geranium kotschyi subsp. charlesii,(Aitch. & Hemsl.) P.H.Davis,Geraniaceae,Geranium,Subspecies,77250341-1,exact_name_unique
Geranium collinum Steph. ex Willd.,Geranium collinum Stephan ex Willd.,Accepted,Geranium collinum,Stephan ex Willd.,Geraniaceae,Geranium,Species,372909-1,exact_name_unique
Geranium dissectum L.,Geranium dissectum L.,Accepted,Geranium dissectum,L.,Geraniaceae,Geranium,Species,30210528-2,exact_full
Geranium divaricatum Ehrh.,Geranium divaricatum Ehrh.,Accepted,Geranium divaricatum,Ehrh.,Geraniaceae,Geranium,Species,372984-1,name_multi_author_ok
Geranium pusillum L.,Geranium pusillum L.,Accepted,Geranium pusillum,L.,Geraniaceae,Geranium,Species,60444752-2,exact_full
Geranium regelii Nevski,Geranium regelii Nevski,Synonym,Geranium saxatile,Kar. & Kir.,Geraniaceae,Geranium,Species,373624-1,exact_full
Geranium robertianum L.,Geranium robertianum L.,Accepted,Geranium robertianum,L.,Geraniaceae,Geranium,Species,109269-2,exact_full
Geranium rotundifolium L.,Geranium rotundifolium L.,Accepted,Geranium rotundifolium,L.,Geraniaceae,Geranium,Species,373602-1,exact_full
Geranium saxatile Kar. & Kir.,Geranium saxatile Kar. & Kir.,Accepted,Geranium saxatile,Kar. & Kir.,Geraniaceae,Geranium,Species,373624-1,exact_full
Geranium schrenkianum Trautv. ex A.K. Becker,Geranium schrenkianum Trautv. ex A.K.Becker,Accepted,Geranium schrenkianum,Trautv. ex A.K.Becker,Geraniaceae,Geranium,Species,373631-1,exact_full
Geranium sibiricum L.,Geranium sibiricum L.,Accepted,Geranium sibiricum,L.,Geraniaceae,Geranium,Species,322496-2,exact_full
Geranium transversale (Kar. & Kir.) Vved.,Geranium transversale (Kar. & Kir.) Vved. ex Pavlov,Synonym,Geranium linearilobum,DC.,Geraniaceae,Geranium,Species,373255-1,exact_name_unique
Gerbera kokanica Regel & Schmelh.,Gerbera kokanica Regel & Schmalh.,Synonym,Oreoseris kokanica,(Regel & Schmalh.) J.Wen & W.Zheng,Asteraceae,Oreoseris,Species,77176443-1,exact_name_unique
Geum allepicum Jacq.,Geum aleppicum Jacq.,Accepted,Geum aleppicum,Jacq.,Rosaceae,Geum,Species,30094401-2,manual_alias
Geum rivale L.,Geum rivale L.,Accepted,Geum rivale,L.,Rosaceae,Geum,Species,725355-1,exact_full
Geum urbanum L.,Geum urbanum L.,Accepted,Geum urbanum,L.,Rosaceae,Geum,Species,725399-1,exact_full
Girgensohnia bungeana Sukhor.,Girgensohnia bungeana Sukhor.,Accepted,Girgensohnia bungeana,Sukhor.,Amaranthaceae,Girgensohnia,Species,77086961-1,exact_full
Girgensohnia diptera Bunge,Girgensohnia diptera Bunge,Accepted,Girgensohnia diptera,Bunge,Amaranthaceae,Girgensohnia,Species,165623-1,exact_full
Girgensohnia oppositiflora (Pall.) Fenzl,Girgensohnia oppositiflora (Pall.) Fenzl,Accepted,Girgensohnia oppositiflora,(Pall.) Fenzl,Amaranthaceae,Girgensohnia,Species,165629-1,exact_full
Gladiolus italicus Mill.,Gladiolus italicus Mill.,Accepted,Gladiolus italicus,Mill.,Iridaceae,Gladiolus,Species,437543-1,exact_full
Glaucium corniculatum (L.) Curtis,Glaucium corniculatum (L.) Rudolph,Accepted,Glaucium corniculatum,(L.) Rudolph,Papaveraceae,Glaucium,Species,673158-1,exact_name_unique
Glaucium elegans Fisch. & C.A.Mey.,Glaucium elegans Fisch. & C.A.Mey.,Accepted,Glaucium elegans,Fisch. & C.A.Mey.,Papaveraceae,Glaucium,Species,673161-1,exact_full
Glaucium elegans subsp. bracteatum (Popov) Mory,Glaucium elegans subsp. bracteatum (Popov) Mory,Accepted,Glaucium elegans subsp. bracteatum,(Popov) Mory,Papaveraceae,Glaucium,Subspecies,888056-1,exact_full
Glaucium fimbrilligerum Boiss.,Glaucium fimbrilligerum Boiss.,Accepted,Glaucium fimbrilligerum,Boiss.,Papaveraceae,Glaucium,Species,673164-1,exact_full
Glaucium insigne Popov,Glaucium insigne Popov,Accepted,Glaucium insigne,Popov,Papaveraceae,Glaucium,Species,673174-1,exact_full
Glaucium squamigerum Kar. & Kir.,Glaucium squamigerum Kar. & Kir.,Accepted,Glaucium squamigerum,Kar. & Kir.,Papaveraceae,Glaucium,Species,673202-1,name_multi_author_ok
Glaux maritima L.,Glaux maritima L.,Synonym,Lysimachia maritima,"(L.) Galasso, Banfi & Soldano",Primulaceae,Lysimachia,Species,77068343-1,exact_full
Glyceria plicata (Fr.) Fr.,Glyceria plicata (Fr.) Fr.,Synonym,Glyceria notata,Chevall.,Poaceae,Glyceria,Species,60437219-2,exact_full
Glycyrrhiza aspera Pall.,Glycyrrhiza aspera Pall.,Accepted,Glycyrrhiza aspera,Pall.,Fabaceae,Glycyrrhiza,Species,496924-1,exact_full
Glycyrrhiza bucharica Regel,Glycyrrhiza bucharica Regel,Accepted,Glycyrrhiza bucharica,Regel,Fabaceae,Glycyrrhiza,Species,496929-1,exact_full
Glycyrrhiza glabra L.,Glycyrrhiza glabra L.,Accepted,Glycyrrhiza glabra,L.,Fabaceae,Glycyrrhiza,Species,496941-1,exact_full
Glycyrrhiza triphylla Fisch. & C.A. Mey. (G. erythrocarpa (Vass.) M.N. Abdull.),Glycyrrhiza triphylla Fisch. & C.A.Mey.,Accepted,Glycyrrhiza triphylla,Fisch. & C.A.Mey.,Fabaceae,Glycyrrhiza,Species,496972-1,exact_name_unique
Glycyrrhiza uralensis Fisch. ex DC.,Glycyrrhiza uralensis Fisch. ex DC.,Accepted,Glycyrrhiza uralensis,Fisch. ex DC.,Fabaceae,Glycyrrhiza,Species,496974-1,exact_full
Gnaphalium luteo-album L.,Gnaphalium luteoalbum L.,Synonym,Pseudognaphalium luteoalbum,(L.) Hilliard & B.L.Burtt,Asteraceae,Pseudognaphalium,Species,909623-1,manual_alias
Gnaphalium supinum L.,Gnaphalium supinum L.,Synonym,Omalotheca supina,(L.) DC.,Asteraceae,Omalotheca,Species,235192-1,name_multi_author_ok
Goldbachia laevigata (M. Bieb.) DC.,Goldbachia laevigata DC.,Accepted,Goldbachia laevigata,DC.,Brassicaceae,Goldbachia,Species,284506-1,exact_name_unique
Goldbachia pendula Botsch.,Goldbachia pendula Botsch.,Accepted,Goldbachia pendula,Botsch.,Brassicaceae,Goldbachia,Species,284510-1,exact_full
Goldbachia sabulosa (Kar. & Kir.) D.A. German & Al-Shehbaz,Goldbachia sabulosa (Kar. & Kir.) D.A.German & Al-Shehbaz,Accepted,Goldbachia sabulosa,(Kar. & Kir.) D.A.German & Al-Shehbaz,Brassicaceae,Goldbachia,Species,77109893-1,exact_full
Goldbachia tetragona Ledeb.,Goldbachia tetragona Ledeb.,Accepted,Goldbachia tetragona,Ledeb.,Brassicaceae,Goldbachia,Species,284512-1,exact_full
Goldbachia torulosa DC.,Goldbachia torulosa DC.,Accepted,Goldbachia torulosa,DC.,Brassicaceae,Goldbachia,Species,284513-1,exact_full
Goldbachia verrucosa Kom.,Goldbachia verrucosa Kom.,Accepted,Goldbachia verrucosa,Kom.,Brassicaceae,Goldbachia,Species,284514-1,exact_full
Gomphocarpus fruticosus (L.) W.T. Aiton,Gomphocarpus fruticosus (L.) W.T.Aiton,Accepted,Gomphocarpus fruticosus,(L.) W.T.Aiton,Apocynaceae,Gomphocarpus,Species,97610-1,exact_full
Goniolimon sewerzowii Herder,Goniolimon sewerzowii Herder,Accepted,Goniolimon sewerzowii,Herder,Plumbaginaceae,Goniolimon,Species,686597-1,exact_full
Gratiola officinalis L.,Gratiola officinalis L.,Accepted,Gratiola officinalis,L.,Plantaginaceae,Gratiola,Species,803505-1,exact_full
Gymnospermium albertii (Regel) Takht.,Gymnospermium alberti (Regel) Takht.,Accepted,Gymnospermium alberti,(Regel) Takht.,Berberidaceae,Gymnospermium,Species,107330-1,canon_exact
Gynandriris sisyrinchium (L.) Parl.,Gynandriris sisyrinchium (L.) Parl.,Synonym,Moraea sisyrinchium,(L.) Ker Gawl.,Iridaceae,Moraea,Species,440274-1,exact_full
Gypsophila alsinoides Bunge,Gypsophila alsinoides Bunge,Synonym,Gypsophiloides alsinoides,(Bunge) Mahdavi & Assadi,Caryophyllaceae,Gypsophiloides,Species,77330607-1,exact_full
Gypsophila capituliflora Rupr.,Gypsophila capituliflora Rupr.,Accepted,Gypsophila capituliflora,Rupr.,Caryophyllaceae,Gypsophila,Species,154414-1,exact_full
Gypsophila cephalotes (Schrenk) Kom.,Gypsophila cephalotes (Schrenk ex Fisch. & C.A.Mey.) Korsh.,Synonym,Gypsophila saligna,Schrad.,Caryophyllaceae,Gypsophila,Species,154614-1,exact_name_unique
Gypsophila diffusa Fisch. & C.A.Mey. ex Rupr.,Gypsophila diffusa Fisch. & C.A.Mey. ex Rupr.,Accepted,Gypsophila diffusa,Fisch. & C.A.Mey. ex Rupr.,Caryophyllaceae,Gypsophila,Species,154443-1,exact_full
Gypsophila floribunda (Kar. & Kir.) Turcz. ex Fenzl,Gypsophila floribunda (Kar. & Kir.) Turcz. ex Fenzl,Accepted,Gypsophila floribunda,(Kar. & Kir.) Turcz. ex Fenzl,Caryophyllaceae,Gypsophila,Species,154469-1,exact_full
Gypsophila herniarioides Boiss.,Gypsophila herniarioides Boiss.,Synonym,Acanthophyllum herniarioides,(Boiss.) Madhani & Zarre,Caryophyllaceae,Acanthophyllum,Species,77178367-1,exact_full
Gypsophila heteropoda Freyn,Gypsophila heteropoda Freyn,Accepted,Gypsophila heteropoda,Freyn,Caryophyllaceae,Gypsophila,Species,154492-1,exact_full
Gypsophila paniculata L.,Gypsophila paniculata L.,Accepted,Gypsophila paniculata,L.,Caryophyllaceae,Gypsophila,Species,154563-1,exact_full
Gypsophila perfoliata L.,Gypsophila perfoliata L.,Accepted,Gypsophila perfoliata,L.,Caryophyllaceae,Gypsophila,Species,154569-1,exact_full
Gypsophila pilosa Huds.,Gypsophila pilosa Huds.,Accepted,Gypsophila pilosa,Huds.,Caryophyllaceae,Gypsophila,Species,60463389-2,exact_full
Gypsophila spathulifolia Fenzl,Gypsophila spathulifolia Fenzl,Accepted,Gypsophila spathulifolia,Fenzl,Caryophyllaceae,Gypsophila,Species,154635-1,exact_full
Gypsophila vedeneevae Lepeschk. ex Botsch. & Vved.,Gypsophila vedeneevae Lepeschk. ex Botsch. & Vved.,Accepted,Gypsophila vedeneevae,Lepeschk. ex Botsch. & Vved.,Caryophyllaceae,Gypsophila,Species,978234-1,exact_full
Halerpestes sarmentosa (Adams) Kom.,Halerpestes sarmentosa (Adams) Kom.,Accepted,Halerpestes sarmentosa,(Adams) Kom.,Ranunculaceae,Halerpestes,Species,711256-1,exact_full
Halimiphyllum atriplicoides (Fisch. & C.A. Mey.) Boriss.,Halimiphyllum atriplicoides (Fisch. & C.A.Mey.) Boriss.,Synonym,Zygophyllum atriplicoides,Fisch. & C.A.Mey.,Zygophyllaceae,Zygophyllum,Species,873508-1,exact_full
Halimiphyllum eurypterum (Boiss. & Buhse) Boriss.,Halimiphyllum eurypterum (Boiss. & Buhse) Boriss.,Synonym,Zygophyllum atriplicoides subsp. eurypterum,(Boiss. & Buhse) Popov,Zygophyllaceae,Zygophyllum,Subspecies,77252475-1,exact_full
Halimocnemis beresinii Iljin,Halimocnemis beresinii Iljin,Accepted,Halimocnemis beresinii,Iljin,Amaranthaceae,Halimocnemis,Species,165660-1,exact_full
Halimocnemis glaberrima Iljin,Halimocnemis glaberrima Iljin,Accepted,Halimocnemis glaberrima,Iljin,Amaranthaceae,Halimocnemis,Species,165669-1,exact_full
Halimocnemis karelinii Moq.,Halimocnemis karelinii Moq.,Accepted,Halimocnemis karelinii,Moq.,Amaranthaceae,Halimocnemis,Species,165675-1,exact_full
Halimocnemis lasiantha Iljin,Halimocnemis lasiantha Iljin,Accepted,Halimocnemis lasiantha,Iljin,Amaranthaceae,Halimocnemis,Species,165680-1,exact_full
Halimocnemis latifolia Iljin,Halimocnemis latifolia Iljin,Accepted,Halimocnemis latifolia,Iljin,Amaranthaceae,Halimocnemis,Species,165681-1,exact_full
Halimocnemis longifolia Bunge,Halimocnemis longifolia Bunge,Accepted,Halimocnemis longifolia,Bunge,Amaranthaceae,Halimocnemis,Species,165682-1,exact_full
Halimocnemis macranthera Bunge,Halimocnemis macranthera Bunge,Synonym,Halimocnemis macrantha,Bunge,Amaranthaceae,Halimocnemis,Species,165684-1,exact_full
Halimocnemis mollissima Bunge,Halimocnemis mollissima Bunge,Accepted,Halimocnemis mollissima,Bunge,Amaranthaceae,Halimocnemis,Species,165691-1,exact_full
Halimocnemis pilifera Moq.,Halimocnemis pilifera Moq.,Accepted,Halimocnemis pilifera,Moq.,Amaranthaceae,Halimocnemis,Species,165697-1,ambiguous_same_target
Halimocnemis sclerosperma (Pall.) C.A. Mey.,Halimocnemis sclerosperma (Pall.) C.A.Mey.,Accepted,Halimocnemis sclerosperma,(Pall.) C.A.Mey.,Amaranthaceae,Halimocnemis,Species,165707-1,exact_full
Halimocnemis smirnowii Bunge,Halimocnemis smirnowii Bunge,Accepted,Halimocnemis smirnowii,Bunge,Amaranthaceae,Halimocnemis,Species,165709-1,exact_full
Halimocnemis villosa Kar. & Kir.,Halimocnemis villosa Kar. & Kir.,Accepted,Halimocnemis villosa,Kar. & Kir.,Amaranthaceae,Halimocnemis,Species,165719-1,name_multi_author_ok
Halimodendron halodendron (Pall.) Voss,Halimodendron halodendron (Pall.) Voss,Synonym,Caragana halodendron,(Pall.) Dum.Cours.,Fabaceae,Caragana,Species,77090105-1,exact_full
Halocharis hispida (Schrenk) Bunge,Halocharis hispida (Schrenk) Bunge,Accepted,Halocharis hispida,(Schrenk) Bunge,Amaranthaceae,Halocharis,Species,165737-1,exact_full
Halocnemum strobilaceum (Pall.) M. Bieb.,Halocnemum strobilaceum (Pall.) M.Bieb.,Accepted,Halocnemum strobilaceum,(Pall.) M.Bieb.,Amaranthaceae,Halocnemum,Species,165766-1,exact_full
Halogeton glomeratus (M. Bieb.) Ledeb.,Halogeton glomeratus (M.Bieb.) Ledeb.,Accepted,Halogeton glomeratus,(M.Bieb.) Ledeb.,Amaranthaceae,Halogeton,Species,60448682-2,exact_full
Halopeplis pygmaea (Pall.) Bunge ex Ung.-Sternb.,Halopeplis pygmaea (Pall.) Bunge ex Ung.-Sternb.,Accepted,Halopeplis pygmaea,(Pall.) Bunge ex Ung.-Sternb.,Amaranthaceae,Halopeplis,Species,165798-1,exact_full
Halostachys belangeriana (Moq.) Botsch.,Halostachys belangeriana (Moq.) Botsch.,Synonym,Halostachys caspica,(M.Bieb.) C.A.Mey.,Amaranthaceae,Halostachys,Species,165827-1,exact_full
Halothamnus auriculus (Moq.) Botsch.,Halothamnus auriculus (Moq.) Botsch.,Accepted,Halothamnus auriculus,(Moq.) Botsch.,Amaranthaceae,Halothamnus,Species,908826-1,exact_full
Halothamnus babatagi Botsch.,Halothamnus babatagi Botsch.,Synonym,Halothamnus oxianus,Botsch.,Amaranthaceae,Halothamnus,Species,897892-1,exact_full
Halothamnus ferganensis Botsch.,Halothamnus ferganensis Botsch.,Accepted,Halothamnus ferganensis,Botsch.,Amaranthaceae,Halothamnus,Species,897888-1,exact_full
Halothamnus glaucus (M. Bieb.) Botsch.,Halothamnus glaucus (M.Bieb.) Botsch.,Accepted,Halothamnus glaucus,(M.Bieb.) Botsch.,Amaranthaceae,Halothamnus,Species,908828-1,exact_full
Halothamnus hispidulus (Bunge) Botsch.,Halothamnus hispidulus (Bunge) Botsch.,Synonym,Halothamnus glaucus subsp. hispidulus,(Bunge) Kothe-Heinr.,Amaranthaceae,Halothamnus,Subspecies,976108-1,exact_full
Halothamnus iliensis (Lipsky) Botsch.,Halothamnus iliensis (Lipsky) Botsch.,Accepted,Halothamnus iliensis,(Lipsky) Botsch.,Amaranthaceae,Halothamnus,Species,908831-1,exact_full
Halothamnus oxianus Botsch.,Halothamnus oxianus Botsch.,Accepted,Halothamnus oxianus,Botsch.,Amaranthaceae,Halothamnus,Species,897892-1,exact_full
Halothamnus psammophilus Botsch.,Halothamnus psammophilus Botsch.,Synonym,Halothamnus subaphyllus subsp. psammophilus,(Botsch.) Kothe-Heinr.,Amaranthaceae,Halothamnus,Subspecies,976112-1,exact_full
Halothamnus schurobi Botsch.,Halothamnus schurobi Botsch.,Accepted,Halothamnus schurobi,Botsch.,Amaranthaceae,Halothamnus,Species,897894-1,exact_full
Halothamnus subaphyllus (C.A.Mey.) Botsch.,Halothamnus subaphyllus (C.A.Mey.) Botsch.,Accepted,Halothamnus subaphyllus,(C.A.Mey.) Botsch.,Amaranthaceae,Halothamnus,Species,908834-1,exact_full
Halothamnus tianschanicus Botsch.,Halothamnus tianschanicus Botsch.,Synonym,Halothamnus glaucus subsp. tianschanicus,(Botsch.) Kothe-Heinr.,Amaranthaceae,Halothamnus,Subspecies,976109-1,exact_full
Haloxylon ammodendron (C.A. Mey.) Bunge ex Fenzl,Haloxylon ammodendron (C.A.Mey.) Bunge ex Fenzl,Accepted,Haloxylon ammodendron,(C.A.Mey.) Bunge ex Fenzl,Amaranthaceae,Haloxylon,Species,941607-1,exact_full
Haloxylon aphyllum (Minkw.) Iljin,Haloxylon aphyllum (Minkw.) Iljin,Synonym,Haloxylon ammodendron,(C.A.Mey.) Bunge ex Fenzl,Amaranthaceae,Haloxylon,Species,941607-1,exact_full
Haloxylon persicum Bunge,Haloxylon persicum Bunge,Accepted,Haloxylon persicum,Bunge,Amaranthaceae,Haloxylon,Species,165849-1,exact_full
Hammada eriantha Botsch.,Hammada eriantha Botsch.,Accepted,Hammada eriantha,Botsch.,Amaranthaceae,Hammada,Species,165866-1,exact_full
Hammada leptoclada (Popov) Iljin,Hammada leptoclada (Popov ex Iljin) Iljin,Synonym,Haloxylon griffithii subsp. griffithii,"",Amaranthaceae,Haloxylon,Subspecies,77231555-1,exact_name_unique
Handelia trichophylla (Schrenk) Heimerl,Handelia trichophylla (Schrenk) Heimerl,Accepted,Handelia trichophylla,(Schrenk) Heimerl,Asteraceae,Handelia,Species,211399-1,exact_full
Haplophyllum acutifolium (DC.) G. Don,Haplophyllum acutifolium (DC.) G.Don,Accepted,Haplophyllum acutifolium,(DC.) G.Don,Rutaceae,Haplophyllum,Species,771245-1,exact_full
Haplophyllum alberti-regelii Korovin,Haplophyllum alberti-regelii Korovin,Accepted,Haplophyllum alberti-regelii,Korovin,Rutaceae,Haplophyllum,Species,771247-1,exact_full
Haplophyllum bucharicum Litv.,Haplophyllum bucharicum Litv.,Accepted,Haplophyllum bucharicum,Litv.,Rutaceae,Haplophyllum,Species,773859-1,exact_full
Haplophyllum bungei Trautv.,Haplophyllum bungei Trautv.,Accepted,Haplophyllum bungei,Trautv.,Rutaceae,Haplophyllum,Species,771260-1,exact_full
Haplophyllum dubium Korovin,Haplophyllum dubium Korovin,Accepted,Haplophyllum dubium,Korovin,Rutaceae,Haplophyllum,Species,771280-1,exact_full
Haplophyllum ferganicum Vved.,Haplophyllum ferganicum Vved.,Accepted,Haplophyllum ferganicum,Vved.,Rutaceae,Haplophyllum,Species,773865-1,exact_full
Haplophyllum griffithianum Boiss.,Haplophyllum griffithianum Boiss.,Accepted,Haplophyllum griffithianum,Boiss.,Rutaceae,Haplophyllum,Species,771290-1,exact_full
Haplophyllum latifolium Kar. & Kir.,Haplophyllum latifolium Kar. & Kir.,Accepted,Haplophyllum latifolium,Kar. & Kir.,Rutaceae,Haplophyllum,Species,771298-1,name_multi_author_ok
Haplophyllum obtusifolium Ledeb.,Haplophyllum obtusifolium (Ledeb. ex Eichw.) Ledeb.,Accepted,Haplophyllum obtusifolium,(Ledeb. ex Eichw.) Ledeb.,Rutaceae,Haplophyllum,Species,771307-1,exact_name_unique
Haplophyllum pedicellatum Bunge,Haplophyllum pedicellatum Bunge ex Boiss.,Accepted,Haplophyllum pedicellatum,Bunge ex Boiss.,Rutaceae,Haplophyllum,Species,771309-1,exact_name_unique
Haplophyllum popovii Korovin,,,,,,,,,manual_override
Haplophyllum ramosissimum (Paulsen) Vved.,Haplophyllum ramosissimum (Paulsen) Vved.,Accepted,Haplophyllum ramosissimum,(Paulsen) Vved.,Rutaceae,Haplophyllum,Species,773889-1,exact_full
Haplophyllum robustum Bunge,Haplophyllum robustum Bunge,Accepted,Haplophyllum robustum,Bunge,Rutaceae,Haplophyllum,Species,771321-1,exact_full
Haplophyllum versicolor Fisch. & C.A. Mey.,Haplophyllum versicolor Fisch. & C.A.Mey.,Accepted,Haplophyllum versicolor,Fisch. & C.A.Mey.,Rutaceae,Haplophyllum,Species,771340-1,exact_full
Haplophyllum vvedenskyi Nevski,Haplophyllum vvedenskyi Nevski,Accepted,Haplophyllum vvedenskyi,Nevski,Rutaceae,Haplophyllum,Species,773899-1,exact_full
Hedysarum alaicum B. Fedtsch.,Hedysarum alaicum B.Fedtsch.,Accepted,Hedysarum alaicum,B.Fedtsch.,Fabaceae,Hedysarum,Species,497445-1,exact_full
Hedysarum amankutanicum B. Fedtsch.,Hedysarum amankutanicum B.Fedtsch.,Accepted,Hedysarum amankutanicum,B.Fedtsch.,Fabaceae,Hedysarum,Species,497459-1,exact_full
Hedysarum angrenicum Korotkova,Hedysarum angrenicum Korotkova,Accepted,Hedysarum angrenicum,Korotkova,Fabaceae,Hedysarum,Species,497464-1,exact_full
Hedysarum baldshuanicum B. Fedtsch.,Hedysarum baldshuanicum B.Fedtsch.,Accepted,Hedysarum baldshuanicum,B.Fedtsch.,Fabaceae,Hedysarum,Species,497506-1,exact_full
Hedysarum bucharicum B. Fedtsch.,Hedysarum bucharicum B.Fedtsch.,Accepted,Hedysarum bucharicum,B.Fedtsch.,Fabaceae,Hedysarum,Species,497541-1,exact_full
Hedysarum cephalotes Franch.,Hedysarum cephalotes Franch.,Illegitimate,Hedysarum minjanense,Rech.f.,Fabaceae,Hedysarum,Species,497897-1,name_multi_author_ok
Hedysarum chaitocarpum Regel & Schmalh.,Hedysarum chaitocarpum Regel & Schmalh.,Accepted,Hedysarum chaitocarpum,Regel & Schmalh.,Fabaceae,Hedysarum,Species,497586-1,exact_full
Hedysarum denticulatum Regel,Hedysarum denticulatum Regel,Accepted,Hedysarum denticulatum,Regel,Fabaceae,Hedysarum,Species,497649-1,exact_full
Hedysarum dmitrievae Bajtenov,Hedysarum dmitrievae Bajtenov,Accepted,Hedysarum dmitrievae,Bajtenov,Fabaceae,Hedysarum,Species,497662-1,exact_full
Hedysarum drobovii Korotkova,Hedysarum drobovii Korotkova,Accepted,Hedysarum drobovii,Korotkova,Fabaceae,Hedysarum,Species,497664-1,exact_full
Hedysarum ferganense Korsh.,Hedysarum ferganense Korsh.,Accepted,Hedysarum ferganense,Korsh.,Fabaceae,Hedysarum,Species,497697-1,exact_full
Hedysarum flavescens Regel & Schmalh.,Hedysarum flavescens Regel & Schmalh.,Accepted,Hedysarum flavescens,Regel & Schmalh.,Fabaceae,Hedysarum,Species,497700-1,name_multi_author_ok
Hedysarum gypsaceum Korotkova,Hedysarum gypsaceum Korotkova,Accepted,Hedysarum gypsaceum,Korotkova,Fabaceae,Hedysarum,Species,497748-1,exact_full
Hedysarum iomuticum B. Fedtsch.,Hedysarum iomuticum B.Fedtsch.,Accepted,Hedysarum iomuticum,B.Fedtsch.,Fabaceae,Hedysarum,Species,497798-1,exact_full
Hedysarum jaxarticum Popov.,Hedysarum jaxarticum Popov,Accepted,Hedysarum jaxarticum,Popov,Fabaceae,Hedysarum,Species,497802-1,exact_name_unique
Hedysarum kudrjaschevii Korotkova,Hedysarum kudrjaschevii Korotkova,Accepted,Hedysarum kudrjaschevii,Korotkova,Fabaceae,Hedysarum,Species,497817-1,exact_full
Hedysarum lehmannianum Bunge,Hedysarum lehmannianum Bunge,Accepted,Hedysarum lehmannianum,Bunge,Fabaceae,Hedysarum,Species,497846-1,exact_full
Hedysarum macrocarpum Korotkova ex Kovalevsk.,Hedysarum macrocarpum Korotkova ex Kovalevsk.,Accepted,Hedysarum macrocarpum,Korotkova ex Kovalevsk.,Fabaceae,Hedysarum,Species,897913-1,exact_full
Hedysarum magnificum Kudrjasch.,Hedysarum magnificum Kudr.,Accepted,Hedysarum magnificum,Kudr.,Fabaceae,Hedysarum,Species,977199-1,exact_name_unique
Hedysarum mindshilkense Bajtenov,Hedysarum mindshilkense Bajtenov,Accepted,Hedysarum mindshilkense,Bajtenov,Fabaceae,Hedysarum,Species,497896-1,exact_full
Hedysarum mogianicum (B. Fedtsch.) B. Fedtsch.,Hedysarum mogianicum (B.Fedtsch.) B.Fedtsch.,Accepted,Hedysarum mogianicum,(B.Fedtsch.) B.Fedtsch.,Fabaceae,Hedysarum,Species,497900-1,exact_full
Hedysarum montanum B. Fedtsch.,Hedysarum montanum (B.Fedtsch.) B.Fedtsch.,Illegitimate,Hedysarum issykkulense,Nikitina,Fabaceae,Hedysarum,Species,497799-1,manual_alias
Hedysarum nuratense Popov,Hedysarum nuratense Popov,Accepted,Hedysarum nuratense,Popov,Fabaceae,Hedysarum,Species,497929-1,exact_full
Hedysarum olgae B. Fedtsch.,Hedysarum olgae B.Fedtsch.,Accepted,Hedysarum olgae,B.Fedtsch.,Fabaceae,Hedysarum,Species,497938-1,name_multi_author_ok
Hedysarum plumosum Boiss. & Hausskn.,Hedysarum plumosum Boiss. & Hausskn.,Accepted,Hedysarum plumosum,Boiss. & Hausskn.,Fabaceae,Hedysarum,Species,497990-1,exact_full
Hedysarum poncinsii Franch.,Hedysarum poncinsii Franch.,Accepted,Hedysarum poncinsii,Franch.,Fabaceae,Hedysarum,Species,497997-1,exact_full
Hedysarum popovii Korotkova,Hedysarum popovii Korotkova,Accepted,Hedysarum popovii,Korotkova,Fabaceae,Hedysarum,Species,497998-1,exact_full
Hedysarum pskemense Popov ex B. Fedtsch.,Hedysarum pskemense Popov ex B.Fedtsch.,Accepted,Hedysarum pskemense,Popov ex B.Fedtsch.,Fabaceae,Hedysarum,Species,498016-1,exact_full
Hedysarum santalaschi B. Fedtsch.,Hedysarum santalaschi B.Fedtsch.,Accepted,Hedysarum santalaschi,B.Fedtsch.,Fabaceae,Hedysarum,Species,498079-1,exact_full
Hedysarum sunhangii Juram. & Tojibaev,Hedysarum sunhangii Juram. & Tojibaev,Accepted,Hedysarum sunhangii,Juram. & Tojibaev,Fabaceae,Hedysarum,Species,77221523-1,exact_full
Hedysarum taschkendicum Popov,Hedysarum taschkendicum Popov,Accepted,Hedysarum taschkendicum,Popov,Fabaceae,Hedysarum,Species,498151-1,exact_full
Hedysarum turkestanicum Regel & Schmalh.,Hedysarum turkestanicum Regel & Schmalh.,Accepted,Hedysarum turkestanicum,Regel & Schmalh.,Fabaceae,Hedysarum,Species,498184-1,exact_full
Helianthemum soongaricum Schrenk,Helianthemum songaricum Schrenk ex Fisch. & C.A.Mey.,Accepted,Helianthemum songaricum,Schrenk ex Fisch. & C.A.Mey.,Cistaceae,Helianthemum,Species,169173-1,canon_exact
Helichrysum arenarium (L.) Moench,Helichrysum arenarium (L.) Moench,Accepted,Helichrysum arenarium,(L.) Moench,Asteraceae,Helichrysum,Species,212418-1,exact_full
Helichrysum maracandicum Popov ex Kirp.,Helichrysum maracandicum Popov ex Kirp.,Accepted,Helichrysum maracandicum,Popov ex Kirp.,Asteraceae,Helichrysum,Species,213015-1,exact_full
Helichrysum mussae Nevski,Helichrysum mussae Nevski,Accepted,Helichrysum mussae,Nevski,Asteraceae,Helichrysum,Species,213074-1,exact_full
Helichrysum nuratavicum Krasch.,Helichrysum nuratavicum Krasch.,Accepted,Helichrysum nuratavicum,Krasch.,Asteraceae,Helichrysum,Species,213102-1,exact_full
Helichrysum tianschanicum Regel,Helichrysum thianschanicum Regel,Accepted,Helichrysum thianschanicum,Regel,Asteraceae,Helichrysum,Species,213428-1,canon_exact
Helictotrichon asiaticum (Roshev.) Grossh.,Helictotrichon asiaticum (Roshev.) Grossh.,Synonym,Helictochloa hookeri,(Scribn.) Romero Zarco,Poaceae,Helictochloa,Species,77113490-1,exact_full
Helictotrichon desertorum (Less.) Nevski,Helictotrichon desertorum (Less.) Pilg.,Accepted,Helictotrichon desertorum,(Less.) Pilg.,Poaceae,Helictotrichon,Species,404571-1,exact_name_unique
Helictotrichon fedtschenkoi (Hack.) Henrard,Helictotrichon fedtschenkoi (Hack.) Henrard,Accepted,Helictotrichon fedtschenkoi,(Hack.) Henrard,Poaceae,Helictotrichon,Species,404574-1,exact_full
Helictotrichon mongolicum (Roshev.) Henrard,Helictotrichon mongolicum (Roshev.) Henrard,Accepted,Helictotrichon mongolicum,(Roshev.) Henrard,Poaceae,Helictotrichon,Species,404601-1,exact_full
Helictotrichon schellianum (Hack.) Kitag.,Helictotrichon schellianum (Hack.) Kitag.,Synonym,Helictochloa hookeri,(Scribn.) Romero Zarco,Poaceae,Helictochloa,Species,77113490-1,exact_full
Heliotropium acutiflorum Kar. & Kir.,Heliotropium acutiflorum Kar. & Kir.,Accepted,Heliotropium acutiflorum,Kar. & Kir.,Boraginaceae,Heliotropium,Species,116640-1,exact_full
Heliotropium argusioides Kar. & Kir.,Heliotropium arguzioides Kar. & Kir.,Accepted,Heliotropium arguzioides,Kar. & Kir.,Boraginaceae,Heliotropium,Species,116675-1,canon_exact
Heliotropium biannulatiforme Popov,Heliotropium biannulatiforme Popov,Accepted,Heliotropium biannulatiforme,Popov,Boraginaceae,Heliotropium,Species,116695-1,exact_full
Heliotropium bogdanii Czukav.,Heliotropium bogdanii Czukav.,Accepted,Heliotropium bogdanii,Czukav.,Boraginaceae,Heliotropium,Species,116699-1,exact_full
Heliotropium bucharicum B. Fedtsch.,Heliotropium bucharicum B.Fedtsch.,Accepted,Heliotropium bucharicum,B.Fedtsch.,Boraginaceae,Heliotropium,Species,116718-1,exact_full
Heliotropium dasycarpum Ledeb.,Heliotropium dasycarpum Ledeb.,Accepted,Heliotropium dasycarpum,Ledeb.,Boraginaceae,Heliotropium,Species,116786-1,exact_full
Heliotropium ellipticum Ledeb.,Heliotropium ellipticum Ledeb.,Accepted,Heliotropium ellipticum,Ledeb.,Boraginaceae,Heliotropium,Species,116816-1,name_multi_author_ok
Heliotropium fedtschenkoanum Popov,Heliotropium fedtschenkoanum Popov,Accepted,Heliotropium fedtschenkoanum,Popov,Boraginaceae,Heliotropium,Species,116839-1,exact_full
Heliotropium lasiocarpum Fisch. & C.A. Mey.,Heliotropium lasiocarpum Fisch. & C.A.Mey.,Accepted,Heliotropium lasiocarpum,Fisch. & C.A.Mey.,Boraginaceae,Heliotropium,Species,116975-1,exact_full
Heliotropium olgae Bunge,Heliotropium olgae Bunge,Accepted,Heliotropium olgae,Bunge,Boraginaceae,Heliotropium,Species,117090-1,exact_full
Heliotropium transoxanum Bunge,Heliotropium transoxanum Bunge,Synonym,Heliotropium dasycarpum subsp. transoxanum,(Bunge) Akhani & Förther,Boraginaceae,Heliotropium,Subspecies,980338-1,exact_full
Henrardia persica (Boiss.) C.E. Hubb.,Henrardia persica (Boiss.) C.E.Hubb.,Accepted,Henrardia persica,(Boiss.) C.E.Hubb.,Poaceae,Henrardia,Species,404732-1,exact_full
Henrardia pubescens (Bertol.) C.E. Hubb.,Henrardia pubescens (Bertol.) C.E.Hubb.,Accepted,Henrardia pubescens,(Bertol.) C.E.Hubb.,Poaceae,Henrardia,Species,404733-1,exact_full
Heracleum lehmannianum Bunge,Heracleum lehmannianum Bunge,Accepted,Heracleum lehmannianum,Bunge,Apiaceae,Heracleum,Species,843073-1,exact_full
Herniaria caucasica Rupr.,Herniaria caucasica Rupr.,Accepted,Herniaria caucasica,Rupr.,Caryophyllaceae,Herniaria,Species,434780-1,exact_full
Herniaria glabra L.,Herniaria glabra L.,Accepted,Herniaria glabra,L.,Caryophyllaceae,Herniaria,Species,434799-1,exact_full
Herniaria hirsuta L.,Herniaria hirsuta L.,Accepted,Herniaria hirsuta,L.,Caryophyllaceae,Herniaria,Species,434804-1,name_multi_author_ok
Hesperis sibirica L.,Hesperis sibirica L.,Accepted,Hesperis sibirica,L.,Brassicaceae,Hesperis,Species,324658-2,name_multi_author_ok
Heteracia epapposa (Regel & Schmalh.) Popov,Heteracia epapposa (Regel & Schmalh.) Popov,Accepted,Heteracia epapposa,(Regel & Schmalh.) Popov,Asteraceae,Heteracia,Species,77181363-1,exact_full
Heteracia szovitzii Fisch. & C.A.Mey.,Heteracia szovitsii Fisch. & C.A.Mey.,Accepted,Heteracia szovitsii,Fisch. & C.A.Mey.,Asteraceae,Heteracia,Species,213895-1,manual_alias
Heteranthelium piliferum (Banks & Soland.) Hochst.,Heteranthelium piliferum (Banks & Sol.) Hochst.,Accepted,Heteranthelium piliferum,(Banks & Sol.) Hochst.,Poaceae,Heteranthelium,Species,404744-1,exact_name_unique
Heterocaryum laevigatum (Kar. & Kir.) A. DC.,Heterocaryum laevigatum (Kar. & Kir.) A.DC.,Synonym,Suchtelenia laevigata,(Kar. & Kir.) Sennikov,Boraginaceae,Suchtelenia,Species,77331144-1,exact_full
Heterocaryum macrocarpum Zakirov,Heterocaryum macrocarpum Zakirov,Synonym,Suchtelenia macrocarpa,(Zakirov) Sennikov,Boraginaceae,Suchtelenia,Species,77331145-1,exact_full
Heterocaryum rigidum A. DC.,Heterocaryum rigidum A.DC.,Synonym,,,,,,,exact_full
Heterocaryum subsessile Vatke,Heterocaryum subsessile Vatke,Synonym,Suchtelenia subsessilis,(Vatke) Sennikov,Boraginaceae,Suchtelenia,Species,77331146-1,exact_full
Heterocaryum szovitsianum (Fisch. & C.A. Mey.) A. DC.,Heterocaryum szovitsianum (Fisch. & C.A.Mey.) A.DC.,Synonym,Suchtelenia szovitsiana,(Fisch. & C.A.Mey.) Sennikov,Boraginaceae,Suchtelenia,Species,77331147-1,exact_full
Heteroderis leucocephala (Bunge) Leonova,Heteroderis leucocephala (Bunge) Leonova,Synonym,Heteroderis pusilla,(Boiss.) Boiss.,Asteraceae,Heteroderis,Species,213928-1,exact_full
Heteroderis pusilla (Boiss.) Boiss.,Heteroderis pusilla (Boiss.) Boiss.,Accepted,Heteroderis pusilla,(Boiss.) Boiss.,Asteraceae,Heteroderis,Species,213928-1,exact_full
Hibiscus trionum L.,Hibiscus trionum L.,Accepted,Hibiscus trionum,L.,Malvaceae,Hibiscus,Species,122028-2,exact_full
Hieracium dublitzkii B. Fedtsch. & Nevski,Hieracium dublitzkii B.Fedtsch. & Nevski,Synonym,Pilosella dublitzkii,(B.Fedtsch. & Nevski) Tupitz.,Asteraceae,Pilosella,Species,1009537-1,exact_full
Hieracium echioides Lumn.,Hieracium echioides Lumn.,Synonym,Pilosella echioides,(Lumn.) F.W.Schultz & Sch.Bip.,Asteraceae,Pilosella,Species,238076-1,exact_full
Hieracium kirghisorum Ǜksip,Hieracium kirghisorum Üksip,Accepted,Hieracium kirghisorum,Üksip,Asteraceae,Hieracium,Species,218923-1,exact_name_unique
Hieracium procerum Fr.,Hieracium procerum Fr.,Synonym,Pilosella procera,(Fr.) F.W.Schultz & Sch.Bip.,Asteraceae,Pilosella,Species,238259-1,exact_full
Hieracium regelianum Zahn,Hieracium regelianum Zahn,Synonym,Hieracium raddeanum subsp. regelianum,(Zahn) Greuter,Asteraceae,Hieracium,Subspecies,77085573-1,exact_full
Hieracium robustum Fr.,Hieracium robustum Fr.,Accepted,Hieracium robustum,Fr.,Asteraceae,Hieracium,Species,222476-1,exact_full
Hieracium umbellatum L.,Hieracium umbellatum L.,Accepted,Hieracium umbellatum,L.,Asteraceae,Hieracium,Species,224435-1,exact_full
Hieracium virosum Pall.,Hieracium virosum Pall.,Accepted,Hieracium virosum,Pall.,Asteraceae,Hieracium,Species,224727-1,exact_full
Hippolytia megacephala (Rupr.) Poljakov,Hippolytia megacephala (Rupr.) Poljakov,Accepted,Hippolytia megacephala,(Rupr.) Poljakov,Asteraceae,Hippolytia,Species,224908-1,exact_full
Hippophae rhamnoides L.,Hippophae rhamnoides L.,Accepted,Hippophae rhamnoides,L.,Elaeagnaceae,Hippophae,Species,323851-1,exact_full
Hippuris vulgaris L.,Hippuris vulgaris L.,Accepted,Hippuris vulgaris,L.,Plantaginaceae,Hippuris,Species,430352-1,exact_full
Holoschoenus vulgaris Link,Holoschoenus vulgaris Link,Synonym,Scirpoides holoschoenus,(L.) Soják,Cyperaceae,Scirpoides,Species,1214602-2,exact_full
Holosteum glutinosum (M. Bieb.) Fisch. & C.A. Mey.,Holosteum glutinosum (M.Bieb.) Fisch. & C.A.Mey.,Accepted,Holosteum glutinosum,(M.Bieb.) Fisch. & C.A.Mey.,Caryophyllaceae,Holosteum,Species,154796-1,exact_full
Holosteum umbellatum L.,Holosteum umbellatum L.,Accepted,Holosteum umbellatum,L.,Caryophyllaceae,Holosteum,Species,301475-2,exact_full
Horaninovia anomala (C.A. Mey.) Moq.,Horaninovia anomala (C.A.Mey.) Moq.,Accepted,Horaninovia anomala,(C.A.Mey.) Moq.,Amaranthaceae,Horaninovia,Species,165889-1,exact_full
Horaninovia excellens Iljin,Horaninovia excellens (Iljin) Iljin,Accepted,Horaninovia excellens,(Iljin) Iljin,Amaranthaceae,Horaninovia,Species,165892-1,exact_name_unique
Horaninovia ulicina Fisch. & C.A. Mey.,Horaninovia ulicina Fisch. & C.A.Mey.,Accepted,Horaninovia ulicina,Fisch. & C.A.Mey.,Amaranthaceae,Horaninovia,Species,165898-1,exact_full
Hordeum bogdanii Wilensky,Hordeum bogdanii Wilensky,Accepted,Hordeum bogdanii,Wilensky,Poaceae,Hordeum,Species,405157-1,exact_full
Hordeum brevisubulatum (Trin.) Link,Hordeum brevisubulatum (Trin.) Link,Accepted,Hordeum brevisubulatum,(Trin.) Link,Poaceae,Hordeum,Species,405167-1,exact_full
Hordeum bulbosum L.,Hordeum bulbosum L.,Accepted,Hordeum bulbosum,L.,Poaceae,Hordeum,Species,405169-1,exact_full
Hordeum geniculatum All.,Hordeum geniculatum All.,Synonym,Hordeum marinum subsp. gussoneanum,(Parl.) Thell.,Poaceae,Hordeum,Subspecies,60447542-2,name_multi_author_ok
Hordeum leporinum Link,Hordeum leporinum Link,Synonym,Hordeum murinum subsp. leporinum,(Link) Arcang.,Poaceae,Hordeum,Subspecies,77189804-1,exact_full
Hordeum spontaneum C. Koch,Hordeum spontaneum K.Koch,Synonym,Hordeum vulgare subsp. spontaneum,(K.Koch) Asch. & Graebn.,Poaceae,Hordeum,Subspecies,77259495-1,exact_name_unique
Hulthemia persica (Michx. ex Juss.) Bornm.,Hulthemia persica (Michx. ex Juss.) Bornm.,Synonym,Rosa persica,Michx. ex Juss.,Rosaceae,Rosa,Species,733660-1,exact_full
Hulthemosa guzarica Juz.,× Hulthemosa guzarica Juz.,Unplaced,,,,,,,manual_alias
Humulus lupulus L.,Humulus lupulus L.,Accepted,Humulus lupulus,L.,Cannabaceae,Humulus,Species,303502-2,exact_full
Humulus scandens (Lour.) Merr.,Humulus scandens (Lour.) Merr.,Accepted,Humulus scandens,(Lour.) Merr.,Cannabaceae,Humulus,Species,584308-1,exact_full
Hyalea pulchella (Ledeb.) Koch,Hyalea pulchella (Ledeb.) K.Koch,Synonym,Centaurea pulchella,Ledeb.,Asteraceae,Centaurea,Species,191377-1,exact_name_unique
Hyalolaena bupleuroides (Schrenk) Pimenov & Kljukov,Hyalolaena bupleuroides (Schrenk) Pimenov & Kljuykov,Accepted,Hyalolaena bupleuroides,(Schrenk) Pimenov & Kljuykov,Apiaceae,Hyalolaena,Species,910760-1,exact_name_unique
Hyalolaena depauperata Korovin,Hyalolaena depauperata Korovin,Synonym,Hyalolaena jaxartica,Bunge,Apiaceae,Hyalolaena,Species,843357-1,exact_full
Hyalolaena intermedia Pimenov & Kljuykov,Hyalolaena intermedia Pimenov & Kljuykov,Accepted,Hyalolaena intermedia,Pimenov & Kljuykov,Apiaceae,Hyalolaena,Species,900091-1,exact_full
Hyalolaena jaxartica Bunge,Hyalolaena jaxartica Bunge,Accepted,Hyalolaena jaxartica,Bunge,Apiaceae,Hyalolaena,Species,843357-1,exact_full
Hyalolaena trichophylla (Schrenk) Pimenov & Kljukov,Hyalolaena trichophylla (Schrenk) Pimenov & Kljuykov,Accepted,Hyalolaena trichophylla,(Schrenk) Pimenov & Kljuykov,Apiaceae,Hyalolaena,Species,910763-1,exact_name_unique
Hymenocrater incisodentatus Boriss.,Hymenocrater incisidentatus Boriss.,Synonym,Nepeta argutidens,(Rech.f.) Jamzad & Serpoosh.,Lamiaceae,Nepeta,Species,77212181-1,canon_fuzzy1
Hymenolaena pimpinellifolia Rupr.,Hymenolaena pimpinellifolia Rupr.,Synonym,Hymenidium lindleyanum,(Klotzsch) Pimenov & Kljuykov,Apiaceae,Hymenidium,Species,77066079-1,exact_full
Hymenolobus procumbens (L.) Fourr.,Hymenolobus procumbens (L.) Fourr.,Synonym,Hornungia procumbens,(L.) Hayek,Brassicaceae,Hornungia,Species,285376-1,exact_full
Hyoscyamus niger L.,Hyoscyamus niger L.,Accepted,Hyoscyamus niger,L.,Solanaceae,Hyoscyamus,Species,815932-1,exact_full
Hyoscyamus pusillus L.,Hyoscyamus pusillus L.,Accepted,Hyoscyamus pusillus,L.,Solanaceae,Hyoscyamus,Species,815947-1,exact_full
Hyoscyamus reticulatus L.,Hyoscyamus reticulatus L.,Accepted,Hyoscyamus reticulatus,L.,Solanaceae,Hyoscyamus,Species,815948-1,exact_full
Hyoscyamus turcomanicus Pojark.,Hyoscyamus turcomanicus Pojark.,Synonym,Hyoscyamus reticulatus,L.,Solanaceae,Hyoscyamus,Species,815948-1,exact_full
Hypacanthium echinopifolium (Bornm.) Juz.,Hypacanthium echinopifolium (Bornm.) Juz.,Synonym,Arctium echinopifolium,"(Bornm.) S.López, Romasch., Susanna & N.Garcia",Asteraceae,Arctium,Species,77112852-1,exact_full
Hypacanthium evidens Tscherneva,Hypacanthium evidens Tscherneva,Synonym,Arctium evidens,"(Tscherneva) S.López, Romasch., Susanna & N.Garcia",Asteraceae,Arctium,Species,77112854-1,exact_full
Hypecoum parviflorum Kar. & Kir.,Hypecoum parviflorum Kar. & Kir.,Synonym,Hypecoum pendulum var. pendulum,"",Papaveraceae,Hypecoum,Variety,77231525-1,name_multi_author_ok
Hypecoum trilobum Trautv.,Hypecoum trilobum Trautv.,Synonym,Hypecoum pendulum var. trilobum,(Trautv.) Cullen,Papaveraceae,Hypecoum,Variety,77252875-1,exact_full
Hypericum elongatum Ledeb.,Hypericum elongatum Ledeb. ex Rchb.,Accepted,Hypericum elongatum,Ledeb. ex Rchb.,Hypericaceae,Hypericum,Species,433401-1,exact_name_unique
Hypericum perforatum L.,Hypericum perforatum L.,Accepted,Hypericum perforatum,L.,Hypericaceae,Hypericum,Species,433719-1,exact_full
Hypericum scabrum L.,Hypericum scabrum L.,Accepted,Hypericum scabrum,L.,Hypericaceae,Hypericum,Species,433837-1,exact_full
Hypogomphia bucharica Vved.,Hypogomphia bucharica Vved.,Accepted,Hypogomphia bucharica,Vved.,Lamiaceae,Hypogomphia,Species,447910-1,exact_full
Hypogomphia turkestanica Bunge,Hypogomphia turkestanica Regel,Synonym,Hypogomphia turkestana,Bunge,Lamiaceae,Hypogomphia,Species,447913-1,exact_name_unique
Hypopitys monotropa Crantz,Hypopitys monotropa Crantz,Synonym,Monotropa hypopitys,L.,Ericaceae,Monotropa,Species,163883-2,exact_full
Hyssopus serawschanicus (Dubj.) Pazij,Hyssopus seravschanicus (Dubj.) Pazij,Synonym,Dracocephalum seravschanicum,(Dubj.) Y.P.Chen & B.T.Drew,Lamiaceae,Dracocephalum,Species,77333319-1,canon_exact
Ianhedgea minutiflora (Hook. f. & Thomson) Al-Shehbaz & O'Kane,Ianhedgea minutiflora (Hook.f. & Thomson) Al-Shehbaz & O'Kane,Accepted,Ianhedgea minutiflora,(Hook.f. & Thomson) Al-Shehbaz & O'Kane,Brassicaceae,Ianhedgea,Species,1010323-1,exact_full
Iberidella trinervia (DC.) Boiss.,Iberidella trinervia (DC.) Boiss.,Synonym,Noccaea trinervia,(DC.) Steud.,Brassicaceae,Noccaea,Species,287796-1,exact_full
Iljinia regelii (Bunge) Korovin,Iljinia regelii (Bunge) Korovin ex Iljin,Accepted,Iljinia regelii,(Bunge) Korovin ex Iljin,Amaranthaceae,Iljinia,Species,165899-1,exact_name_unique
Impatiens nevski Pobed.,Impatiens nevskii Pobed.,Synonym,Impatiens parviflora,DC.,Balsaminaceae,Impatiens,Species,374266-1,canon_exact
Impatiens parviflora DC.,Impatiens parviflora DC.,Accepted,Impatiens parviflora,DC.,Balsaminaceae,Impatiens,Species,374266-1,exact_full
Imperata cylindrica (L.) Raeusch.,Imperata cylindrica (L.) Raeusch.,Accepted,Imperata cylindrica,(L.) Raeusch.,Poaceae,Imperata,Species,30138371-2,exact_full
Incarvillea olgae Regel,Incarvillea olgae Regel,Accepted,Incarvillea olgae,Regel,Bignoniaceae,Incarvillea,Species,109754-1,exact_full
Inula britannica L.,Inula britannica L.,Synonym,Pentanema britannica,"(L.) D.Gut.Larr., Santos-Vicente, Anderb., E.Rico & M.M.Mart.Ort.",Asteraceae,Pentanema,Species,77178407-1,exact_full
Inula caspica F.K. Blum. ex Ledeb.,Inula caspica F.K.Blum ex Ledeb.,Synonym,Pentanema caspicum,"(F.K.Blum ex Ledeb.) G.V.Boiko, Korniy. & Mosyakin",Asteraceae,Pentanema,Species,60477683-2,exact_name_unique
Inula glauca C. Winkl.,Inula glauca C.Winkl.,Accepted,Inula glauca,C.Winkl.,Asteraceae,Inula,Species,225888-1,exact_full
Inula helenium L.,Inula helenium L.,Accepted,Inula helenium,L.,Asteraceae,Inula,Species,225914-1,name_multi_author_ok
Inula macrolepis Bunge,Inula macrolepis Bunge,Accepted,Inula macrolepis,Bunge,Asteraceae,Inula,Species,225972-1,exact_full
Inula macrophylla Kar. & Kir.,Inula macrophylla Kar. & Kir.,Synonym,Inula grandis,Schrenk ex Fisch. & C.A.Mey.,Asteraceae,Inula,Species,225901-1,name_multi_author_ok
Inula multicaulis Fisch. & C.A. Mey.,Inula multicaulis Fisch. & C.A.Mey.,Accepted,Inula multicaulis,Fisch. & C.A.Mey.,Asteraceae,Inula,Species,226001-1,name_multi_author_ok
Inula rhizocephala Schrenk,Inula rhizocephala Schrenk ex Fisch. & C.A.Mey.,Accepted,Inula rhizocephala,Schrenk ex Fisch. & C.A.Mey.,Asteraceae,Inula,Species,226073-1,exact_name_unique
Inula rhizocephaliformis Kamelin & Turak.,Inula rhizocephaliformis Kamelin & Turak.,Accepted,Inula rhizocephaliformis,Kamelin & Turak.,Asteraceae,Inula,Species,986178-1,exact_full
Inula salicina L.,Inula salicina L.,Synonym,Pentanema salicinum,"(L.) D.Gut.Larr., Santos-Vicente, Anderb., E.Rico & M.M.Mart.Ort.",Asteraceae,Pentanema,Species,77178422-1,name_multi_author_ok
Ipomoea purpurea (L.) Roth,Ipomoea purpurea (L.) Roth,Accepted,Ipomoea purpurea,(L.) Roth,Convolvulaceae,Ipomoea,Species,30043043-2,exact_full
Iris =Juno rodionenkoi Lazkov et Naumenko,Iris Tourn. ex L.,Accepted,Iris,Tourn. ex L.,Iridaceae,Iris,Genus,326330-2,exact_name_unique
Iris alberti Regel,Iris alberti Regel,Accepted,Iris alberti,Regel,Iridaceae,Iris,Species,438334-1,exact_full
Iris anvarbekii Tojibaev & Ortiqov,Iris anvarbekii Tojibaev & Ortiqov,Accepted,Iris anvarbekii,Tojibaev & Ortiqov,Iridaceae,Iris,Species,77370993-1,exact_full
"Iris austrotschatkalica Tojibaev, F. Karim. & Turgunov","Iris austrotschatkalica Tojibaev, F.Karimov & Turgunov",Accepted,Iris austrotschatkalica,"Tojibaev, F.Karimov & Turgunov",Iridaceae,Iris,Species,77144608-1,exact_name_unique
Iris bucharica Foster,Iris bucharica Foster,Accepted,Iris bucharica,Foster,Iridaceae,Iris,Species,438440-1,exact_full
Iris capnoides (Vved.) T. Hall & Seisums,Iris capnoides (Vved.) T.Hall & Seisums,Accepted,Iris capnoides,(Vved.) T.Hall & Seisums,Iridaceae,Iris,Species,77115529-1,exact_full
Iris falcifolia Bunge,Iris falcifolia Bunge,Accepted,Iris falcifolia,Bunge,Iridaceae,Iris,Species,928051-1,exact_full
Iris fedtschenkoi F.O. Khass. & Rakhimova,Iris fedtschenkoi F.O.Khass. & Rakhimova,Illegitimate,Iris albomarginata,R.C.Foster,Iridaceae,Iris,Species,438340-1,exact_full
Iris halophyla Pallas,Iris halophila Pall.,Accepted,Iris halophila,Pall.,Iridaceae,Iris,Species,438680-1,manual_alias
Iris hippolyti (Vved.) Kamelin ex Takht.,Iris hippolyti (Vved.) Kamelin,Accepted,Iris hippolyti,(Vved.) Kamelin,Iridaceae,Iris,Species,908994-1,exact_name_unique
Iris inconspicua (Vved.) T. Hall & Seisums,Iris inconspicua (Vved.) T.Hall & Seisums,Accepted,Iris inconspicua,(Vved.) T.Hall & Seisums,Iridaceae,Iris,Species,77115530-1,exact_full
Iris khassanovii Tojibaev & Turginov,Iris khassanovii Tojibaev & Turginov,Accepted,Iris khassanovii,Tojibaev & Turginov,Iridaceae,Iris,Species,77137285-1,exact_full
Iris kolpakowskiana Regel,Iris kolpakowskiana Regel,Accepted,Iris kolpakowskiana,Regel,Iridaceae,Iris,Species,438764-1,exact_full
Iris korolkovii Regel,Iris korolkowii Regel,Accepted,Iris korolkowii,Regel,Iridaceae,Iris,Species,438768-1,canon_exact
Iris linifolia O. Fedtsch.,Iris linifolia (Regel) O.Fedtsch.,Accepted,Iris linifolia,(Regel) O.Fedtsch.,Iridaceae,Iris,Species,438797-1,exact_name_unique
Iris linifoliiformis (Khalk.) Tojibaev & Turginov,Iris linifoliiformis (Khalk.) Tojibaev & Turginov,Accepted,Iris linifoliiformis,(Khalk.) Tojibaev & Turginov,Iridaceae,Iris,Species,77137286-1,exact_full
Iris loczyii Kanitz,Iris loczyi Kanitz,Accepted,Iris loczyi,Kanitz,Iridaceae,Iris,Species,438801-1,canon_exact
Iris longiscapa Ledeb.,Iris longiscapa Ledeb.,Accepted,Iris longiscapa,Ledeb.,Iridaceae,Iris,Species,438812-1,exact_full
Iris magnifica (Vved.) F.O. Khass. & Rakhimova,Iris magnifica Vved.,Accepted,Iris magnifica,Vved.,Iridaceae,Iris,Species,438839-1,exact_name_unique
Iris maracandica (Vved.) Wendelbo,Iris maracandica (Vved.) Wendelbo,Accepted,Iris maracandica,(Vved.) Wendelbo,Iridaceae,Iris,Species,438846-1,exact_full
Iris narbuti O.Fedtsch.,Iris narbutii O.Fedtsch.,Accepted,Iris narbutii,O.Fedtsch.,Iridaceae,Iris,Species,438897-1,canon_exact
Iris narynensis O. Fedtsch.,Iris narynensis O.Fedtsch.,Accepted,Iris narynensis,O.Fedtsch.,Iridaceae,Iris,Species,438899-1,exact_full
Iris nicolai Vved.,Iris nicolai (Vved.) Vved.,Accepted,Iris nicolai,(Vved.) Vved.,Iridaceae,Iris,Species,438910-1,exact_name_unique
Iris orchioides Carrière,Iris orchioides Carrière,Accepted,Iris orchioides,Carrière,Iridaceae,Iris,Species,438931-1,exact_full
Iris oxypetala Bunge,Iris oxypetala Bunge,Accepted,Iris oxypetala,Bunge,Iridaceae,Iris,Species,77080011-1,name_multi_author_ok
Iris parvula (Vved.) T. Hall & Seisums,Iris parvula (Vved.) Sennikov,Accepted,Iris parvula,(Vved.) Sennikov,Iridaceae,Iris,Species,77313914-1,exact_name_unique
"Iris petri F.O. Khass., Rakhimova & Achilova","Iris petri F.O.Khass., Rakhimova & Achilova",Accepted,Iris petri,"F.O.Khass., Rakhimova & Achilova",Iridaceae,Iris,Species,77148041-1,exact_full
Iris pseudocapnoides Rukšāns,Iris pseudocapnoides Rukšāns,Accepted,Iris pseudocapnoides,Rukšāns,Iridaceae,Iris,Species,60446530-2,exact_full
Iris pskemense Rukšāns,Iris pskemensis Rukšāns,Synonym,Iris kolpakowskiana subsp. kolpakowskiana,"",Iridaceae,Iris,Subspecies,77214281-1,canon_exact
Iris rosenbachiana Regel,Iris rosenbachiana Regel,Accepted,Iris rosenbachiana,Regel,Iridaceae,Iris,Species,439039-1,exact_full
Iris rudolphii F.O. Khass. et al.,"Iris rudolphii F.O.Khass., Esankulov & Achilova",Accepted,Iris rudolphii,"F.O.Khass., Esankulov & Achilova",Iridaceae,Iris,Species,77136023-1,exact_name_unique
Iris ruthenica Karl-Gawl,Iris ruthenica Ker Gawl.,Accepted,Iris ruthenica,Ker Gawl.,Iridaceae,Iris,Species,439055-1,exact_name_unique
Iris sogdiana Bunge,Iris sogdiana Bunge,Synonym,Iris halophila var. sogdiana,(Bunge) Skeels,Iridaceae,Iris,Variety,77188540-1,exact_full
Iris songarica Schrenk,Iris songarica Schrenk ex Fisch. & C.A.Mey.,Accepted,Iris songarica,Schrenk ex Fisch. & C.A.Mey.,Iridaceae,Iris,Species,439100-1,exact_name_unique
Iris stolonifera Maxim.,Iris stolonifera Maxim.,Accepted,Iris stolonifera,Maxim.,Iridaceae,Iris,Species,439135-1,exact_full
Iris subdecolorata (Vved.) F.O. Khass. & Rakhimova,Iris subdecolorata Vved.,Accepted,Iris subdecolorata,Vved.,Iridaceae,Iris,Species,439145-1,exact_name_unique
Iris svetlanae (Vvel. ex Tscherneva) F.O. Khass.,Iris svetlanae (Vved.) T.Hall & Seisums,Accepted,Iris svetlanae,(Vved.) T.Hall & Seisums,Iridaceae,Iris,Species,60466563-2,exact_name_unique
Iris tadshikorum Vved.,Iris tadshikorum (Vved.) Vved.,Accepted,Iris tadshikorum,(Vved.) Vved.,Iridaceae,Iris,Species,439159-1,exact_name_unique
Iris tenuifolia Pall.,Iris tenuifolia Pall.,Accepted,Iris tenuifolia,Pall.,Iridaceae,Iris,Species,439173-1,exact_full
Iris tubergeniana Foster,Iris tubergeniana Foster,Accepted,Iris tubergeniana,Foster,Iridaceae,Iris,Species,439214-1,exact_full
Iris vicaria (Vved.) T. Hall & Seisums,Iris vicaria Vved.,Accepted,Iris vicaria,Vved.,Iridaceae,Iris,Species,439236-1,exact_name_unique
Iris victoris F.O. Khass. et al.,"Iris victoris F.O.Khass., Khuzhan. & Rakhimova",Accepted,Iris victoris,"F.O.Khass., Khuzhan. & Rakhimova",Iridaceae,Iris,Species,77136022-1,exact_name_unique
Iris vvedenskyi (Nevski ex Woronow & Popov) Nevski,Iris vvedenskyi Nevski ex Woronow & Popov,Accepted,Iris vvedenskyi,Nevski ex Woronow & Popov,Iridaceae,Iris,Species,439255-1,exact_name_unique
Iris warleyensis Foster,Iris warleyensis Foster,Accepted,Iris warleyensis,Foster,Iridaceae,Iris,Species,439256-1,exact_full
Iris willmottiana Foster,Iris willmottiana Foster,Accepted,Iris willmottiana,Foster,Iridaceae,Iris,Species,439262-1,exact_full
Iris winklerii Regel,Iris winkleri Regel,Accepted,Iris winkleri,Regel,Iridaceae,Iris,Species,439264-1,canon_exact
Isatis boissieriana Rchb. f.,Isatis boissieriana Rchb.f.,Accepted,Isatis boissieriana,Rchb.f.,Brassicaceae,Isatis,Species,285743-1,exact_full
Isatis brevipes (Bunge) Jafri,Isatis brevipes (Bunge) Jafri,Accepted,Isatis brevipes,(Bunge) Jafri,Brassicaceae,Isatis,Species,285745-1,exact_full
Isatis emarginata Kar. & Kir.,Isatis emarginata Kar. & Kir.,Accepted,Isatis emarginata,Kar. & Kir.,Brassicaceae,Isatis,Species,285771-1,exact_full
"Isatis gymnocarpa (Fisch. ex DC.) Al-Shehbaz, Moazzeni & Mummenhoff","Isatis gymnocarpa (Fisch. ex DC.) Al-Shehbaz, Moazzeni & Mumm.",Accepted,Isatis gymnocarpa,"(Fisch. ex DC.) Al-Shehbaz, Moazzeni & Mumm.",Brassicaceae,Isatis,Species,77122956-1,exact_name_unique
Isatis hirtocalyx Franch.,Isatis hirtocalyx Franch.,Accepted,Isatis hirtocalyx,Franch.,Brassicaceae,Isatis,Species,285793-1,exact_full
Isatis minima Bunge,Isatis minima Bunge,Accepted,Isatis minima,Bunge,Brassicaceae,Isatis,Species,285830-1,exact_full
Isatis multicaulis (Kar. & Kir.) Jafri,Isatis multicaulis (Kar. & Kir.) Jafri,Accepted,Isatis multicaulis,(Kar. & Kir.) Jafri,Brassicaceae,Isatis,Species,285832-1,exact_full
Isatis tinctoria L.,Isatis tinctoria L.,Accepted,Isatis tinctoria,L.,Brassicaceae,Isatis,Species,285873-1,exact_full
Iskandera alaica (Korsh.) Botsch. & Vved.,Iskandera alaica (Korsh.) Botsch. & Vved.,Synonym,Dvorakia alaica,(Korsh.) D.A.German,Brassicaceae,Dvorakia,Species,77205300-1,exact_full
Iskandera hissarica N. Busch,Iskandera hissarica N.Busch,Accepted,Iskandera hissarica,N.Busch,Brassicaceae,Iskandera,Species,285889-1,exact_full
Ixiolirion ferganicum Kovalevsk. & Vved.,Ixiolirion ferganicum Kovalevsk. & Vved.,Accepted,Ixiolirion ferganicum,Kovalevsk. & Vved.,Ixioliriaceae,Ixiolirion,Species,65679-1,exact_full
Ixiolirion tataricum (Pall.) Schult. & Schult. f.,Ixiolirion tataricum (Pall.) Schult. & Schult.f.,Accepted,Ixiolirion tataricum,(Pall.) Schult. & Schult.f.,Ixioliriaceae,Ixiolirion,Species,65691-1,exact_full
Juglans regia L.,Juglans regia L.,Accepted,Juglans regia,L.,Juglandaceae,Juglans,Species,442427-1,exact_full
Juncellus distachyos (All.) Turrill,Juncellus distachyos (All.) Turrill,Synonym,Cyperus laevigatus subsp. distachyos,(All.) Ball,Cyperaceae,Cyperus,Subspecies,77189095-1,exact_full
Juncellus pannonicus (Jacq.) Clarke,Juncellus pannonicus (Jacq.) C.B.Clarke,Synonym,Cyperus pannonicus,Jacq.,Cyperaceae,Cyperus,Species,305450-1,exact_name_unique
Juncellus serotinus (Rottb.) Clarke,Juncellus serotinus (Rottb.) C.B.Clarke,Synonym,Cyperus serotinus,Rottb.,Cyperaceae,Cyperus,Species,305908-1,exact_name_unique
Juncus articulatus L.,Juncus articulatus L.,Accepted,Juncus articulatus,L.,Juncaceae,Juncus,Species,442698-1,exact_full
Juncus bufonius L.,Juncus bufonius L.,Accepted,Juncus bufonius,L.,Juncaceae,Juncus,Species,30079279-2,exact_full
Juncus compressus Jacq.,Juncus compressus Jacq.,Accepted,Juncus compressus,Jacq.,Juncaceae,Juncus,Species,442830-1,name_multi_author_ok
Juncus gerardii Loisel.,Juncus gerardi Loisel.,Accepted,Juncus gerardi,Loisel.,Juncaceae,Juncus,Species,30116907-2,manual_alias
Juncus heptapotamicus V. Krecz. & Gontsch.,Juncus heptopotamicus V.I.Krecz. & Gontsch.,Accepted,Juncus heptopotamicus,V.I.Krecz. & Gontsch.,Juncaceae,Juncus,Species,443041-1,canon_fuzzy1
Juncus hybridus Brot.,Juncus hybridus Brot.,Accepted,Juncus hybridus,Brot.,Juncaceae,Juncus,Species,443056-1,exact_full
Juncus inflexus L.,Juncus inflexus L.,Accepted,Juncus inflexus,L.,Juncaceae,Juncus,Species,443065-1,exact_full
Juncus jaxarticus V. Krecz. & Gontsch.,Juncus jaxarticus V.I.Krecz. & Gontsch.,Accepted,Juncus jaxarticus,V.I.Krecz. & Gontsch.,Juncaceae,Juncus,Species,443086-1,exact_name_unique
Juncus macrantherus V. Krecz. & Gontsch.,Juncus macrantherus V.I.Krecz. & Gontsch.,Accepted,Juncus macrantherus,V.I.Krecz. & Gontsch.,Juncaceae,Juncus,Species,443172-1,exact_name_unique
Juncus maritimus Lam.,Juncus maritimus Lam.,Accepted,Juncus maritimus,Lam.,Juncaceae,Juncus,Species,443185-1,exact_full
Juncus orientalis (Snogerup) Filim.,Juncus orientalis (Snogerup) Filim.,Synonym,Juncus heldreichianus subsp. orientalis,Snogerup,Juncaceae,Juncus,Subspecies,883709-1,exact_full
Juncus rechingeri Snogerup,Juncus rechingeri Snogerup,Accepted,Juncus rechingeri,Snogerup,Juncaceae,Juncus,Species,443412-1,exact_full
Juncus rigidus Desf.,Juncus rigidus Desf.,Accepted,Juncus rigidus,Desf.,Juncaceae,Juncus,Species,443427-1,exact_full
Juncus schischkinii Kryl. & Sumn.,Juncus schischkinii Krylov & Sumnev.,Synonym,Juncus triglumis subsp. triglumis,"",Juncaceae,Juncus,Subspecies,77170855-1,exact_name_unique
Juncus sphaerocarpus Nees ex Funck,Juncus sphaerocarpus Nees,Accepted,Juncus sphaerocarpus,Nees,Juncaceae,Juncus,Species,443499-1,exact_name_unique
Juncus subulatus Forssk.,Juncus subulatus Forssk.,Accepted,Juncus subulatus,Forssk.,Juncaceae,Juncus,Species,443542-1,exact_full
Juncus turkestanicus V. Krecz. & Gontsch.,Juncus turkestanicus V.I.Krecz. & Gontsch.,Accepted,Juncus turkestanicus,V.I.Krecz. & Gontsch.,Juncaceae,Juncus,Species,443616-1,exact_name_unique
Juncus vvedenskyi V. Krecz.,Juncus vvedenskii V.I.Krecz.,Synonym,Juncus persicus subsp. libanoticus,(J.Thiébaut) Novikov & Snogerup,Juncaceae,Juncus,Subspecies,20008352-1,canon_exact
Juniperus semiglobosa Regel,Juniperus semiglobosa Regel,Accepted,Juniperus semiglobosa,Regel,Cupressaceae,Juniperus,Species,262351-1,exact_full
Juniperus seravschanica Kom.,Juniperus seravschanica Kom.,Accepted,Juniperus seravschanica,Kom.,Cupressaceae,Juniperus,Species,676868-1,exact_full
Juniperus turkestanica Kom.,Juniperus turkestanica Kom.,Synonym,Juniperus pseudosabina,Fisch. & C.A.Mey.,Cupressaceae,Juniperus,Species,262316-1,exact_full
Jurinea abramowii Regel,Jurinea abramovii Regel & Herder,Accepted,Jurinea abramovii,Regel & Herder,Asteraceae,Jurinea,Species,226826-1,canon_exact
Jurinea algida Iljin,Jurinea algida Iljin,Accepted,Jurinea algida,Iljin,Asteraceae,Jurinea,Species,226833-1,exact_full
Jurinea androssovii Iljin,Jurinea androssovii Iljin,Accepted,Jurinea androssovii,Iljin,Asteraceae,Jurinea,Species,226843-1,exact_full
Jurinea asperifolia Iljin,Jurinea asperifolia Iljin,Accepted,Jurinea asperifolia,Iljin,Asteraceae,Jurinea,Species,226851-1,exact_full
Jurinea atropurpurea C. Winkl. ex Iljin,Jurinea atropurpurea C.Winkl. ex Iljin,Accepted,Jurinea atropurpurea,C.Winkl. ex Iljin,Asteraceae,Jurinea,Species,226852-1,exact_full
Jurinea baissunensis Iljin,Jurinea baissunensis Iljin,Accepted,Jurinea baissunensis,Iljin,Asteraceae,Jurinea,Species,226854-1,exact_full
Jurinea bipinnatifida C. Winkl.,Jurinea bipinnatifida C.Winkl.,Accepted,Jurinea bipinnatifida,C.Winkl.,Asteraceae,Jurinea,Species,226859-1,exact_full
Jurinea botschantzevii Iljin,Jurinea botschantzevii Iljin,Accepted,Jurinea botschantzevii,Iljin,Asteraceae,Jurinea,Species,226864-1,exact_full
Jurinea bucharica C. Winkl.,Jurinea bucharica C.Winkl.,Accepted,Jurinea bucharica,C.Winkl.,Asteraceae,Jurinea,Species,226871-1,exact_full
Jurinea caespitosa C. Winkl. ex Iljin,Jurinea caespitosa C.Winkl. ex O.Fedtsch. & B.Fedtsch.,Accepted,Jurinea caespitosa,C.Winkl. ex O.Fedtsch. & B.Fedtsch.,Asteraceae,Jurinea,Species,226876-1,exact_name_unique
Jurinea capusii Franch.,Jurinea capusii Franch.,Accepted,Jurinea capusii,Franch.,Asteraceae,Jurinea,Species,226879-1,exact_full
Jurinea derderioides C. Winkl.,Jurinea derderioides C.Winkl.,Accepted,Jurinea derderioides,C.Winkl.,Asteraceae,Jurinea,Species,226910-1,exact_full
Jurinea eduardii-regelii Iljin,Jurinea eduardi-regelii Iljin,Accepted,Jurinea eduardi-regelii,Iljin,Asteraceae,Jurinea,Species,226917-1,canon_exact
Jurinea ferganica (Iljin) Iljin,Jurinea ferganica Iljin,Accepted,Jurinea ferganica,Iljin,Asteraceae,Jurinea,Species,226927-1,exact_name_unique
Jurinea gracilis Iljin,Jurinea gracilis Iljin,Accepted,Jurinea gracilis,Iljin,Asteraceae,Jurinea,Species,226943-1,exact_full
Jurinea helichrysifolia Popov ex Iljin,Jurinea helichrysifolia Popov ex Iljin,Accepted,Jurinea helichrysifolia,Popov ex Iljin,Asteraceae,Jurinea,Species,226951-1,exact_full
Jurinea kokanica Iljin,Jurinea kokanica Iljin,Accepted,Jurinea kokanica,Iljin,Asteraceae,Jurinea,Species,226976-1,exact_full
Jurinea komarovii Iljin,Jurinea komarovii Iljin,Accepted,Jurinea komarovii,Iljin,Asteraceae,Jurinea,Species,226977-1,exact_full
Jurinea kuramensis Iljin,Jurinea kuraminensis Iljin,Accepted,Jurinea kuraminensis,Iljin,Asteraceae,Jurinea,Species,226982-1,manual_alias
Jurinea lasiopoda Trautv.,Jurinea lasiopoda Trautv.,Accepted,Jurinea lasiopoda,Trautv.,Asteraceae,Jurinea,Species,226984-1,exact_full
Jurinea mariae Pavlov,Jurinea mariae Pavlov,Accepted,Jurinea mariae,Pavlov,Asteraceae,Jurinea,Species,227004-1,exact_full
Jurinea maxima C. Winkl.,Jurinea maxima C.Winkl.,Accepted,Jurinea maxima,C.Winkl.,Asteraceae,Jurinea,Species,227005-1,exact_full
Jurinea multiloba Iljin,Jurinea multiloba Iljin,Accepted,Jurinea multiloba,Iljin,Asteraceae,Jurinea,Species,227029-1,exact_full
Jurinea nevskii F.O. Khass.,Jurinea nevskii F.O.Khass.,Accepted,Jurinea nevskii,F.O.Khass.,Asteraceae,Jurinea,Species,77297090-1,exact_full
Jurinea olgae Regel & Schmalh.,Jurinea olgae Regel & Schmalh.,Accepted,Jurinea olgae,Regel & Schmalh.,Asteraceae,Jurinea,Species,227036-1,exact_full
Jurinea orientalis (Iljin) Iljin,Jurinea orientalis (Iljin) Iljin,Accepted,Jurinea orientalis,(Iljin) Iljin,Asteraceae,Jurinea,Species,227037-1,exact_full
Jurinea persimilis Iljin,Jurinea persimilis Iljin,Accepted,Jurinea persimilis,Iljin,Asteraceae,Jurinea,Species,227042-1,exact_full
Jurinea pjataevae Iljin,Jurinea pjatajeviae Iljin,Synonym,Jurinea sangardensis,Iljin,Asteraceae,Jurinea,Species,227086-1,manual_alias
Jurinea psammophila Iljin,Jurinea psammophila Iljin,Accepted,Jurinea psammophila,Iljin,Asteraceae,Jurinea,Species,227063-1,exact_full
Jurinea sangardensis Iljin,Jurinea sangardensis Iljin,Accepted,Jurinea sangardensis,Iljin,Asteraceae,Jurinea,Species,227086-1,exact_full
Jurinea schachimardanica Iljin,Jurinea schachimordanica Iljin,Accepted,Jurinea schachimordanica,Iljin,Asteraceae,Jurinea,Species,227088-1,canon_fuzzy1
Jurinea schischkiniana Iljin,Jurinea schischkiniana Iljin,Accepted,Jurinea schischkiniana,Iljin,Asteraceae,Jurinea,Species,227089-1,exact_full
Jurinea stenophylla Iljin,Jurinea stenophylla Iljin,Accepted,Jurinea stenophylla,Iljin,Asteraceae,Jurinea,Species,227107-1,exact_full
Jurinea suffruticosa Regel,Jurinea suffruticosa Regel,Accepted,Jurinea suffruticosa,Regel,Asteraceae,Jurinea,Species,227112-1,exact_full
Jurinea tapetodes Iljin,Jurinea tapetodes Iljin,Accepted,Jurinea tapetodes,Iljin,Asteraceae,Jurinea,Species,227117-1,exact_full
Jurinea tortisquamea Iljin,Jurinea tortisquamea Iljin,Accepted,Jurinea tortisquamea,Iljin,Asteraceae,Jurinea,Species,227126-1,exact_full
Jurinea trautvetteriana Regel & Schmalh.,Jurinea trautvetteriana Regel & Schmalh.,Accepted,Jurinea trautvetteriana,Regel & Schmalh.,Asteraceae,Jurinea,Species,227132-1,exact_full
Jurinea tscherneviae Tojibaev & Turginov,Jurinea tschernevae Tojibaev & Turginov,Accepted,Jurinea tschernevae,Tojibaev & Turginov,Asteraceae,Jurinea,Species,77142676-1,canon_fuzzy1
Jurinea winklerii Iljin,Jurinea winkleri Iljin,Accepted,Jurinea winkleri,Iljin,Asteraceae,Jurinea,Species,227143-1,canon_exact
Jurinea xeranthemoides Iljin,Jurinea xeranthemoides Iljin,Accepted,Jurinea xeranthemoides,Iljin,Asteraceae,Jurinea,Species,227145-1,exact_full
Jurinea zakirovii Iljin,Jurinea zakirovii Iljin,Accepted,Jurinea zakirovii,Iljin,Asteraceae,Jurinea,Species,227147-1,exact_full
Kalidium caspicum (L.) Ung.-Sternb.,Kalidium caspicum (L.) Ung.-Sternb.,Accepted,Kalidium caspicum,(L.) Ung.-Sternb.,Amaranthaceae,Kalidium,Species,165908-1,exact_full
Kalidium foliatum (Pall.) Moq.,Kalidium foliatum (Pall.) Moq.,Accepted,Kalidium foliatum,(Pall.) Moq.,Amaranthaceae,Kalidium,Species,165911-1,exact_full
Kalidium schrenkianum Bunge ex Ung-Sternb,Kalidium schrenkianum Bunge ex Ung.-Sternb.,Accepted,Kalidium schrenkianum,Bunge ex Ung.-Sternb.,Amaranthaceae,Kalidium,Species,165914-1,exact_name_unique
Kamelinia tianschanica F.O. Khass. & I.I. Malzev,Kamelinia tianschanica F.O.Khass. & I.I.Malzev,Synonym,Korshinskia tianschanica,(F.O.Khass. & I.I.Malzev) Pimenov,Apiaceae,Korshinskia,Species,77336289-1,exact_full
Karelinia caspia (Pall.) Less.,Karelinia caspia (Pall.) Less.,Accepted,Karelinia caspia,(Pall.) Less.,Asteraceae,Karelinia,Species,227204-1,exact_full
Kickxia elatine (L.) Dumort.,Kickxia elatine (L.) Dumort.,Accepted,Kickxia elatine,(L.) Dumort.,Plantaginaceae,Kickxia,Species,804092-1,exact_full
Kirilowia eriantha Bunge,Kirilowia eriantha Bunge,Synonym,Bassia lasiantha,Freitag & G.Kadereit,Amaranthaceae,Bassia,Species,77110322-1,exact_full
Kobresia pamiroalaica Ivanova,Kobresia pamiroalaica N.A.Ivanova,Synonym,Carex deasyi,(C.B.Clarke) O.Yano & S.R.Zhang,Cyperaceae,Carex,Species,77149490-1,exact_name_unique
Kobresia persica Kűk. & Bornm.,Kobresia persica Kük. & Bornm.,Synonym,Carex alatauensis,S.R.Zhang,Cyperaceae,Carex,Species,77149480-1,exact_name_unique
Kobresia stenocarpa (Kar. & Kir.) Steud.,Kobresia stenocarpa (Kar. & Kir.) Steud.,Synonym,Carex kokanica,(Regel) S.R.Zhang,Cyperaceae,Carex,Species,77149500-1,exact_full
Kochia iranica Bornm.,Kochia iranica Bornm.,Synonym,Bassia odontoptera,(Schrenk) Freitag & G.Kadereit,Amaranthaceae,Bassia,Species,77110325-1,exact_full
Kochia odontoptera Schrenk,Kochia odontoptera Schrenk,Synonym,Bassia odontoptera,(Schrenk) Freitag & G.Kadereit,Amaranthaceae,Bassia,Species,77110325-1,exact_full
Kochia prostrata (L.) Schrad.,Kochia prostrata (L.) Schrad.,Synonym,Bassia prostrata,(L.) Beck,Amaranthaceae,Bassia,Species,60447623-2,exact_full
Kochia scoparia (L.) Schrad.,Kochia scoparia (L.) Schrad.,Synonym,Bassia scoparia,(L.) Voss,Amaranthaceae,Bassia,Species,164422-1,exact_full
Koeleria cristata (L.) Pers.,Koeleria cristata (L.) Bertol.,Illegitimate,,,,,,,manual_override
Koelpinia leiocarpa Popov ex Kovalevsk.,Koelpinia leiocarpa Popov,Synonym,Koelpinia tenuissima,Pavlov & Lipsch.,Asteraceae,Koelpinia,Species,227579-1,exact_name_unique
Koelpinia linearis Pall.,Koelpinia linearis Pall.,Accepted,Koelpinia linearis,Pall.,Asteraceae,Koelpinia,Species,227574-1,exact_full
Koelpinia macrantha C.Winkl.,Koelpinia macrantha C.Winkl.,Accepted,Koelpinia macrantha,C.Winkl.,Asteraceae,Koelpinia,Species,227575-1,exact_full
Koelpinia tenuissima Pavlov & Lipsch.,Koelpinia tenuissima Pavlov & Lipsch.,Accepted,Koelpinia tenuissima,Pavlov & Lipsch.,Asteraceae,Koelpinia,Species,227579-1,exact_full
Koelpinia turanica Vassilcz.,Koelpinia turanica Vassilcz.,Accepted,Koelpinia turanica,Vassilcz.,Asteraceae,Koelpinia,Species,227580-1,exact_full
Koenigia (Aconogonon coriarum (Grisg.) Sojăk),Koenigia L.,Accepted,Koenigia,L.,Polygonaceae,Koenigia,Genus,32513-1,exact_name_unique
Komarovia angiosperma Korovin,Komarovia anisoptera Korovin,Synonym,Komaroviopsis anisosperma,(Korovin) Doweld,Apiaceae,Komaroviopsis,Species,77222348-1,manual_alias
Korolkowia sewerzowii Regel,Korolkowia sewerzowii (Regel) Regel,Synonym,Fritillaria sewerzowii,Regel,Liliaceae,Fritillaria,Species,535319-1,exact_name_unique
Korshinskya olgae (Regel & Schmalh.) Lipsky,Korshinskia olgae (Regel & Schmalh.) Lipsky,Accepted,Korshinskia olgae,(Regel & Schmalh.) Lipsky,Apiaceae,Korshinskia,Species,843910-1,canon_exact
Kovalevskiella rosea (Popov & Vved.) Kamelin,Kovalevskiella rosea (Popov & Vved.) Kamelin,Synonym,Cicerbita rosea,(Popov & Vved.) Krasch. ex Kovalevsk.,Asteraceae,Cicerbita,Species,194487-1,exact_full
Kovalevskiella zeravschanica (Popov & Kovalevsk.) Kamelin,Kovalevskiella zeravschanica (Popov ex Kovalevsk.) Kamelin,Synonym,Cicerbita zeravschanica,Popov,Asteraceae,Cicerbita,Species,194504-1,exact_name_unique
Kozlovia paleacea (Regel & Schmalh.) Lipsky,Kozlovia paleacea (Regel & Schmalh.) Lipsky,Accepted,Kozlovia paleacea,(Regel & Schmalh.) Lipsky,Apiaceae,Kozlovia,Species,843913-1,exact_full
Kudrjaschevia jacubi (Lipsky) Pojark.,Kudrjaschevia jacubii (Lipsky) Pojark.,Accepted,Kudrjaschevia jacubii,(Lipsky) Pojark.,Lamiaceae,Kudrjaschevia,Species,448693-1,canon_exact
Kuhitangia knorringiana (Schischk.) Bondarenko,Kuhitangia knorringiana (Schischk.) Bondarenko,Synonym,Acanthophyllum knorringianum,Schischk.,Caryophyllaceae,Acanthophyllum,Species,150244-1,exact_full
Kuhitangia popovii (Preobr.) Bondarenko,Kuhitangia popovii (Preobr.) Ovcz.,Synonym,Acanthophyllum popovii,(Preobr.) Barkoudah,Caryophyllaceae,Acanthophyllum,Species,150265-1,exact_name_unique
"Kuramosciadium corydalifolium Pimenov, Kljuykov & Tojibaev","Kuramosciadium corydalifolium Pimenov, Kljuykov & Tojibaev",Accepted,Kuramosciadium corydalifolium,"Pimenov, Kljuykov & Tojibaev",Apiaceae,Kuramosciadium,Species,77115462-1,exact_full
"Kuramosciadum corydaliifolium Pimenov, Kljukov & Tojibaev","Kuramosciadium corydalifolium Pimenov, Kljuykov & Tojibaev",Accepted,Kuramosciadium corydalifolium,"Pimenov, Kljuykov & Tojibaev",Apiaceae,Kuramosciadium,Species,77115462-1,canon_fuzzy1
Lachnoloma lehmannii Bunge,Lachnoloma lehmannii Bunge,Accepted,Lachnoloma lehmannii,Bunge,Brassicaceae,Lachnoloma,Species,285968-1,exact_full
Lachnophyllum gossypinum Bunge,Lachnophyllum gossypium Bunge,Accepted,Lachnophyllum gossypium,Bunge,Asteraceae,Lachnophyllum,Species,227771-1,canon_fuzzy1
Lactuca altaica Fisch. & C.A. Mey.,Lactuca altaica Fisch. & C.A.Mey.,Synonym,Lactuca serriola,L.,Asteraceae,Lactuca,Species,228255-1,exact_full
Lactuca dissecta D. Don,Lactuca dissecta D.Don,Accepted,Lactuca dissecta,D.Don,Asteraceae,Lactuca,Species,227967-1,exact_full
Lactuca glauciifolia Boiss.,Lactuca glauciifolia Boiss.,Accepted,Lactuca glauciifolia,Boiss.,Asteraceae,Lactuca,Species,228008-1,exact_full
Lactuca serriola L.,Lactuca serriola L.,Accepted,Lactuca serriola,L.,Asteraceae,Lactuca,Species,228255-1,exact_full
Lactuca spinidens Nevski,Lactuca spinidens Nevski,Accepted,Lactuca spinidens,Nevski,Asteraceae,Lactuca,Species,228279-1,exact_full
Lactuca tatarica (L.) C.A. Mey.,Lactuca tatarica (L.) C.A.Mey.,Accepted,Lactuca tatarica,(L.) C.A.Mey.,Asteraceae,Lactuca,Species,228306-1,exact_full
Lactuca undulata Ledeb.,Lactuca undulata Ledeb.,Accepted,Lactuca undulata,Ledeb.,Asteraceae,Lactuca,Species,228331-1,exact_full
Ladyginia bucharica Lipsky,Ladyginia bucharica Lipsky,Accepted,Ladyginia bucharica,Lipsky,Apiaceae,Ladyginia,Species,843928-1,exact_full
Lagochilus acutilobus (Ledeb.) Fisch. Fisch. & C. A. Mey.,Lagochilus acutilobus (Ledeb.) Fisch. & C.A.Mey.,Accepted,Lagochilus acutilobus,(Ledeb.) Fisch. & C.A.Mey.,Lamiaceae,Lagochilus,Species,448710-1,exact_name_unique
Lagochilus botschantzevii Kamelin & Tzukerv.,Lagochilus botschantzevii Kamelin & Tzukerv.,Accepted,Lagochilus botschantzevii,Kamelin & Tzukerv.,Lamiaceae,Lagochilus,Species,902316-1,exact_full
Lagochilus diacanthophyllus (Pall.) Benth.,Lagochilus diacanthophyllus (Pall.) Benth.,Accepted,Lagochilus diacanthophyllus,(Pall.) Benth.,Lamiaceae,Lagochilus,Species,448722-1,name_multi_author_ok
Lagochilus gypsaceus Vved.,Lagochilus gypsaceus Vved.,Accepted,Lagochilus gypsaceus,Vved.,Lamiaceae,Lagochilus,Species,448727-1,exact_full
Lagochilus hirsutissimus Vved.,Lagochilus hirsutissimus Vved.,Accepted,Lagochilus hirsutissimus,Vved.,Lamiaceae,Lagochilus,Species,448728-1,exact_full
Lagochilus inebrians Bunge,Lagochilus inebrians Bunge,Accepted,Lagochilus inebrians,Bunge,Lamiaceae,Lagochilus,Species,448735-1,exact_full
Lagochilus knorringianus Pavlov,Lagochilus knorringianus Pavlov,Accepted,Lagochilus knorringianus,Pavlov,Lamiaceae,Lagochilus,Species,448741-1,exact_full
Lagochilus nevskii Knorring,Lagochilus nevskii Knorring,Accepted,Lagochilus nevskii,Knorring,Lamiaceae,Lagochilus,Species,448748-1,exact_full
Lagochilus occultiflorus Rupr.,Lagochilus occultiflorus Rupr.,Accepted,Lagochilus occultiflorus,Rupr.,Lamiaceae,Lagochilus,Species,448751-1,exact_full
Lagochilus olgae Kamelin,Lagochilus olgae Kamelin,Accepted,Lagochilus olgae,Kamelin,Lamiaceae,Lagochilus,Species,448752-1,exact_full
Lagochilus paulsenii Briq.,Lagochilus paulsenii Briq.,Accepted,Lagochilus paulsenii,Briq.,Lamiaceae,Lagochilus,Species,448753-1,exact_full
Lagochilus platyacanthus Rupr.,Lagochilus platyacanthus Rupr.,Accepted,Lagochilus platyacanthus,Rupr.,Lamiaceae,Lagochilus,Species,448754-1,exact_full
Lagochilus platycalyx Schrenk,Lagochilus platycalyx Schrenk ex Fisch. & C.A.Mey.,Accepted,Lagochilus platycalyx,Schrenk ex Fisch. & C.A.Mey.,Lamiaceae,Lagochilus,Species,448755-1,exact_name_unique
Lagochilus proskorjakovii Ikramov,Lagochilus proskorjakovii Ikramov,Accepted,Lagochilus proskorjakovii,Ikramov,Lamiaceae,Lagochilus,Species,77176799-1,exact_full
Lagochilus pubescens Vved.,Lagochilus pubescens Vved.,Accepted,Lagochilus pubescens,Vved.,Lamiaceae,Lagochilus,Species,448756-1,exact_full
Lagochilus serawschanicus Knorring,Lagochilus seravschanicus Knorring,Accepted,Lagochilus seravschanicus,Knorring,Lamiaceae,Lagochilus,Species,448760-1,distribution_resolved
Lagochilus setulosus Vved.,Lagochilus setulosus Vved.,Accepted,Lagochilus setulosus,Vved.,Lamiaceae,Lagochilus,Species,448761-1,exact_full
Lagochilus vvedenskyi Kamelin & Tzukerv.,Lagochilus vvedenskyi Kamelin & Tzukerv.,Accepted,Lagochilus vvedenskyi,Kamelin & Tzukerv.,Lamiaceae,Lagochilus,Species,902319-1,exact_full
Lagonichium farctum (Banks & Soland) Bobr.,Lagonychium farctum (Banks & Sol.) Bobrov,Synonym,Prosopis farcta,(Banks & Sol.) J.F.Macbr.,Fabaceae,Prosopis,Species,515819-1,canon_exact
Lagotis korolkovii (Regel & Schmalh.) Maxim.,Lagotis korolkowii (Regel & Schmalh.) Maxim.,Accepted,Lagotis korolkowii,(Regel & Schmalh.) Maxim.,Plantaginaceae,Lagotis,Species,813209-1,canon_exact
Lallemantia royleana (Benth.) Benth.,Lallemantia royleana (Benth.) Benth.,Synonym,Dracocephalum royleanum,Benth.,Lamiaceae,Dracocephalum,Species,446510-1,exact_full
Lamium album L.,Lamium album L.,Accepted,Lamium album,L.,Lamiaceae,Lamium,Species,448792-1,name_multi_author_ok
Lamium amplexicaule L.,Lamium amplexicaule L.,Accepted,Lamium amplexicaule,L.,Lamiaceae,Lamium,Species,448797-1,exact_full
Lamyropappus schakaptaricus (B.Fedtsch.) Knorr. & Tamamsch.,Lamyropappus schakaptaricus (O.Fedtsch. & B.Fedtsch.) Knorring & Tamamsch.,Accepted,Lamyropappus schakaptaricus,(O.Fedtsch. & B.Fedtsch.) Knorring & Tamamsch.,Asteraceae,Lamyropappus,Species,228617-1,exact_name_unique
Lappula aktaviensis Popov & Zakirov,Lappula aktaviensis Popov & Zakirov,Accepted,Lappula aktaviensis,Popov & Zakirov,Boraginaceae,Lappula,Species,117473-1,exact_full
Lappula barbata M.Bieb,Lappula barbata (M.Bieb.) Menyh.,Accepted,Lappula barbata,(M.Bieb.) Menyh.,Boraginaceae,Lappula,Species,117484-1,exact_name_unique
Lappula brachycentra (Ledeb.) Gürke,Lappula brachycentra (Ledeb.) Gürke,Accepted,Lappula brachycentra,(Ledeb.) Gürke,Boraginaceae,Lappula,Species,117487-1,exact_full
Lappula consanguinea (Fisch. & C.A. Mey.) Guerke,Lappula consanguinea (Fisch. & C.A.Mey.) Gürke,Synonym,Lappula squarrosa,(Retz.) Dumort.,Boraginaceae,Lappula,Species,117629-1,exact_name_unique
"Lappula drobovii (Popov) Pavlov, Lipsch. & Nevski","Lappula drobovii (Popov) Pavlov, Lipsch. & Nevski",Synonym,Rochelia drobovii,(Popov) Khoshsokhan & Kaz.Osaloo,Boraginaceae,Rochelia,Species,77193162-1,exact_full
Lappula fruticulosa Ovczinnikova,Lappula fruticulosa Ovchinnikova,Accepted,Lappula fruticulosa,Ovchinnikova,Boraginaceae,Lappula,Species,20000536-1,exact_name_unique
Lappula kulikalonica Zakirov,Lappula kulikalonica Zakirov,Accepted,Lappula kulikalonica,Zakirov,Boraginaceae,Lappula,Species,117559-1,exact_full
Lappula microcarpa (Ledeb.) Gürke,Lappula microcarpa (Ledeb.) Gürke,Accepted,Lappula microcarpa,(Ledeb.) Gürke,Boraginaceae,Lappula,Species,117578-1,exact_full
Lappula mogoltavica Popov ex Czukav.,Lappula mogoltavica Popov ex Czukav.,Accepted,Lappula mogoltavica,Popov ex Czukav.,Boraginaceae,Lappula,Species,928678-1,exact_full
Lappula myosotis Moench,Lappula myosotis Moench,Synonym,Lappula squarrosa,(Retz.) Dumort.,Boraginaceae,Lappula,Species,117629-1,exact_full
Lappula nevskii Raenko,Lappula nevskii Raenko,Accepted,Lappula nevskii,Raenko,Boraginaceae,Lappula,Species,931525-1,exact_full
Lappula nuratavica Nabiev & Zakirov,Lappula nuratavica Nabiev & Zakirov,Accepted,Lappula nuratavica,Nabiev & Zakirov,Boraginaceae,Lappula,Species,117585-1,exact_full
Lappula occultata Popov,Lappula occultata Popov,Accepted,Lappula occultata,Popov,Boraginaceae,Lappula,Species,117588-1,exact_full
Lappula parvula Nabiev & Zakirov,Lappula parvula Nabiev & Zakirov,Accepted,Lappula parvula,Nabiev & Zakirov,Boraginaceae,Lappula,Species,117592-1,exact_full
Lappula patula (Lehm.) Menyh.,Lappula patula (Lehm.) Menyh.,Accepted,Lappula patula,(Lehm.) Menyh.,Boraginaceae,Lappula,Species,117596-1,exact_full
Lappula popovii Zakirov,Lappula popovii Zakirov,Accepted,Lappula popovii,Zakirov,Boraginaceae,Lappula,Species,117604-1,exact_full
Lappula sarawschanica (Lipsky) Nabiev,Lappula sarawschanica (Lipsky) Nabiev,Synonym,Lepechiniella sarawschanica,(Lipsky) Popov,Boraginaceae,Lepechiniella,Species,117678-1,exact_full
Lappula semialata Popov,Lappula semialata Popov,Accepted,Lappula semialata,Popov,Boraginaceae,Lappula,Species,117616-1,exact_full
Lappula semiglabra (Ledeb.) Gürke,Lappula semiglabra (Ledeb.) Gürke,Synonym,Lappula patula,(Lehm.) Menyh.,Boraginaceae,Lappula,Species,117596-1,exact_full
Lappula sessiliflora (Boiss.) Gürke,Lappula sessiliflora (Boiss.) Gürke,Synonym,Rochelia sessiliflora,(Boiss.) Khoshsokhan & Kaz.Osaloo,Boraginaceae,Rochelia,Species,77193161-1,exact_full
Lappula sinaica (A.DC.) Asch. ex Schweinf.,Lappula sinaica (A.DC.) Asch. & Schweinf.,Synonym,Pseudolappula sinaica,"(A.DC.) Khoshsokhan, Sherafati & Kaz.Osaloo",Boraginaceae,Pseudolappula,Species,77193164-1,exact_name_unique
Lappula spinocarpos (Forssk.) Asch. ex Kuntze,Lappula spinocarpos (Forssk.) Asch. ex Kuntze,Accepted,Lappula spinocarpos,(Forssk.) Asch. ex Kuntze,Boraginaceae,Lappula,Species,60463382-2,exact_full
Lappula subcaespitosa (Popov) Pavlov,Lappula subcaespitosa Popov ex Golosk.,Accepted,Lappula subcaespitosa,Popov ex Golosk.,Boraginaceae,Lappula,Species,117634-1,exact_name_unique
Lappula tadshikorum Popov,Lappula tadshikorum Popov,Accepted,Lappula tadshikorum,Popov,Boraginaceae,Lappula,Species,117638-1,exact_full
Lappula tianschanica Popov & Zakirov,Lappula tianschanica Popov & Zakirov,Accepted,Lappula tianschanica,Popov & Zakirov,Boraginaceae,Lappula,Species,117643-1,exact_full
Lapsana communis L.,Lapsana communis L.,Accepted,Lapsana communis,L.,Asteraceae,Lapsana,Species,228732-1,exact_full
Lathyrus annuus L.,Lathyrus annuus L.,Accepted,Lathyrus annuus,L.,Fabaceae,Lathyrus,Species,501577-1,exact_full
Lathyrus aphaca L.,Lathyrus aphaca L.,Accepted,Lathyrus aphaca,L.,Fabaceae,Lathyrus,Species,501579-1,exact_full
Lathyrus cicera L.,Lathyrus cicera L.,Accepted,Lathyrus cicera,L.,Fabaceae,Lathyrus,Species,501638-1,name_multi_author_ok
Lathyrus hirsutus L.,Lathyrus hirsutus L.,Accepted,Lathyrus hirsutus,L.,Fabaceae,Lathyrus,Species,501755-1,exact_full
Lathyrus inconspicuus L.,Lathyrus inconspicuus L.,Accepted,Lathyrus inconspicuus,L.,Fabaceae,Lathyrus,Species,501773-1,exact_full
Lathyrus mulkak Lipsky,Lathyrus mulkak Lipsky,Accepted,Lathyrus mulkak,Lipsky,Fabaceae,Lathyrus,Species,501870-1,exact_full
Lathyrus pratensis L.,Lathyrus pratensis L.,Accepted,Lathyrus pratensis,L.,Fabaceae,Lathyrus,Species,501954-1,exact_full
Lathyrus sativus L.,Lathyrus sativus L.,Accepted,Lathyrus sativus,L.,Fabaceae,Lathyrus,Species,501990-1,exact_full
Lathyrus sphaericus Retz.,Lathyrus sphaericus Retz.,Accepted,Lathyrus sphaericus,Retz.,Fabaceae,Lathyrus,Species,502014-1,name_multi_author_ok
Lathyrus tuberosus L.,Lathyrus tuberosus L.,Accepted,Lathyrus tuberosus,L.,Fabaceae,Lathyrus,Species,502065-1,exact_full
Lavatera thuringiaca L.,Lavatera thuringiaca L.,Synonym,Malva thuringiaca,(L.) Vis.,Malvaceae,Malva,Species,561941-1,name_multi_author_ok
Leersia oryzoides (L.) Sw.,Leersia oryzoides (L.) Sw.,Accepted,Leersia oryzoides,(L.) Sw.,Poaceae,Leersia,Species,1109632-2,exact_full
Leiospora subscapigera (Botsch. & Vved.) Botsch. & Pachomova,Leiospora subscapigera (Botsch. & Vved.) Botsch. & Pachom.,Accepted,Leiospora subscapigera,(Botsch. & Vved.) Botsch. & Pachom.,Brassicaceae,Leiospora,Species,285995-1,exact_name_unique
Lemna gibba L.,Lemna gibba L.,Accepted,Lemna gibba,L.,Araceae,Lemna,Species,526178-1,exact_full
Lemna minor L.,Lemna minor L.,Accepted,Lemna minor,L.,Araceae,Lemna,Species,526194-1,exact_full
Lemna trisulca L.,Lemna trisulca L.,Accepted,Lemna trisulca,L.,Araceae,Lemna,Species,526223-1,exact_full
Lens orientalis (Boiss.) Schmalh.,Lens orientalis (Boiss.) Hand.-Mazz.,Synonym,Vicia orientalis,(Boiss.) Bég. & Diratz.,Fabaceae,Vicia,Species,525005-1,exact_name_unique
Leontice ewersmanni Bunge,Leontice ewersmannii Bunge,Accepted,Leontice ewersmannii,Bunge,Berberidaceae,Leontice,Species,107368-1,canon_exact
Leontice incerta Pall.,Leontice incerta Pall.,Accepted,Leontice incerta,Pall.,Berberidaceae,Leontice,Species,107369-1,exact_full
Leontopodium fedtschenkoanum Breauverd,Leontopodium fedtschenkoanum Beauverd,Synonym,Leontopodium campestre,(Ledeb.) Hand.-Mazz.,Asteraceae,Leontopodium,Species,229579-1,exact_name_unique
Leontopodium nanum (Hook. f. & Thoms.) Hand.-Mazz.,Leontopodium nanum (Hook.f. & Thomson ex C.B.Clarke) Hand.-Mazz.,Accepted,Leontopodium nanum,(Hook.f. & Thomson ex C.B.Clarke) Hand.-Mazz.,Asteraceae,Leontopodium,Species,229639-1,exact_name_unique
Leontopodium ochroleucum Breauverd,Leontopodium ochroleucum Beauverd,Synonym,Leontopodium leontopodinum,(DC.) Hand.-Mazz.,Asteraceae,Leontopodium,Species,229619-1,exact_name_unique
Leonurus glaucescens Bunge,Leonurus glaucescens Bunge,Accepted,Leonurus glaucescens,Bunge,Lamiaceae,Leonurus,Species,449185-1,exact_full
Leonurus kudrjaschevii Kamelin & Tulyag.,Leonurus kudrjaschevii Kamelin & Tulyag.,Synonym,Leonurus turkestanicus var. songoricus,Krestovsk.,Lamiaceae,Leonurus,Variety,950722-1,exact_full
Leonurus panzerioides Popov,Leonurus panzerioides Popov,Accepted,Leonurus panzerioides,Popov,Lamiaceae,Leonurus,Species,449221-1,exact_full
Leonurus turkestanicus V.I. Krecz. & Kuprian.,Leonurus turkestanicus V.I.Krecz. & Kuprian.,Accepted,Leonurus turkestanicus,V.I.Krecz. & Kuprian.,Lamiaceae,Leonurus,Species,449240-1,exact_full
Lepidium apetalum Willd.,Lepidium apetalum Willd.,Accepted,Lepidium apetalum,Willd.,Brassicaceae,Lepidium,Species,286042-1,exact_full
Lepidium appelianum Al-Shehbaz,Lepidium appelianum Al-Shehbaz,Accepted,Lepidium appelianum,Al-Shehbaz,Brassicaceae,Lepidium,Species,20005403-1,exact_full
Lepidium apterum (Lipsky) Al-Shehbaz & Mummenhoff,Lepidium apterum (Lipsky) Al-Shehbaz & Mumm.,Accepted,Lepidium apterum,(Lipsky) Al-Shehbaz & Mumm.,Brassicaceae,Lepidium,Species,77112415-1,exact_name_unique
Lepidium aucheri Boiss.,Lepidium aucheri Boiss.,Accepted,Lepidium aucheri,Boiss.,Brassicaceae,Lepidium,Species,286051-1,exact_full
Lepidium botschantzevianum Al-Shehbaz,Lepidium botschantsevianum Al-Shehbaz,Accepted,Lepidium botschantsevianum,Al-Shehbaz,Brassicaceae,Lepidium,Species,20005404-1,canon_exact
Lepidium cardiophyllum (N. Pavl.) Al-Shehbaz,Lepidium cardiophyllum (Pavlov) Al-Shehbaz,Accepted,Lepidium cardiophyllum,(Pavlov) Al-Shehbaz,Brassicaceae,Lepidium,Species,20005407-1,exact_name_unique
Lepidium cartilagineum (J. Mayer) Thell.,Lepidium cartilagineum (J.Mayer) Thell.,Accepted,Lepidium cartilagineum,(J.Mayer) Thell.,Brassicaceae,Lepidium,Species,286098-1,exact_full
Lepidium chalepense L.,Lepidium chalepense L.,Accepted,Lepidium chalepense,L.,Brassicaceae,Lepidium,Species,286101-1,exact_full
Lepidium coronopifolium Spreng.,Lepidium coronopifolium Fisch.,Accepted,Lepidium coronopifolium,Fisch.,Brassicaceae,Lepidium,Species,286115-1,manual_alias
Lepidium curvinervium (Botsch. & Vved.) Al-Shehbaz & Mummenhoff,Lepidium curvinervium (Botsch. & Vved.) Al-Shehbaz & Mumm.,Accepted,Lepidium curvinervium,(Botsch. & Vved.) Al-Shehbaz & Mumm.,Brassicaceae,Lepidium,Species,77112417-1,exact_name_unique
Lepidium draba L.,Lepidium draba L.,Accepted,Lepidium draba,L.,Brassicaceae,Lepidium,Species,286156-1,exact_full
Lepidium ferganense Korsh.,Lepidium ferganense Korsh.,Accepted,Lepidium ferganense,Korsh.,Brassicaceae,Lepidium,Species,286176-1,exact_full
Lepidium latifolium L.,Lepidium latifolium L.,Accepted,Lepidium latifolium,L.,Brassicaceae,Lepidium,Species,286262-1,exact_full
Lepidium lipskyi (N. Busch) Al-Shehbaz & Mummenhoff,Lepidium lipskyi (N.Busch) Al-Shehbaz & Mumm.,Accepted,Lepidium lipskyi,(N.Busch) Al-Shehbaz & Mumm.,Brassicaceae,Lepidium,Species,77112418-1,exact_name_unique
Lepidium minor (Botsch. & Vved.) Al-Shehbaz,Lepidium minor (Botsch. & Vved.) Al-Shehbaz,Accepted,Lepidium minor,(Botsch. & Vved.) Al-Shehbaz,Brassicaceae,Lepidium,Species,20005414-1,exact_full
Lepidium obtusum Basiner,Lepidium obtusum Basiner,Accepted,Lepidium obtusum,Basiner,Brassicaceae,Lepidium,Species,286316-1,exact_full
Lepidium olgae (R.M. Vinogr.) Al-Shehbaz & Mummenhoff,Lepidium olgae (R.M.Vinogr.) Al-Shehbaz & Mumm.,Accepted,Lepidium olgae,(R.M.Vinogr.) Al-Shehbaz & Mumm.,Brassicaceae,Lepidium,Species,77112419-1,exact_name_unique
Lepidium orientale (Schrenk) Al-Shehbaz & Mummenhoff,Lepidium orientale (Schrenk) Al-Shehbaz & Mumm.,Accepted,Lepidium orientale,(Schrenk) Al-Shehbaz & Mumm.,Brassicaceae,Lepidium,Species,77112420-1,exact_name_unique
Lepidium paniculatum (Regel & Schmalh.) Al-Shehbaz,Lepidium paniculatum (Regel & Schmalh.) Al-Shehbaz,Accepted,Lepidium paniculatum,(Regel & Schmalh.) Al-Shehbaz,Brassicaceae,Lepidium,Species,20005417-1,exact_full
Lepidium perfoliatum L.,Lepidium perfoliatum L.,Accepted,Lepidium perfoliatum,L.,Brassicaceae,Lepidium,Species,286336-1,exact_full
Lepidium pinnatifidum Ledeb.,Lepidium pinnatifidum Ledeb.,Accepted,Lepidium pinnatifidum,Ledeb.,Brassicaceae,Lepidium,Species,286346-1,exact_full
Lepidium pterocarpum (Botsch. & Vved.) Al-Shehbaz & Mummenhoff,Lepidium pterocarpum (Botsch. & Vved.) Al-Shehbaz & Mumm.,Accepted,Lepidium pterocarpum,(Botsch. & Vved.) Al-Shehbaz & Mumm.,Brassicaceae,Lepidium,Species,77112424-1,exact_name_unique
Lepidium ruderale L.,Lepidium ruderale L.,Accepted,Lepidium ruderale,L.,Brassicaceae,Lepidium,Species,30265500-2,name_multi_author_ok
Lepidium subcordatum Botsch. & Vved.,Lepidium subcordatum Botsch. & Vved.,Accepted,Lepidium subcordatum,Botsch. & Vved.,Brassicaceae,Lepidium,Species,978255-1,exact_full
Lepidium tianschanicum (Botsch. & Vved.) Al-Shehbaz,Lepidium tianschanicum (Botsch. & Vved.) Al-Shehbaz,Accepted,Lepidium tianschanicum,(Botsch. & Vved.) Al-Shehbaz,Brassicaceae,Lepidium,Species,20005423-1,exact_full
Lepidium uzbekistanicum Al-Shehbaz,Lepidium uzbekistanicum Al-Shehbaz,Accepted,Lepidium uzbekistanicum,Al-Shehbaz,Brassicaceae,Lepidium,Species,20012608-1,exact_full
Lepidolopha fedtschenkoana Knorring,Lepidolopha fedtschenkoana Knorring,Accepted,Lepidolopha fedtschenkoana,Knorring,Asteraceae,Lepidolopha,Species,229705-1,exact_full
Lepidolopha komarovii C. Winkl.,Lepidolopha komarowii C.Winkl.,Accepted,Lepidolopha komarowii,C.Winkl.,Asteraceae,Lepidolopha,Species,229707-1,manual_alias
Lepidolopha nuratavica Krasch.,Lepidolopha nuratavica Krasch.,Accepted,Lepidolopha nuratavica,Krasch.,Asteraceae,Lepidolopha,Species,229709-1,exact_full
Lepidolopsis turkestanica (Regel & Schmalh.) Poljakov,Lepidolopsis turkestanica (Regel & Schmalh.) Poljakov,Accepted,Lepidolopsis turkestanica,(Regel & Schmalh.) Poljakov,Asteraceae,Lepidolopsis,Species,229721-1,exact_full
Lepidotheca aurea (L.) Kovalevsk.,Lepidotheca aurea (Loefl.) Kovalevsk.,Synonym,Matricaria aurea,(Loefl.) Sch.Bip.,Asteraceae,Matricaria,Species,231828-1,exact_name_unique
Lepidotheca suaveolens (Pursh) Nutt.,Lepidotheca suaveolens (Pursh) Nutt.,Synonym,Matricaria discoidea,DC.,Asteraceae,Matricaria,Species,154716-2,exact_full
Leptaleum filifolium (Willd.) DC.,Leptaleum filifolium (Willd.) DC.,Accepted,Leptaleum filifolium,(Willd.) DC.,Brassicaceae,Leptaleum,Species,286476-1,exact_full
Leptorhabdos parviflora (Benth.) Benth.,Leptorhabdos parviflora (Benth.) Benth.,Accepted,Leptorhabdos parviflora,(Benth.) Benth.,Orobanchaceae,Leptorhabdos,Species,804253-1,exact_full
Lepyrodiclis holosteoides (C.A. Mey.) Fisch. & C.A. Mey.,Lepyrodiclis holosteoides (C.A.Mey.) Fenzl ex Fisch. & C.A.Mey.,Accepted,Lepyrodiclis holosteoides,(C.A.Mey.) Fenzl ex Fisch. & C.A.Mey.,Caryophyllaceae,Lepyrodiclis,Species,154974-1,exact_name_unique
Lepyrodiclis stellarioides Schrenk,Lepyrodiclis stellarioides Schrenk ex Fisch. & C.A.Mey.,Accepted,Lepyrodiclis stellarioides,Schrenk ex Fisch. & C.A.Mey.,Caryophyllaceae,Lepyrodiclis,Species,154977-1,exact_name_unique
Leucanthemum vulgare Lam.,Leucanthemum vulgare Lam.,Accepted,Leucanthemum vulgare,Lam.,Asteraceae,Leucanthemum,Species,30296198-2,exact_full
Leucopoa karatavica (Bunge) V. Krecz. & Bobrov,Leucopoa karatavica (Bunge) V.I.Krecz. & Bobrov,Synonym,Xanthochloa karatavica,(Bunge) Tzvelev,Poaceae,Xanthochloa,Species,3331946-4,exact_name_unique
Leucopoa olgae (Regel) V. Krecz. & Bobrov,Leucopoa olgae (Regel) V.I.Krecz. & Bobrov,Accepted,Leucopoa olgae,(Regel) V.I.Krecz. & Bobrov,Poaceae,Leucopoa,Species,407293-1,exact_name_unique
Ligularia alpigena Pojark.,Ligularia alpigena Pojark.,Accepted,Ligularia alpigena,Pojark.,Asteraceae,Ligularia,Species,230689-1,exact_full
Ligularia heterophylla Rupr.,Ligularia heterophylla Rupr.,Accepted,Ligularia heterophylla,Rupr.,Asteraceae,Ligularia,Species,230752-1,name_multi_author_ok
Ligularia karataviensis (Lipsch.) Pojark.,Ligularia karataviensis (Lipsch.) Pojark.,Synonym,Vickifunkia karataviensis,"(Lipsch.) C.Ren, L.Wang, I.D.Illar. & Q.E.Yang",Asteraceae,Vickifunkia,Species,77213375-1,exact_full
Ligularia macrophylla (Ledeb.) DC.,Ligularia macrophylla (Ledeb.) DC.,Accepted,Ligularia macrophylla,(Ledeb.) DC.,Asteraceae,Ligularia,Species,230793-1,exact_full
Ligularia talassica Pojark.,Ligularia talassica Pojark.,Accepted,Ligularia talassica,Pojark.,Asteraceae,Ligularia,Species,230867-1,exact_full
Ligularia thomsonii (C.B. Clarke) Pojark.,Ligularia thomsonii (C.B.Clarke) Pojark.,Synonym,Vickifunkia thomsonii,"(C.B.Clarke) C.Ren, L.Wang, I.D.Illar. & Q.E.Yang",Asteraceae,Vickifunkia,Species,77213381-1,exact_full
Limonium ferganense IIkonn.-Gal.,Limonium ferganense Ikonn.-Gal.,Accepted,Limonium ferganense,Ikonn.-Gal.,Plumbaginaceae,Limonium,Species,686771-1,exact_name_unique
Limonium gmelinii (Willd.) Kuntze,Limonium gmelini (Willd.) Kuntze,Accepted,Limonium gmelini,(Willd.) Kuntze,Plumbaginaceae,Limonium,Species,686792-1,manual_alias
Limonium komarovii Ikonn.-Gal. ex Lincz.,Limonium komarovii Ikonn.-Gal. ex Lincz. & Czukav.,Synonym,Limonium ferganense,Ikonn.-Gal.,Plumbaginaceae,Limonium,Species,686771-1,exact_name_unique
Limonium lessingianum Lincz.,Limonium lessingianum Lincz.,Synonym,Limonium suffruticosum,(L.) Kuntze,Plumbaginaceae,Limonium,Species,686993-1,exact_full
Limonium otolepis (Schrenk) Kuntze,Limonium otolepis (Schrenk) Kuntze,Accepted,Limonium otolepis,(Schrenk) Kuntze,Plumbaginaceae,Limonium,Species,686902-1,exact_full
Limonium reniforme (Girard.) Lincz.,Limonium reniforme (Girard) Lincz.,Accepted,Limonium reniforme,(Girard) Lincz.,Plumbaginaceae,Limonium,Species,686948-1,exact_name_unique
Limonium suffruticosum (L.) Kuntze,Limonium suffruticosum (L.) Kuntze,Accepted,Limonium suffruticosum,(L.) Kuntze,Plumbaginaceae,Limonium,Species,686993-1,exact_full
Linaria dolichoceras Kuprian.,Linaria dolichoceras Kuprian.,Synonym,Linaria odora,(M.Bieb.) Fisch.,Plantaginaceae,Linaria,Species,804804-1,exact_full
Linaria jaxartica Levichev,Linaria jaxartica Levichev,Accepted,Linaria jaxartica,Levichev,Plantaginaceae,Linaria,Species,934228-1,exact_full
Linaria kokanica Regel,Linaria kokanica Regel,Accepted,Linaria kokanica,Regel,Plantaginaceae,Linaria,Species,804706-1,exact_full
Linaria micrantha (Cav.) Hoffmans. & Link,Linaria micrantha (Cav.) Hoffmanns. & Link,Accepted,Linaria micrantha,(Cav.) Hoffmanns. & Link,Plantaginaceae,Linaria,Species,804769-1,exact_name_unique
Linaria popovii Kuprian.,Linaria popovii Kuprian.,Accepted,Linaria popovii,Kuprian.,Plantaginaceae,Linaria,Species,804862-1,exact_full
Linaria sessilis Kuprian.,Linaria sessilis Kuprian.,Accepted,Linaria sessilis,Kuprian.,Plantaginaceae,Linaria,Species,804950-1,exact_full
Linaria simplex (Willd.) DC.,Linaria simplex Desf.,Accepted,Linaria simplex,Desf.,Plantaginaceae,Linaria,Species,804958-1,exact_name_unique
Linaria tianschanica Semiotr.,Linaria tianschanica Semiotr.,Synonym,Linaria bungei,Kuprian.,Plantaginaceae,Linaria,Species,77221852-1,exact_full
Linaria vulgaris Mill.,Linaria vulgaris Mill.,Accepted,Linaria vulgaris,Mill.,Plantaginaceae,Linaria,Species,325777-2,name_multi_author_ok
Lindelofia macrostyla (Bunge) Popov,Lindelofia macrostyla (Bunge) Popov,Synonym,Lindelofia anchusoides subsp. macrostyla,(Bunge) Kamelin,Boraginaceae,Lindelofia,Subspecies,874888-1,exact_full
Lindelofia olgae (Regel & Smirn.) Brand,Lindelofia olgae (Regel & Smirn.) Brand,Accepted,Lindelofia olgae,(Regel & Smirn.) Brand,Boraginaceae,Lindelofia,Species,117709-1,exact_full
Lindelofia stylosa (Kar. & Kir.) Brand.,Lindelofia stylosa (Kar. & Kir.) Brand,Accepted,Lindelofia stylosa,(Kar. & Kir.) Brand,Boraginaceae,Lindelofia,Species,117714-1,exact_name_unique
Lindelofia tschimganica (Lipsky) Popov ex Pazij,Lindelofia tschimganica (Lipsky) Popov,Accepted,Lindelofia tschimganica,(Lipsky) Popov,Boraginaceae,Lindelofia,Species,117715-1,exact_name_unique
Lindernia procumbens (Krock.) Philcox,Lindernia procumbens (Krock.) Philcox,Accepted,Lindernia procumbens,(Krock.) Philcox,Linderniaceae,Lindernia,Species,805213-1,exact_full
Linum corymbulosum Reichenb.,Linum corymbulosum Rchb.,Accepted,Linum corymbulosum,Rchb.,Linaceae,Linum,Species,544422-1,exact_name_unique
Linum humile Mill.,Linum humile Mill.,Synonym,Linum usitatissimum var. usitatissimum,"",Linaceae,Linum,Variety,77223782-1,name_multi_author_ok
Linum macrorhizum Juz.,Linum macrorhizum Juz.,Accepted,Linum macrorhizum,Juz.,Linaceae,Linum,Species,544562-1,exact_full
Linum olgae Juz.,Linum olgae Juz.,Accepted,Linum olgae,Juz.,Linaceae,Linum,Species,544615-1,exact_full
Linum pallescens Bunge,Linum pallescens Bunge,Accepted,Linum pallescens,Bunge,Linaceae,Linum,Species,544625-1,exact_full
Lipskya insignis (Lipsky) Nevski,Lipskya insignis (Lipsky) Nevski,Accepted,Lipskya insignis,(Lipsky) Nevski,Apiaceae,Lipskya,Species,844681-1,exact_full
Lipskyella annua (C. Winkl.) Juz.,Lipskyella annua (C.Winkl.) Juz.,Synonym,Cousinia annua,C.Winkl.,Asteraceae,Cousinia,Species,198663-1,exact_full
Listera ovata (L.) R. Br.,Listera ovata (L.) R.Br.,Synonym,Neottia ovata,(L.) Hartm.,Orchidaceae,Neottia,Species,645363-1,exact_full
Lithospermum officinale L.,Lithospermum officinale L.,Accepted,Lithospermum officinale,L.,Boraginaceae,Lithospermum,Species,118163-1,exact_full
Litwinowia tenuissima (Pall.) Woronov ex Pavlov,Litwinowia tenuissima (Pall.) Woronow ex Pavlov,Accepted,Litwinowia tenuissima,(Pall.) Woronow ex Pavlov,Brassicaceae,Litwinowia,Species,286614-1,exact_name_unique
Lloidia serotina (L.) Reichenb.,Lloydia serotina var. flava (Calder & Roy L.Taylor) B.Boivin,Synonym,Gagea serotina,(L.) Ker Gawl.,Liliaceae,Gagea,Species,535653-1,canon_exact
Loliolum subulatum (Banks & Sol.) Eig,Loliolum subulatum (Banks & Sol.) Eig,Synonym,Festuca orientalis,(Boiss.) B.Fedtsch.,Poaceae,Festuca,Species,77188103-1,exact_full
Lolium multiflorum Lam.,Lolium multiflorum Lam.,Accepted,Lolium multiflorum,Lam.,Poaceae,Lolium,Species,407486-1,exact_full
Lolium perenne L.,Lolium perenne L.,Accepted,Lolium perenne,L.,Poaceae,Lolium,Species,407493-1,exact_full
Lolium persicum Boiss. & Hohen.,Lolium persicum Boiss. & Hohen.,Accepted,Lolium persicum,Boiss. & Hohen.,Poaceae,Lolium,Species,407495-1,exact_full
Lolium temulentum L.,Lolium temulentum L.,Accepted,Lolium temulentum,L.,Poaceae,Lolium,Species,407516-1,name_multi_author_ok
Lomatocarpa albomarginata (Schrenk) Pimenov & Lavrova,Lomatocarpa albomarginata (Schrenk) Pimenov & Lavrova,Accepted,Lomatocarpa albomarginata,(Schrenk) Pimenov & Lavrova,Apiaceae,Lomatocarpa,Species,943754-1,exact_full
Lomatocarpa korovinii Pimenov,Lomatocarpa korovinii Pimenov,Illegitimate,Lomatocarpa alata,(Korovin) Pimenov & Sennikov,Apiaceae,Lomatocarpa,Species,77217186-1,exact_full
Lomatocarpa multivittata Pimenov & Kluykov,Lomatocarpa multivittata Pimenov & Kljuykov,Accepted,Lomatocarpa multivittata,Pimenov & Kljuykov,Apiaceae,Lomatocarpa,Species,77157856-1,exact_name_unique
Lomatogonium carinthiacum (Wulf.) Rchb.,Lomatogonium carinthiacum (Wulfen) A.Braun,Accepted,Lomatogonium carinthiacum,(Wulfen) A.Braun,Gentianaceae,Lomatogonium,Species,370047-1,exact_name_unique
Londesia eriantha Fisch. & C.A. Mey.,Londesia eriantha Fisch. & C.A.Mey.,Synonym,Bassia eriantha,(Fisch. & C.A.Mey.) Kuntze,Amaranthaceae,Bassia,Species,164360-1,exact_full
Lonicera altmannii Regel & Schmalh.,Lonicera altmannii Regel & Schmalh.,Accepted,Lonicera altmannii,Regel & Schmalh.,Caprifoliaceae,Lonicera,Species,148607-1,exact_full
Lonicera anisotricha Bondarenko,Lonicera anisotricha Bondarenko,Synonym,Lonicera webbiana,Wall. ex DC.,Caprifoliaceae,Lonicera,Species,149186-1,exact_full
Lonicera bracteolaris Boiss. & Buhse,Lonicera bracteolaris Boiss. & Buhse,Accepted,Lonicera bracteolaris,Boiss. & Buhse,Caprifoliaceae,Lonicera,Species,148643-1,exact_full
Lonicera cinerea Pojark.,Lonicera cinerea Pojark.,Synonym,Lonicera humilis,Kar. & Kir.,Caprifoliaceae,Lonicera,Species,148832-1,exact_full
Lonicera heterotricha Pojark. & Zakirov,Lonicera heterotricha Pojark. & Zakirov,Accepted,Lonicera heterotricha,Pojark. & Zakirov,Caprifoliaceae,Lonicera,Species,148821-1,exact_full
Lonicera hispida Pall. ex Schult.,Lonicera hispida Pall. ex Schult.,Accepted,Lonicera hispida,Pall. ex Schult.,Caprifoliaceae,Lonicera,Species,148828-1,exact_full
Lonicera karelinii Bunge ex P. Kir.,Lonicera karelinii Bunge ex P.Kirillov,Synonym,Lonicera webbiana,Wall. ex DC.,Caprifoliaceae,Lonicera,Species,149186-1,exact_name_unique
Lonicera korolkovii Stapf,Lonicera korolkowii Stapf,Accepted,Lonicera korolkowii,Stapf,Caprifoliaceae,Lonicera,Species,148870-1,canon_exact
Lonicera microphylla Willd. ex Schult.,Lonicera microphylla Willd. ex Schult.,Accepted,Lonicera microphylla,Willd. ex Schult.,Caprifoliaceae,Lonicera,Species,148925-1,name_multi_author_ok
Lonicera nummulariifolia Jaub. & Spach,Lonicera nummulariifolia Jaub. & Spach,Accepted,Lonicera nummulariifolia,Jaub. & Spach,Caprifoliaceae,Lonicera,Species,148967-1,exact_full
Lonicera olgae Regel & Schmalh.,Lonicera olgae Regel & Schmalh.,Accepted,Lonicera olgae,Regel & Schmalh.,Caprifoliaceae,Lonicera,Species,148979-1,exact_full
Lonicera paradoxa Pojark.,Lonicera paradoxa Pojark.,Accepted,Lonicera paradoxa,Pojark.,Caprifoliaceae,Lonicera,Species,148995-1,exact_full
Lonicera semenovii Regel,Lonicera semenovii Regel,Accepted,Lonicera semenovii,Regel,Caprifoliaceae,Lonicera,Species,149077-1,exact_full
Lonicera simulatrix Pojark.,Lonicera simulatrix Pojark.,Synonym,Lonicera microphylla,Willd. ex Schult.,Caprifoliaceae,Lonicera,Species,148925-1,exact_full
Lonicera stenantha Pojark.,Lonicera stenantha Pojark.,Synonym,Lonicera caerulea subsp. stenantha,(Pojark.) Hultén ex A.K.Skvortsov,Caprifoliaceae,Lonicera,Subspecies,953643-1,exact_full
Lonicera tianschanica Pojark.,Lonicera tianshanica Pojark.,Synonym,Lonicera altmannii,Regel & Schmalh.,Caprifoliaceae,Lonicera,Species,148607-1,canon_exact
Lonicera zeravschanica (Rehd.) Pojark.,Lonicera saravshanica (Rehder) Pojark.,Synonym,Lonicera altmannii,Regel & Schmalh.,Caprifoliaceae,Lonicera,Species,148607-1,canon_fuzzy1
Lophanthus ouroumitanensis (Franch.) Kochk. & Tzukerv.,Lophanthus ouroumitanensis (Franch.) Kochk. & Zuckerw.,Synonym,Nepeta ouroumitanensis,Franch.,Lamiaceae,Nepeta,Species,452629-1,exact_name_unique
Lophanthus schrenkii Levin,Lophanthus schrenkii Levin,Synonym,Nepeta schrenkii,(Levin) Sennikov,Lamiaceae,Nepeta,Species,77331126-1,exact_full
Lophanthus schtschurowskianus (Regel) Lipsky,Lophanthus schtschurowskianus (Regel) Lipsky,Synonym,Nepeta schtschurowskiana,Regel,Lamiaceae,Nepeta,Species,452715-1,exact_full
Lophanthus subnivalis Lipsky,Lophanthus subnivalis Lipsky,Synonym,Nepeta subnivalis,(Lipsky) Sennikov,Lamiaceae,Nepeta,Species,77331125-1,exact_full
Lophanthus tschimganicus Lipsky,Lophanthus tschimganicus Lipsky,Synonym,Nepeta tschimganica,(Lipsky) Jamzad & Serpoosh.,Lamiaceae,Nepeta,Species,77212165-1,exact_full
Lophanthus virescens (Lipsky) Kochk.,Lophanthus virescens (Lipsky) Kochk.,Synonym,Nepeta subnivalis,(Lipsky) Sennikov,Lamiaceae,Nepeta,Species,77331125-1,exact_full
Lophochloa cristata (L.) Hyl.,Lophochloa cristata (L.) Hyl.,Synonym,Rostraria cristata,(L.) Tzvelev,Poaceae,Rostraria,Species,419582-1,exact_full
Lophochloa obtusiflora (Boiss.) Gontsch.,Lophochloa obtusiflora (Boiss.) Gontsch.,Synonym,Rostraria obtusiflora,(Boiss.) Holub,Poaceae,Rostraria,Species,419587-1,exact_full
Lotus sergievskiae Kamelin & Kovalevsk.,Lotus sergievskiae Kamelin & Kovalevsk.,Synonym,Lotus krylovii,Schischk. & Serg.,Fabaceae,Lotus,Species,503710-1,exact_full
Ludwigia parviflora Roxb.,Ludwigia parviflora Roxb.,Synonym,Ludwigia perennis,L.,Onagraceae,Ludwigia,Species,613408-1,exact_full
Luzula pallescens (Wahlenb.) Sw.,Luzula pallescens Sw.,Accepted,Luzula pallescens,Sw.,Juncaceae,Luzula,Species,146239-2,exact_name_unique
Luzula spicata (L.) DC.,Luzula spicata (L.) DC.,Accepted,Luzula spicata,(L.) DC.,Juncaceae,Luzula,Species,443940-1,exact_full
Lycium dasystemum Pojark.,Lycium dasystemum Pojark.,Accepted,Lycium dasystemum,Pojark.,Solanaceae,Lycium,Species,816409-1,exact_full
Lycium depressum Stocks,Lycium depressum Stocks,Accepted,Lycium depressum,Stocks,Solanaceae,Lycium,Species,816413-1,exact_full
Lycium ruthenicum Murray,Lycium ruthenicum Murray,Accepted,Lycium ruthenicum,Murray,Solanaceae,Lycium,Species,816609-1,exact_full
Lycopsis orientalis L.,Lycopsis orientalis L.,Synonym,Anchusa ovata,Lehm.,Boraginaceae,Anchusa,Species,113319-1,name_multi_author_ok
Lycopus europeanus L.,Lycopus europaeus L.,Accepted,Lycopus europaeus,L.,Lamiaceae,Lycopus,Species,449641-1,manual_alias
Lycopus exaltatus L.,Lycopus exaltatus L.f.,Accepted,Lycopus exaltatus,L.f.,Lamiaceae,Lycopus,Species,449644-1,manual_alias
Lysimachia dubia Sol.,Lysimachia dubia Aiton,Accepted,Lysimachia dubia,Aiton,Primulaceae,Lysimachia,Species,701102-1,distribution_resolved
Lysimachia vulgaris L.,Lysimachia vulgaris L.,Accepted,Lysimachia vulgaris,L.,Primulaceae,Lysimachia,Species,701414-1,name_multi_author_ok
Lythrum hyssopifolia L.,Lythrum hyssopifolia L.,Accepted,Lythrum hyssopifolia,L.,Lythraceae,Lythrum,Species,147982-2,exact_full
Lythrum intermedium Ledeb.,Lythrum intermedium Fisch. ex Colla,Accepted,Lythrum intermedium,Fisch. ex Colla,Lythraceae,Lythrum,Species,553739-1,exact_name_unique
Lythrum linifolium Kar. & Kir.,Lythrum linifolium Kar. & Kir.,Accepted,Lythrum linifolium,Kar. & Kir.,Lythraceae,Lythrum,Species,553749-1,exact_full
Lythrum nanum Kar. & Kir.,Lythrum nanum Kar. & Kir.,Accepted,Lythrum nanum,Kar. & Kir.,Lythraceae,Lythrum,Species,553764-1,name_multi_author_ok
Lythrum salicaria L.,Lythrum salicaria L.,Accepted,Lythrum salicaria,L.,Lythraceae,Lythrum,Species,147990-2,exact_full
Lythrum silenoides Boiss. & Noe,Lythrum silenoides Boiss. & Noë,Accepted,Lythrum silenoides,Boiss. & Noë,Lythraceae,Lythrum,Species,553804-1,exact_name_unique
Lythrum tribracteatum Salmz. ex Spreng.,Lythrum tribracteatum Salzm. ex Spreng.,Accepted,Lythrum tribracteatum,Salzm. ex Spreng.,Lythraceae,Lythrum,Species,553824-1,exact_name_unique
Macrotomia euchroma (Royle) Paulsen,Macrotomia euchromon (Royle ex Benth.) Paulsen,Synonym,Arnebia euchroma,(Royle ex Benth.) I.M.Johnst.,Boraginaceae,Arnebia,Species,113456-1,canon_exact
Macrotomia ugamensis Popov,Macrotomia ugamensis Popov,Synonym,Arnebia ugamensis,(Popov) Riedl,Boraginaceae,Arnebia,Species,113497-1,exact_full
Malacocarpus crithmifolius (Retz.) Fisch. & C.A. Mey.,Malacocarpus crithmifolius (Retz.) Fisch. & C.A.Mey.,Accepted,Malacocarpus crithmifolius,(Retz.) Fisch. & C.A.Mey.,Nitrariaceae,Malacocarpus,Species,774243-1,exact_full
Malope trifida Cav.,Malope trifida Cav.,Accepted,Malope trifida,Cav.,Malvaceae,Malope,Species,561500-1,exact_full
Malus domestica L.,Malus domestica (Suckow) Borkh.,Accepted,Malus domestica,(Suckow) Borkh.,Rosaceae,Malus,Species,726282-1,exact_name_unique
Malus niedzwetzkyana Dieck,Malus niedzwetzkyana Dieck,Synonym,Malus domestica,(Suckow) Borkh.,Rosaceae,Malus,Species,726282-1,exact_full
Malus sieversii (Ledeb.) M. Roem,Malus sieversii (Ledeb.) M.Roem.,Synonym,Malus domestica,(Suckow) Borkh.,Rosaceae,Malus,Species,726282-1,exact_name_unique
Malva bucharica Iljin,Malva bucharica Iljin,Accepted,Malva bucharica,Iljin,Malvaceae,Malva,Species,561577-1,exact_full
Malva neglecta Wallr.,Malva neglecta Wallr.,Accepted,Malva neglecta,Wallr.,Malvaceae,Malva,Species,561795-1,exact_full
Malva nicaeensis All.,Malva nicaeensis All.,Accepted,Malva nicaeensis,All.,Malvaceae,Malva,Species,561798-1,exact_full
Malva pusilla Smith,Malva pusilla Sm.,Accepted,Malva pusilla,Sm.,Malvaceae,Malva,Species,561868-1,exact_name_unique
Malva sylvestris L.,Malva sylvestris L.,Accepted,Malva sylvestris,L.,Malvaceae,Malva,Species,561932-1,exact_full
Mariscus hamulosus (M. Bieb.) Hooper,Mariscus hamulosus (M.Bieb.) S.S.Hooper,Synonym,Cyperus hamulosus,M.Bieb.,Cyperaceae,Cyperus,Species,304695-1,exact_name_unique
Marrubium anisodon Koch,Marrubium anisodon K.Koch,Accepted,Marrubium anisodon,K.Koch,Lamiaceae,Marrubium,Species,449834-1,exact_name_unique
Marsilea quadrifolia L.,Marsilea quadrifolia L.,Accepted,Marsilea quadrifolia,L.,Marsileaceae,Marsilea,Species,17145350-1,name_multi_author_ok
Matricaria inodora L.,Matricaria inodora L.,Synonym,Tripleurospermum inodorum,(L.) Sch.Bip.,Asteraceae,Tripleurospermum,Species,256500-1,name_multi_author_ok
Matricaria parviflora (Willd.) Poir.,Matricaria parviflora (Willd.) Poir.,Synonym,Tripleurospermum parviflorum,(Willd.) Pobed.,Asteraceae,Tripleurospermum,Species,256514-1,exact_full
Matthiola bucharica Czerniak.,Matthiola bucharica Czerniak.,Accepted,Matthiola bucharica,Czerniak.,Brassicaceae,Matthiola,Species,286867-1,exact_full
Matthiola chenopodiifolia Fisch. & C.A. Mey.,Matthiola chenopodiifolia Fisch. & C.A.Mey.,Accepted,Matthiola chenopodiifolia,Fisch. & C.A.Mey.,Brassicaceae,Matthiola,Species,286871-1,exact_full
Matthiola chorassanica Bunge,Matthiola chorassanica Bunge ex Boiss.,Accepted,Matthiola chorassanica,Bunge ex Boiss.,Brassicaceae,Matthiola,Species,286873-1,exact_name_unique
Matthiola czerniakowskae Botsch. & Vved.,Matthiola czerniakowskae Botsch. & Vved.,Accepted,Matthiola czerniakowskae,Botsch. & Vved.,Brassicaceae,Matthiola,Species,978252-1,exact_full
Matthiola obovata Bunge,Matthiola obovata Bunge,Accepted,Matthiola obovata,Bunge,Brassicaceae,Matthiola,Species,286932-1,exact_full
Matthiola robusta Bunge,Matthiola robusta Bunge,Accepted,Matthiola robusta,Bunge,Brassicaceae,Matthiola,Species,286955-1,exact_full
Matthiola stoddartii Bunge,Matthiola stoddartii Bunge,Accepted,Matthiola stoddartii,Bunge,Brassicaceae,Matthiola,Species,286975-1,exact_full
Matthiola tatarica (Pall.) DC.,Matthiola tatarica (Pall.) DC.,Accepted,Matthiola tatarica,(Pall.) DC.,Brassicaceae,Matthiola,Species,286979-1,exact_full
Mausolea eriocarpa (Bunge) Poljakov,Mausolea eriocarpa (Bunge) Poljakov,Synonym,Artemisia eriocarpa,Bunge,Asteraceae,Artemisia,Species,927975-1,name_multi_author_ok
Mazus japonicus (Thunb.) Kuntze,Mazus japonicus (Thunb.) Kuntze,Synonym,Mazus pumilus var. pumilus,"",Mazaceae,Mazus,Variety,77226130-1,name_multi_author_ok
Mediasia macrophylla (Regel & Schmalh.) Pimenov,Mediasia macrophylla (Regel & Schmalh.) Pimenov,Accepted,Mediasia macrophylla,(Regel & Schmalh.) Pimenov,Apiaceae,Mediasia,Species,844899-1,exact_full
Medicago agrestis Tenore,Medicago agrestis Ten.,Synonym,Medicago rigidula,(L.) All.,Fabaceae,Medicago,Species,20011853-1,exact_name_unique
Medicago agropyretorum Vassilcz.,Medicago agropyretorum Vassilcz.,Synonym,Medicago lessingii,Fisch. & C.A.Mey. ex Kar.,Fabaceae,Medicago,Species,506259-1,exact_full
Medicago denticulata Willd.,Medicago denticulata Willd.,Synonym,Medicago polymorpha,L.,Fabaceae,Medicago,Species,60465997-2,name_multi_author_ok
Medicago falcata L.,Medicago falcata L.,Accepted,Medicago falcata,L.,Fabaceae,Medicago,Species,506175-1,exact_full
Medicago lanigera C. Winkl. & B. Fedtsch.,Medicago lanigera C.Winkl. & B.Fedtsch.,Accepted,Medicago lanigera,C.Winkl. & B.Fedtsch.,Fabaceae,Medicago,Species,506251-1,exact_full
Medicago lupulina L.,Medicago lupulina L.,Accepted,Medicago lupulina,L.,Fabaceae,Medicago,Species,506268-1,exact_full
Medicago meyeri Gruner,Medicago meyeri Gruner,Synonym,Medicago minima,(L.) Bartal.,Fabaceae,Medicago,Species,77089103-1,exact_full
Medicago minima (L.) Bartal.,Medicago minima (L.) Bartal.,Accepted,Medicago minima,(L.) Bartal.,Fabaceae,Medicago,Species,77089103-1,exact_full
Medicago monantha (C.A.Mey.) Trautv.,Medicago monantha (C.A.Mey.) Trautv.,Accepted,Medicago monantha,(C.A.Mey.) Trautv.,Fabaceae,Medicago,Species,60456796-2,name_multi_author_ok
Medicago orbicularis (L.) Bartal.,Medicago orbicularis (L.) Bartal.,Accepted,Medicago orbicularis,(L.) Bartal.,Fabaceae,Medicago,Species,506322-1,exact_full
Medicago radiata L.,Medicago radiata L.,Accepted,Medicago radiata,L.,Fabaceae,Medicago,Species,506382-1,exact_full
Medicago rigidula (L.) All.,Medicago rigidula (L.) All.,Accepted,Medicago rigidula,(L.) All.,Fabaceae,Medicago,Species,20011853-1,exact_full
Medicago sativa L.,Medicago sativa L.,Accepted,Medicago sativa,L.,Fabaceae,Medicago,Species,30234961-2,exact_full
Medicago tianschanica Vassilcz.,,,,,,,,,manual_override
Medicago transoxana Vassilcz.,Medicago transoxana Vassilcz.,Synonym,Medicago sativa subsp. sativa,"",Fabaceae,Medicago,Subspecies,77190497-1,exact_full
Megacarpaea gigantea Regel,Megacarpaea gigantea Regel,Accepted,Megacarpaea gigantea,Regel,Brassicaceae,Megacarpaea,Species,287001-1,exact_full
Megacarpaea megalocarpa (Fisch.) Schischk. ex B. Fedtsch.,Megacarpaea megalocarpa (Fisch. ex DC.) Schischk. ex B.Fedtsch.,Accepted,Megacarpaea megalocarpa,(Fisch. ex DC.) Schischk. ex B.Fedtsch.,Brassicaceae,Megacarpaea,Species,287006-1,exact_name_unique
Megacarpaea orbiculata B. Fedtsch.,Megacarpaea orbiculata B.Fedtsch.,Accepted,Megacarpaea orbiculata,B.Fedtsch.,Brassicaceae,Megacarpaea,Species,287008-1,exact_full
Melandrium album (Mill.) Garcke,Melandrium album (Mill.) Garcke,Synonym,Silene latifolia subsp. alba,(Mill.) Greuter & Burdet,Caryophyllaceae,Silene,Subspecies,921549-1,exact_full
Melica altissima L.,Melica altissima L.,Accepted,Melica altissima,L.,Poaceae,Melica,Species,325334-2,name_multi_author_ok
Melica canescens (Regel) Lavr.,Melica canescens (Regel) Lavrenko ex Nevski,Synonym,Melica persica,Kunth,Poaceae,Melica,Species,408103-1,exact_name_unique
Melica hohenackeri Boiss.,Melica hohenackeri Boiss.,Synonym,Melica persica,Kunth,Poaceae,Melica,Species,408103-1,exact_full
Melica inaequiglumis Boiss.,Melica inaequiglumis Boiss.,Accepted,Melica inaequiglumis,Boiss.,Poaceae,Melica,Species,408027-1,exact_full
Melica jacquemontii Decne.,Melica jacquemontii Decne.,Synonym,Melica persica,Kunth,Poaceae,Melica,Species,408103-1,exact_full
Melica schafkatii Bondarenko,Melica schafkati Bondarenko,Accepted,Melica schafkati,Bondarenko,Poaceae,Melica,Species,408145-1,canon_exact
Melica secunda Regel,Melica secunda Regel,Accepted,Melica secunda,Regel,Poaceae,Melica,Species,408149-1,exact_full
Melica transsilvanica Schur,Melica transsilvanica Schur,Accepted,Melica transsilvanica,Schur,Poaceae,Melica,Species,408180-1,exact_full
Melilotus albus Medik.,Melilotus albus Medik.,Accepted,Melilotus albus,Medik.,Fabaceae,Melilotus,Species,156656-2,name_multi_author_ok
Melilotus dentatus (Waldst. & Kit.) Pers.,Melilotus dentatus (Waldst. & Kit.) Desf.,Accepted,Melilotus dentatus,(Waldst. & Kit.) Desf.,Fabaceae,Melilotus,Species,506932-1,exact_name_unique
Melilotus indicus (L.) All.,Melilotus indicus (L.) All.,Accepted,Melilotus indicus,(L.) All.,Fabaceae,Melilotus,Species,1207360-2,exact_full
Melilotus officinalis (L.) Pall.,Melilotus officinalis (L.) Lam.,Accepted,Melilotus officinalis,(L.) Lam.,Fabaceae,Melilotus,Species,30429323-2,exact_name_unique
Melissa officinalis L.,Melissa officinalis L.,Accepted,Melissa officinalis,L.,Lamiaceae,Melissa,Species,450084-1,exact_full
Melissitus adsendens (Nevski) Ikonn.,Melissitus adscendens (Nevski) Ikonn.,Synonym,Trigonella adscendens,(Nevski) Afan. & Gontsch.,Fabaceae,Trigonella,Species,523869-1,canon_fuzzy1
Melissitus aristatus (Vass.) Latsch.,Melissitus aristatus (Vassilcz.) Latsch.,Invalid,Trigonella aristata,Vassilcz.,Fabaceae,Trigonella,Species,523885-1,exact_name_unique
Melissitus gontscharovii (Vass.) Latsch.,Melissitus gontscharovii (Vassilcz.) Latsch.,Invalid,Trigonella gontscharovii,Vassilcz.,Fabaceae,Trigonella,Species,523968-1,exact_name_unique
Melissitus lipskyi (Širj.) Latsch.,Melissitus lipskyi (Širj.) Latsch.,Synonym,Trigonella lipskyi,Širj.,Fabaceae,Trigonella,Species,524011-1,exact_full
Melissitus pamiricus (Boriss.) Golosk.,Melissitus pamiricus (Boriss.) Golosk.,Synonym,Trigonella pamirica,Boriss.,Fabaceae,Trigonella,Species,524055-1,exact_full
Melissitus popovii (Korovin) Golosk.,Melissitus popovii (Korovin) Golosk.,Synonym,Medicago popovii,(Korovin) Širj.,Fabaceae,Medicago,Species,506360-1,exact_full
Melissitus zaprjagaevii (Afan.et Gontsch.) Latsch.,Melissitus zaprjagaevii (Afan. & Gontsch.) Latsch.,Synonym,Trigonella zaprjagaevii,Afan. & Gontsch.,Fabaceae,Trigonella,Species,524137-1,exact_name_unique
Melo agrestis (Naud.) Pang.,Melo agrestis (Naudin) Pangalo,Synonym,Cucumis melo,L.,Cucurbitaceae,Cucumis,Species,292238-1,exact_name_unique
Meniocus linifolius (Steph. ex Willd.) DC.,Meniocus linifolius (Stephan ex Willd.) DC.,Accepted,Meniocus linifolius,(Stephan ex Willd.) DC.,Brassicaceae,Meniocus,Species,287025-1,exact_name_unique
Mentha arvensis L.,Mentha arvensis L.,Accepted,Mentha arvensis,L.,Lamiaceae,Mentha,Species,30026217-2,exact_full
Mentha longifolia var. asiatica (Boriss) Rech. f.,Mentha longifolia var. asiatica (Boriss.) Rech.f.,Accepted,Mentha longifolia var. asiatica,(Boriss.) Rech.f.,Lamiaceae,Mentha,Variety,921177-1,exact_name_unique
Mentha pamiroalaica Boriss.,Mentha pamiroalaica Boriss.,Accepted,Mentha pamiroalaica,Boriss.,Lamiaceae,Mentha,Species,450910-1,exact_full
Merendera hissarica Regel,Merendera hissarica Regel,Synonym,Colchicum robustum,(Bunge) Stef.,Colchicaceae,Colchicum,Species,533383-1,exact_full
Merendera robusta Bunge,Merendera robusta Bunge,Synonym,Colchicum robustum,(Bunge) Stef.,Colchicaceae,Colchicum,Species,533383-1,exact_full
Mertensia dshagastanica Regel,Mertensia dschagastanica Regel,Synonym,Trigonotis dschagastanica,"(Regel) H.F.Wang, X.Y.Dong & K.P.Ma",Boraginaceae,Trigonotis,Species,77373223-1,canon_exact
Microcephala lamellata (Bunge) Pobed.,Microcephala lamellata (Bunge) Pobed.,Accepted,Microcephala lamellata,(Bunge) Pobed.,Asteraceae,Microcephala,Species,232448-1,exact_full
Microcephala turcomanica (C. Winkl.) Pobed.,Microcephala turcomanica (C.Winkl.) Pobed.,Synonym,Microcephala lamellata subsp. lamellata,"",Asteraceae,Microcephala,Subspecies,77180443-1,exact_full
Micromeria popovii (B. Fedtsch. & Gontsch.) Vved.,Micromeria popovii (B.Fedtsch. & Gontsch.) Vved.,Synonym,Gontscharovia popovii,(B.Fedtsch. & Gontsch.) Boriss.,Lamiaceae,Gontscharovia,Species,447541-1,exact_full
Microphysa elongata (Schrenk) Pobed.,Microphysa elongata (Schrenk) Pobed.,Accepted,Microphysa elongata,(Schrenk) Pobed.,Rubiaceae,Microphysa,Species,756210-1,exact_full
Microthlaspi perfoliatum (L.) F.K. Mey.,Microthlaspi perfoliatum (L.) F.K.Mey.,Synonym,Noccaea perfoliata,(L.) Al-Shehbaz,Brassicaceae,Noccaea,Species,77148288-1,exact_full
Milium effusum L.,Milium effusum L.,Accepted,Milium effusum,L.,Poaceae,Milium,Species,408599-1,name_multi_author_ok
Milium vernale M. Bieb.,Milium vernale M.Bieb.,Accepted,Milium vernale,M.Bieb.,Poaceae,Milium,Species,408697-1,exact_full
Minuartia biflora (L.) Schinz & Thell.,Minuartia biflora (L.) Schinz & Thell.,Synonym,Cherleria biflora,(L.) A.J.Moore & Dillenb.,Caryophyllaceae,Cherleria,Species,77162306-1,exact_full
Minuartia kryloviana Schischk.,Minuartia kryloviana Schischk.,Synonym,Sabulina kryloviana,(Schischk.) Dillenb. & Kadereit,Caryophyllaceae,Sabulina,Species,77137543-1,exact_full
Minuartia meyeri (Boiss.) Bornm.,Minuartia meyeri (Boiss.) Bornm.,Accepted,Minuartia meyeri,(Boiss.) Bornm.,Caryophyllaceae,Minuartia,Species,155591-1,exact_full
Minuartia regeliana (Trautv.) Mattf.,Minuartia regeliana (Trautv.) Mattf.,Synonym,Sabulina regeliana,(Trautv.) Dillenb. & Kadereit,Caryophyllaceae,Sabulina,Species,77137565-1,exact_full
Modestia pteroclada (Iljin) Kamelin,Modestia pteroclada (Iljin) Kamelin,Synonym,Jurinea pteroclada,Iljin,Asteraceae,Jurinea,Species,227067-1,exact_full
Moehringia umbrosa (Bunge) Fenzl,Moehringia umbrosa (Bunge) Fenzl,Accepted,Moehringia umbrosa,(Bunge) Fenzl,Caryophyllaceae,Moehringia,Species,155774-1,name_multi_author_ok
Mogoltavia sewerzowii (Regel) Korovin,Mogoltavia sewerzowii (Regel) Korovin,Accepted,Mogoltavia sewerzowii,(Regel) Korovin,Apiaceae,Mogoltavia,Species,844976-1,exact_full
Morina kokanica Regel,Morina kokanica Regel,Accepted,Morina kokanica,Regel,Caprifoliaceae,Morina,Species,319565-1,exact_full
Morina lehmanniana Bunge,Morina lehmanniana Bunge,Synonym,Morina coulteriana,Royle,Caprifoliaceae,Morina,Species,319561-1,exact_full
Morus alba L.,Morus alba L.,Accepted,Morus alba,L.,Moraceae,Morus,Species,30051955-2,exact_full
Morus nigra L.,Morus nigra L.,Accepted,Morus nigra,L.,Moraceae,Morus,Species,854688-1,exact_full
Muehlenbergia hüégelii Trin.,Muhlenbergia huegelii Trin.,Accepted,Muhlenbergia huegelii,Trin.,Poaceae,Muhlenbergia,Species,409044-1,canon_fuzzy1
Muscari bucharicum Regel,Muscari bucharicum Regel,Synonym,Muscari neglectum,Guss. ex Ten. & Sangiov.,Asparagaceae,Muscari,Species,60460275-2,exact_full
Myosotis alpestris F.W. Schmidt,Myosotis alpestris F.W.Schmidt,Accepted,Myosotis alpestris,F.W.Schmidt,Boraginaceae,Myosotis,Species,118892-1,exact_full
Myosotis asiatica (Vesterg.) Schischk. & Serg.,Myosotis asiatica (Vestergr.) Schischk. & Serg.,Accepted,Myosotis asiatica,(Vestergr.) Schischk. & Serg.,Boraginaceae,Myosotis,Species,118917-1,exact_name_unique
Myosotis caespitosa Schultz,,,,,,,,,manual_override
Myosotis imitata Serg.,Myosotis imitata Serg.,Accepted,Myosotis imitata,Serg.,Boraginaceae,Myosotis,Species,119055-1,exact_full
Myosotis micrantha Pall. & Lehm.,Myosotis micrantha Pall. ex Lehm.,Synonym,Arnebia decumbens subsp. decumbens,"",Boraginaceae,Arnebia,Subspecies,77228219-1,distribution_resolved
Myosotis refracta Boiss.,Myosotis refracta Boiss.,Accepted,Myosotis refracta,Boiss.,Boraginaceae,Myosotis,Species,119211-1,exact_full
Myosotis sparsiflora Pohl,Myosotis sparsiflora J.C.Mikan ex Pohl,Accepted,Myosotis sparsiflora,J.C.Mikan ex Pohl,Boraginaceae,Myosotis,Species,119250-1,manual_alias
Myosotis sylvatica Hoffm.,Myosotis sylvatica Ehrh. ex Hoffm.,Accepted,Myosotis sylvatica,Ehrh. ex Hoffm.,Boraginaceae,Myosotis,Species,119282-1,exact_name_unique
Myriactis wallichii Less.,Myriactis wallichii Less.,Accepted,Myriactis wallichii,Less.,Asteraceae,Myriactis,Species,234021-1,exact_full
Myricaria bracteata Royle,Myricaria bracteata Royle,Accepted,Myricaria bracteata,Royle,Tamaricaceae,Myricaria,Species,827964-1,exact_full
Myricaria squamosa Desv.,Myricaria squamosa Desv.,Accepted,Myricaria squamosa,Desv.,Tamaricaceae,Myricaria,Species,827981-1,exact_full
Myriophyllum spicatum L.,Myriophyllum spicatum L.,Accepted,Myriophyllum spicatum,L.,Haloragaceae,Myriophyllum,Species,430465-1,exact_full
Myriophyllum verticillatum L.,Myriophyllum verticillatum L.,Accepted,Myriophyllum verticillatum,L.,Haloragaceae,Myriophyllum,Species,430479-1,exact_full
Najas graminea Delile,Najas graminea Delile,Accepted,Najas graminea,Delile,Hydrocharitaceae,Najas,Species,603012-1,exact_full
Najas marina L.,Najas marina L.,Accepted,Najas marina,L.,Hydrocharitaceae,Najas,Species,321282-2,exact_full
Najas minor All.,Najas minor All.,Accepted,Najas minor,All.,Hydrocharitaceae,Najas,Species,603043-1,exact_full
Nanophyton botschantzevii U.P. Pratov,Nanophyton botschantzevii U.P.Pratov,Accepted,Nanophyton botschantzevii,U.P.Pratov,Amaranthaceae,Nanophyton,Species,166170-1,exact_full
Nanophyton erinaceum (Pall.) Bunge,Nanophyton erinaceum (Pall.) Bunge,Accepted,Nanophyton erinaceum,(Pall.) Bunge,Amaranthaceae,Nanophyton,Species,166172-1,exact_full
Nanophyton saxatile Botsch.,Nanophyton saxatile Botsch.,Accepted,Nanophyton saxatile,Botsch.,Amaranthaceae,Nanophyton,Species,166175-1,exact_full
Narcissus tazetta L.,Narcissus tazetta L.,Accepted,Narcissus tazetta,L.,Amaryllidaceae,Narcissus,Species,66240-1,exact_full
Nardurus krausei (Regel) V. Krecz. & Bobrov,Nardurus krausei (Regel) V.I.Krecz. & Bobrov,Synonym,Festuca maritima,L.,Poaceae,Festuca,Species,403059-1,exact_name_unique
Nasturtium officinale W.T. Aiton,Nasturtium officinale W.T.Aiton,Accepted,Nasturtium officinale,W.T.Aiton,Brassicaceae,Nasturtium,Species,287534-1,exact_full
Nathaliella alaica B. Fedtsch.,Nathaliella alaica B.Fedtsch.,Accepted,Nathaliella alaica,B.Fedtsch.,Scrophulariaceae,Nathaliella,Species,806251-1,exact_full
Neotorularia rossica (O.E. Schulz) Hedge & J. Léonard,Neotorularia rossica (O.E.Schulz) Hedge & J.Léonard,Accepted,Neotorularia rossica,(O.E.Schulz) Hedge & J.Léonard,Brassicaceae,Neotorularia,Species,943549-1,exact_full
Neotorularia torulosa (Desf.) Hedge & J. Léonard,Neotorularia torulosa (Desf.) Hedge & J.Léonard,Accepted,Neotorularia torulosa,(Desf.) Hedge & J.Léonard,Brassicaceae,Neotorularia,Species,943551-1,exact_full
Neottia camtschatea (L.) Reichenb. f.,Neottia camtschatea (L.) Spreng.,Accepted,Neottia camtschatea,(L.) Spreng.,Orchidaceae,Neottia,Species,645299-1,exact_name_unique
Nepeta alatavica Lipsky,Nepeta alatavica Lipsky,Accepted,Nepeta alatavica,Lipsky,Lamiaceae,Nepeta,Species,452245-1,exact_full
Nepeta badachschanica Kudrjasch.,Nepeta badachschanica Kudrjasch.,Accepted,Nepeta badachschanica,Kudrjasch.,Lamiaceae,Nepeta,Species,452279-1,exact_full
Nepeta bracteata Benth.,Nepeta bracteata Benth.,Accepted,Nepeta bracteata,Benth.,Lamiaceae,Nepeta,Species,452306-1,name_multi_author_ok
Nepeta bucharica Lipsky,Nepeta bucharica Lipsky,Accepted,Nepeta bucharica,Lipsky,Lamiaceae,Nepeta,Species,452308-1,exact_full
Nepeta cataria L.,Nepeta cataria L.,Accepted,Nepeta cataria,L.,Lamiaceae,Nepeta,Species,452333-1,exact_full
Nepeta formosa Kudrjasch.,Nepeta formosa Kudrjasch.,Accepted,Nepeta formosa,Kudrjasch.,Lamiaceae,Nepeta,Species,452421-1,exact_full
Nepeta kokanica Regel,Nepeta kokanica Regel,Accepted,Nepeta kokanica,Regel,Lamiaceae,Nepeta,Species,452503-1,exact_full
Nepeta lipskyi Kudrjasch.,Nepeta lipskyi Kudrjasch.,Accepted,Nepeta lipskyi,Kudrjasch.,Lamiaceae,Nepeta,Species,452542-1,exact_full
Nepeta mariae Regel,Nepeta mariae Regel,Accepted,Nepeta mariae,Regel,Lamiaceae,Nepeta,Species,452569-1,exact_full
Nepeta maussarifi Lipsky,Nepeta maussarifii Lipsky,Accepted,Nepeta maussarifii,Lipsky,Lamiaceae,Nepeta,Species,452574-1,canon_exact
Nepeta micrantha Bunge,Nepeta micrantha Bunge,Accepted,Nepeta micrantha,Bunge,Lamiaceae,Nepeta,Species,452583-1,exact_full
Nepeta olgae Regel,Nepeta olgae Regel,Accepted,Nepeta olgae,Regel,Lamiaceae,Nepeta,Species,452623-1,exact_full
Nepeta pamirensis Franch.,Nepeta pamirensis Franch.,Accepted,Nepeta pamirensis,Franch.,Lamiaceae,Nepeta,Species,452635-1,exact_full
Nepeta pannonica L.,Nepeta pannonica L.,Synonym,Nepeta nuda subsp. nuda,"",Lamiaceae,Nepeta,Subspecies,77171299-1,exact_full
Nepeta podostachys Benth.,Nepeta podostachys Benth.,Accepted,Nepeta podostachys,Benth.,Lamiaceae,Nepeta,Species,452662-1,exact_full
Nepeta pungens (Bunge) Benth.,Nepeta pungens Benth.,Accepted,Nepeta pungens,Benth.,Lamiaceae,Nepeta,Species,452679-1,exact_name_unique
Nepeta santoana Popov,Nepeta santoana Popov,Accepted,Nepeta santoana,Popov,Lamiaceae,Nepeta,Species,452708-1,exact_full
Nepeta satureiodes Boiss.,Nepeta saturejoides Boiss.,Accepted,Nepeta saturejoides,Boiss.,Lamiaceae,Nepeta,Species,452710-1,canon_fuzzy1
Nepeta subhastata Regel,Nepeta subhastata Regel,Accepted,Nepeta subhastata,Regel,Lamiaceae,Nepeta,Species,452762-1,exact_full
Nepeta ucranica L.,Nepeta ucranica L.,Accepted,Nepeta ucranica,L.,Lamiaceae,Nepeta,Species,452801-1,exact_full
Neslia apiculata Fisch. & C.A. Mey.,Neslia apiculata C.A.Mey.,Synonym,Neslia paniculata subsp. thracica,(Velen.) Bornm.,Brassicaceae,Neslia,Subspecies,77250871-1,exact_name_unique
Neurotropis platycarpa (Fisch. & C.A. Mey.) F.K. Mey.,"Neurotropis platycarpa (Fisch., C.A.Mey. & N.Busch) F.K.Mey.",Synonym,Noccaea platycarpa,"(Fisch., C.A.Mey. & N.Busch) Al-Shehbaz",Brassicaceae,Noccaea,Species,77148291-1,exact_name_unique
Nicandra physaloides (L.) Gaertn.,Nicandra physalodes (L.) Gaertn.,Accepted,Nicandra physalodes,(L.) Gaertn.,Solanaceae,Nicandra,Species,816832-1,canon_fuzzy1
Nigella bucharica Schipcz.,Nigella bucharica Schipcz.,Accepted,Nigella bucharica,Schipcz.,Ranunculaceae,Nigella,Species,711632-1,exact_full
Nigella integrifolia Regel,Nigella integrifolia Regel,Accepted,Nigella integrifolia,Regel,Ranunculaceae,Nigella,Species,711668-1,exact_full
Nitraria schoberi L.,Nitraria schoberi L.,Accepted,Nitraria schoberi,L.,Nitrariaceae,Nitraria,Species,873341-1,exact_full
Nitraria sibirica Pall.,Nitraria sibirica Pall.,Accepted,Nitraria sibirica,Pall.,Nitrariaceae,Nitraria,Species,873344-1,name_multi_author_ok
Noaea mucronata (Forssk.) Asch. & Schweif.,Noaea mucronata (Forssk.) Asch. & Schweinf.,Accepted,Noaea mucronata,(Forssk.) Asch. & Schweinf.,Amaranthaceae,Noaea,Species,166200-1,exact_name_unique
Noccaea ferganensis (N. Busch) Czer.,Noccaea ferganensis (N.Busch) Czerep.,Accepted,Noccaea ferganensis,(N.Busch) Czerep.,Brassicaceae,Noccaea,Species,984692-1,exact_name_unique
Nonea calceolaris Nikitina & Pazij,Nonea calceolaris Nikif. & Pazij,Accepted,Nonea calceolaris,Nikif. & Pazij,Boraginaceae,Nonea,Species,119335-1,exact_name_unique
Nonea caspica (Willd.) G. Don,Nonea caspica (Willd.) G.Don,Accepted,Nonea caspica,(Willd.) G.Don,Boraginaceae,Nonea,Species,119364-1,exact_full
Nonea melanocarpa Boiss.,Nonea melanocarpa Boiss.,Accepted,Nonea melanocarpa,Boiss.,Boraginaceae,Nonea,Species,119389-1,exact_full
Nonea pulla (L.) DC.,Nonea pulla (L.) DC.,Accepted,Nonea pulla,(L.) DC.,Boraginaceae,Nonea,Species,119401-1,exact_full
Nymphaea candida C.Presl,Nymphaea candida C.Presl,Accepted,Nymphaea candida,C.Presl,Nymphaeaceae,Nymphaea,Species,605520-1,exact_full
Nymphoides peltata (S.G. Gmel.) Kuntze,Nymphoides peltata (S.G.Gmel.) Kuntze,Accepted,Nymphoides peltata,(S.G.Gmel.) Kuntze,Menyanthaceae,Nymphoides,Species,370207-1,exact_full
Octoceras lehmannianum Bunge,Octoceras lehmannianum Bunge,Accepted,Octoceras lehmannianum,Bunge,Brassicaceae,Octoceras,Species,287828-1,exact_full
Odontites vulgaris Moench,Odontites vulgaris Moench,Accepted,Odontites vulgaris,Moench,Orobanchaceae,Odontites,Species,806466-1,name_multi_author_ok
Oedibasis apiculata (Kar. & Kir.) Koso.-Pol.,Oedibasis apiculata (Kar. & Kir.) Koso-Pol.,Accepted,Oedibasis apiculata,(Kar. & Kir.) Koso-Pol.,Apiaceae,Oedibasis,Species,845210-1,exact_name_unique
Oedibasis platycarpa (Lipsky) Koso.-Pol.,Oedibasis platycarpa (Lipsky) Koso-Pol.,Accepted,Oedibasis platycarpa,(Lipsky) Koso-Pol.,Apiaceae,Oedibasis,Species,845214-1,exact_name_unique
Oedibasis tamerlanii (Lipsky) Korovin ex Nevski,Oedibasis tamerlanii Korovin ex Nevski,Illegitimate,Oedibasis chaerophylloides,(Regel & Schmalh.) Korovin,Apiaceae,Oedibasis,Species,845212-1,exact_name_unique
Oenanthe fedtschenkoana Koso-Pol.,Oenanthe fedtschenkoana Koso-Pol.,Accepted,Oenanthe fedtschenkoana,Koso-Pol.,Apiaceae,Oenanthe,Species,845267-1,exact_full
Oenanthe heterococca Korovin,Oenanthe heterococca Korovin,Synonym,Oenanthe silaifolia,M.Bieb.,Apiaceae,Oenanthe,Species,845379-1,exact_full
Ofaiston monandrum (Pall.) Moq.,Ofaiston monandrum (Pall.) Moq.,Accepted,Ofaiston monandrum,(Pall.) Moq.,Amaranthaceae,Ofaiston,Species,166316-1,exact_full
Olgaea pectinata Iljin,Olgaea pectinata Iljin,Accepted,Olgaea pectinata,Iljin,Asteraceae,Olgaea,Species,234973-1,exact_full
Oligochaeta minima (Boiss.) Briq.,Oligochaeta minima (Boiss.) Briq.,Accepted,Oligochaeta minima,(Boiss.) Briq.,Asteraceae,Oligochaeta,Species,235047-1,exact_full
Oligochaeta vvedenskyi (Popov) Soják,Oligochaeta vvedenskyi (Popov) Soják,Synonym,Oligochaeta minima,(Boiss.) Briq.,Asteraceae,Oligochaeta,Species,235047-1,exact_full
"Olimarabidopsis pumila (Steph.) Al-Shehbaz, O'Kane & Price","Olimarabidopsis pumila (Stephan) Al-Shehbaz, O'Kane & R.A.Price",Accepted,Olimarabidopsis pumila,"(Stephan) Al-Shehbaz, O'Kane & R.A.Price",Brassicaceae,Olimarabidopsis,Species,1009840-1,exact_name_unique
"Olimarabidopsis umbrosa (Botsch. & Vved.) Al-Shehbaz, O'Kane & Price","Olimarabidopsis umbrosa (Botsch. & Vved.) Al-Shehbaz, O'Kane & R.A.Price",Accepted,Olimarabidopsis umbrosa,"(Botsch. & Vved.) Al-Shehbaz, O'Kane & R.A.Price",Brassicaceae,Olimarabidopsis,Species,1009842-1,exact_name_unique
Onobrychis amoena Popov,Onobrychis amoena Popov & Vved.,Accepted,Onobrychis amoena,Popov & Vved.,Fabaceae,Onobrychis,Species,509836-1,exact_name_unique
Onobrychis arenaria (Kit. ex Willd.) DC.,Onobrychis arenaria (Kit.) DC.,Accepted,Onobrychis arenaria,(Kit.) DC.,Fabaceae,Onobrychis,Species,509840-1,manual_alias
Onobrychis baldshuanica Širj.,Onobrychis baldzuanica Širj.,Accepted,Onobrychis baldzuanica,Širj.,Fabaceae,Onobrychis,Species,509853-1,canon_exact
Onobrychis chorassanica Bunge,Onobrychis chorassanica Bunge ex Boiss.,Accepted,Onobrychis chorassanica,Bunge ex Boiss.,Fabaceae,Onobrychis,Species,509892-1,exact_name_unique
Onobrychis cornuta (L.) Desv.,Onobrychis cornuta (L.) Desv.,Accepted,Onobrychis cornuta,(L.) Desv.,Fabaceae,Onobrychis,Species,509899-1,exact_full
Onobrychis echidna Lipsky,Onobrychis echidna Lipsky,Accepted,Onobrychis echidna,Lipsky,Fabaceae,Onobrychis,Species,509923-1,exact_full
Onobrychis gontscharovii Vassilcz.,Onobrychis gontscharowii Vassilcz.,Accepted,Onobrychis gontscharowii,Vassilcz.,Fabaceae,Onobrychis,Species,509951-1,canon_exact
Onobrychis grandis Lipsky,Onobrychis grandis Lipsky,Accepted,Onobrychis grandis,Lipsky,Fabaceae,Onobrychis,Species,509954-1,exact_full
Onobrychis laxiflora Baker,Onobrychis laxiflora Baker,Accepted,Onobrychis laxiflora,Baker,Fabaceae,Onobrychis,Species,510001-1,exact_full
Onobrychis micrantha Schrenk,Onobrychis micrantha Schrenk ex Fisch. & C.A.Mey.,Accepted,Onobrychis micrantha,Schrenk ex Fisch. & C.A.Mey.,Fabaceae,Onobrychis,Species,510028-1,exact_name_unique
Onobrychis pulchella Schrenk,Onobrychis pulchella Schrenk ex Fisch. & C.A.Mey.,Accepted,Onobrychis pulchella,Schrenk ex Fisch. & C.A.Mey.,Fabaceae,Onobrychis,Species,510088-1,distribution_resolved
Onobrychis seravschanica B. Fedtsch.,Onobrychis saravschanica B.Fedtsch.,Accepted,Onobrychis saravschanica,B.Fedtsch.,Fabaceae,Onobrychis,Species,510105-1,canon_fuzzy1
Onobrychis tavernierifolia Stocks ex Boiss.,Onobrychis tavernierifolia Stocks ex Boiss.,Accepted,Onobrychis tavernierifolia,Stocks ex Boiss.,Fabaceae,Onobrychis,Species,510145-1,exact_full
Ononis antiquorum L.,Ononis antiquorum L.,Synonym,Ononis spinosa subsp. antiquorum,(L.) Arcang.,Fabaceae,Ononis,Subspecies,77251042-1,exact_full
Ononis arvensis L.,Ononis arvensis L.,Accepted,Ononis arvensis,L.,Fabaceae,Ononis,Species,510213-1,exact_full
Onopordum acantum L.,Onopordum acanthium L.,Accepted,Onopordum acanthium,L.,Asteraceae,Onopordum,Species,235234-1,manual_alias
Onopordum leptolepis DC.,Onopordum leptolepis DC.,Accepted,Onopordum leptolepis,DC.,Asteraceae,Onopordum,Species,235316-1,exact_full
Onosma albicaulis Popov,Onosma albicaulis Popov,Accepted,Onosma albicaulis,Popov,Boraginaceae,Onosma,Species,119520-1,exact_full
Onosma atrocyanea Franch.,Onosma atrocyanea Franch.,Accepted,Onosma atrocyanea,Franch.,Boraginaceae,Onosma,Species,119542-1,exact_full
Onosma baldshuanica Lipsky,Onosma baldshuanica Lipsky,Accepted,Onosma baldshuanica,Lipsky,Boraginaceae,Onosma,Species,119549-1,exact_full
Onosma barsczewskii Lipsky,Onosma barsczewskii Lipsky,Accepted,Onosma barsczewskii,Lipsky,Boraginaceae,Onosma,Species,119552-1,exact_full
Onosma dichroantha Boiss.,Onosma dichroantha Boiss.,Accepted,Onosma dichroantha,Boiss.,Boraginaceae,Onosma,Species,119622-1,exact_full
Onosma gmelinii Ledeb.,Onosma gmelinii Ledeb.,Accepted,Onosma gmelinii,Ledeb.,Boraginaceae,Onosma,Species,119666-1,exact_full
Onosma irritans Popov ex Pavl.,Onosma irritans Popov,Accepted,Onosma irritans,Popov,Boraginaceae,Onosma,Species,119694-1,exact_name_unique
Onosma liwanowii Popov,Onosma liwanowii Popov,Accepted,Onosma liwanowii,Popov,Boraginaceae,Onosma,Species,119713-1,exact_full
Onosma macrorhiza Popov,Onosma macrorhiza Popov,Accepted,Onosma macrorhiza,Popov,Boraginaceae,Onosma,Species,119726-1,exact_full
Onosma maracandica Zakirov,Onosma maracandica Zakirov,Accepted,Onosma maracandica,Zakirov,Boraginaceae,Onosma,Species,119727-1,exact_full
Onosma staminea Ledeb.,Onosma staminea Ledeb.,Accepted,Onosma staminea,Ledeb.,Boraginaceae,Onosma,Species,119822-1,exact_full
Ophioglossum bucharicum O. Fedtsch. & B. Fedtsch.,Ophioglossum bucharicum O.Fedtsch. & B.Fedtsch.,Synonym,Ophioglossum thermale,Kom.,Ophioglossaceae,Ophioglossum,Species,17286920-1,exact_full
Ophioglossum vulgatum L.,Ophioglossum vulgatum L.,Accepted,Ophioglossum vulgatum,L.,Ophioglossaceae,Ophioglossum,Species,304390-2,exact_full
Orchis pseudolaxiflora Czerniak.,Orchis pseudolaxiflora Czerniak.,Synonym,Anacamptis laxiflora subsp. dielsiana,"(Soó) H.Kretzschmar, Eccarius & H.Dietr.",Orchidaceae,Anacamptis,Subspecies,77078692-1,exact_full
Oreosalsola arbusculiformis (Drobow) Sennikov,Oreosalsola arbusculiformis (Drobow) Sennikov,Accepted,Oreosalsola arbusculiformis,(Drobow) Sennikov,Amaranthaceae,Oreosalsola,Species,77331130-1,exact_full
Origanum tyttanthum Gontsch.,Origanum tyttanthum Gontsch.,Synonym,Origanum vulgare subsp. gracile,(K.Koch) Ietsw.,Lamiaceae,Origanum,Subspecies,884056-1,exact_full
Orlaya grandiflora (L.) Hoffm.,Orlaya grandiflora (L.) Hoffm.,Accepted,Orlaya grandiflora,(L.) Hoffm.,Apiaceae,Orlaya,Species,845513-1,exact_full
Orobanche amoena C.A. Mey.,Orobanche amoena C.A.Mey.,Accepted,Orobanche amoena,C.A.Mey.,Orobanchaceae,Orobanche,Species,662110-1,exact_full
Orobanche camptolepis Boiss. & Reut.,Orobanche camptolepis Boiss. & Reut.,Accepted,Orobanche camptolepis,Boiss. & Reut.,Orobanchaceae,Orobanche,Species,662199-1,exact_full
Orobanche cernua Loefl.,Orobanche cernua Loefl.,Accepted,Orobanche cernua,Loefl.,Orobanchaceae,Orobanche,Species,662226-1,name_multi_author_ok
Orobanche elatior Sutton,Orobanche elatior Sutton,Accepted,Orobanche elatior,Sutton,Orobanchaceae,Orobanche,Species,662313-1,name_multi_author_ok
Orobanche gigantea (Beck) Gontsch.,Orobanche gigantea (Beck) Gontsch.,Accepted,Orobanche gigantea,(Beck) Gontsch.,Orobanchaceae,Orobanche,Species,77221849-1,exact_full
Orobanche hansii A. Kern.,Orobanche hansii A.Kern.,Accepted,Orobanche hansii,A.Kern.,Orobanchaceae,Orobanche,Species,662396-1,exact_full
Orobanche kotschyi Reut.,Orobanche kotschyi Reut.,Accepted,Orobanche kotschyi,Reut.,Orobanchaceae,Orobanche,Species,662448-1,exact_full
Orobanche sordida C.A. Mey.,Orobanche sordida C.A.Mey.,Accepted,Orobanche sordida,C.A.Mey.,Orobanchaceae,Orobanche,Species,662707-1,exact_full
Orobanche spectabilis Reut. ex Boiss. & Buhse,Orobanche spectabilis Reut.,Accepted,Orobanche spectabilis,Reut.,Orobanchaceae,Orobanche,Species,662716-1,distribution_resolved
Orobanche sulphurea Gontsch.,Orobanche sulphurea Gontsch.,Accepted,Orobanche sulphurea,Gontsch.,Orobanchaceae,Orobanche,Species,77221848-1,exact_full
Orthurus heterocarpus (Boiss.) Juz.,Orthurus heterocarpus (Boiss.) Juz.,Synonym,Geum heterocarpum,Boiss.,Rosaceae,Geum,Species,725247-1,exact_full
Orthurus kokanicus (Regel & Schmalh.) Juz.,Orthurus kokanicus (Regel & Schmalh. ex Regel) Juz.,Synonym,Geum kokanicum,Regel & Schmalh.,Rosaceae,Geum,Species,725278-1,exact_name_unique
Ostrovskia magnifica Regel,Ostrowskia magnifica Regel,Accepted,Ostrowskia magnifica,Regel,Campanulaceae,Ostrowskia,Species,144222-1,canon_exact
Otostegia bucharica B. Fedtsch.,Otostegia bucharica B.Fedtsch.,Synonym,Moluccella bucharica,(B.Fedtsch.) Ryding,Lamiaceae,Moluccella,Species,77112827-1,exact_full
Otostegia fedtschenkoana Kudrjasch.,Otostegia fedtschenkoana Kudr.,Synonym,Moluccella fedtschenkoana,(Kudr.) Ryding,Lamiaceae,Moluccella,Species,77112829-1,exact_name_unique
Otostegia megastegia Vved.,Otostegia megastegia Vved.,Synonym,Moluccella fedtschenkoana,(Kudr.) Ryding,Lamiaceae,Moluccella,Species,77112829-1,exact_full
Otostegia olgae (Regel) Korsch.,Otostegia olgae (Regel) Korsh.,Synonym,Moluccella olgae,(Regel) Ryding,Lamiaceae,Moluccella,Species,77112830-1,exact_name_unique
Otostegia sogdiana Kudrjasch.,Otostegia sogdiana Kudr.,Synonym,Moluccella sogdiana,(Kudr.) Ryding,Lamiaceae,Moluccella,Species,77112832-1,exact_name_unique
Oxygraphis glacialis (Fisch. ex DC.) Bunge,Oxygraphis glacialis (Fisch. ex DC.) Bunge,Accepted,Oxygraphis glacialis,(Fisch. ex DC.) Bunge,Ranunculaceae,Oxygraphis,Species,711719-1,name_multi_author_ok
Oxyria digyna (L.) Hill,Oxyria digyna (L.) Hill,Accepted,Oxyria digyna,(L.) Hill,Polygonaceae,Oxyria,Species,694858-1,exact_full
Oxytropis albovillosa B. Fedtsch.,Oxytropis albovillosa B.Fedtsch.,Accepted,Oxytropis albovillosa,B.Fedtsch.,Fabaceae,Oxytropis,Species,511258-1,exact_full
Oxytropis anaulgensis Pavlov,Oxytropis anaulgensis Pavlov,Accepted,Oxytropis anaulgensis,Pavlov,Fabaceae,Oxytropis,Species,511278-1,exact_full
Oxytropis arassanica Gontsch. ex Vassilcz. & B. Fedtsch.,Oxytropis arassanica Gontsch.,Accepted,Oxytropis arassanica,Gontsch.,Fabaceae,Oxytropis,Species,511285-1,exact_name_unique
Oxytropis aspera Gontsch. ex Vassilcz. & B. Fedtsch.,Oxytropis aspera Gontsch.,Accepted,Oxytropis aspera,Gontsch.,Fabaceae,Oxytropis,Species,511302-1,exact_name_unique
Oxytropis aulieatensis Vved. ex Vassilcz. & B. Fedtsch.,Oxytropis aulieatensis Vved.,Accepted,Oxytropis aulieatensis,Vved.,Fabaceae,Oxytropis,Species,511307-1,exact_name_unique
Oxytropis babatagi Abdusal.,Oxytropis babatagi Abdusal.,Accepted,Oxytropis babatagi,Abdusal.,Fabaceae,Oxytropis,Species,896120-1,exact_full
Oxytropis baissunensis Vassilcz.,Oxytropis baissunensis Vassilcz.,Accepted,Oxytropis baissunensis,Vassilcz.,Fabaceae,Oxytropis,Species,511315-1,exact_full
Oxytropis baldshuanica B. Fedtsch.,Oxytropis baldshuanica B.Fedtsch.,Accepted,Oxytropis baldshuanica,B.Fedtsch.,Fabaceae,Oxytropis,Species,511316-1,exact_full
Oxytropis caespitosula Gontsch. ex Vassilcz. & B. Fedtsch.,Oxytropis caespitosula Gontsch.,Accepted,Oxytropis caespitosula,Gontsch.,Fabaceae,Oxytropis,Species,511354-1,exact_name_unique
Oxytropis canopatula Vassilcz.,Oxytropis canopatula Vassilcz.,Accepted,Oxytropis canopatula,Vassilcz.,Fabaceae,Oxytropis,Species,511361-1,exact_full
Oxytropis capusii Franch.,Oxytropis capusii Franch.,Accepted,Oxytropis capusii,Franch.,Fabaceae,Oxytropis,Species,511362-1,exact_full
Oxytropis chesneyoides Gontsch.,Oxytropis chesneyoides Gontsch.,Accepted,Oxytropis chesneyoides,Gontsch.,Fabaceae,Oxytropis,Species,511381-1,exact_full
Oxytropis crassiuscula Boriss.,Oxytropis crassiuscula Boriss.,Accepted,Oxytropis crassiuscula,Boriss.,Fabaceae,Oxytropis,Species,511404-1,exact_full
Oxytropis didymophysa Bunge,Oxytropis didymophysa Bunge,Accepted,Oxytropis didymophysa,Bunge,Fabaceae,Oxytropis,Species,511429-1,exact_full
Oxytropis fedtschenkoana Vassilcz.,Oxytropis fedtschenkoana Vassilcz.,Accepted,Oxytropis fedtschenkoana,Vassilcz.,Fabaceae,Oxytropis,Species,511454-1,exact_full
Oxytropis fedtschenkoi Vassilcz.,Oxytropis fedtschenkoi Vassilcz.,Accepted,Oxytropis fedtschenkoi,Vassilcz.,Fabaceae,Oxytropis,Species,511455-1,exact_full
Oxytropis glabra (Lam.) DC.,Oxytropis glabra DC.,Accepted,Oxytropis glabra,DC.,Fabaceae,Oxytropis,Species,511482-1,exact_name_unique
Oxytropis gymnogyna Bunge,Oxytropis gymnogyne Bunge,Accepted,Oxytropis gymnogyne,Bunge,Fabaceae,Oxytropis,Species,511510-1,canon_exact
Oxytropis humifusa Kar. & Kir.,Oxytropis humifusa Kar. & Kir.,Accepted,Oxytropis humifusa,Kar. & Kir.,Fabaceae,Oxytropis,Species,511533-1,exact_full
Oxytropis immersa (Baker ex Aitch.) Bunge ex B. Fedtsch.,Oxytropis immersa (Baker) Bunge ex Lipsky,Accepted,Oxytropis immersa,(Baker) Bunge ex Lipsky,Fabaceae,Oxytropis,Species,511542-1,exact_name_unique
Oxytropis integripetala Bunge,Oxytropis integripetala Bunge,Accepted,Oxytropis integripetala,Bunge,Fabaceae,Oxytropis,Species,511551-1,exact_full
Oxytropis iskanderica B. Fedtsch.,Oxytropis iskanderica B.Fedtsch.,Accepted,Oxytropis iskanderica,B.Fedtsch.,Fabaceae,Oxytropis,Species,986491-1,exact_full
Oxytropis jucunda Vved. ex Vassilcz. & B. Fedtsch.,Oxytropis jucunda Vved.,Accepted,Oxytropis jucunda,Vved.,Fabaceae,Oxytropis,Species,511565-1,exact_name_unique
Oxytropis kamelinii Vassilcz.,Oxytropis kamelinii Vassilcz.,Accepted,Oxytropis kamelinii,Vassilcz.,Fabaceae,Oxytropis,Species,511567-1,exact_full
Oxytropis kuramensis Abdusal.,Oxytropis kuramensis Abdusal.,Accepted,Oxytropis kuramensis,Abdusal.,Fabaceae,Oxytropis,Species,896122-1,exact_full
Oxytropis lasiocarpa Gontsch.,Oxytropis lasiocarpa Gontsch.,Accepted,Oxytropis lasiocarpa,Gontsch.,Fabaceae,Oxytropis,Species,986909-1,exact_full
Oxytropis lehmannii Bunge,Oxytropis lehmannii Bunge,Accepted,Oxytropis lehmannii,Bunge,Fabaceae,Oxytropis,Species,511620-1,exact_full
Oxytropis leptophysa Bunge,Oxytropis leptophysa Bunge,Accepted,Oxytropis leptophysa,Bunge,Fabaceae,Oxytropis,Species,511622-1,exact_full
Oxytropis leucocyanea Bunge,Oxytropis leucocyanea Bunge,Accepted,Oxytropis leucocyanea,Bunge,Fabaceae,Oxytropis,Species,511625-1,exact_full
Oxytropis lipskyi Gontsch.,Oxytropis lipskyi Gontsch.,Accepted,Oxytropis lipskyi,Gontsch.,Fabaceae,Oxytropis,Species,511633-1,exact_full
Oxytropis lithophila Vassilcz.,Oxytropis lithophila Vassilcz.,Accepted,Oxytropis lithophila,Vassilcz.,Fabaceae,Oxytropis,Species,511634-1,exact_full
Oxytropis litwinowii B. Fedtsch.,Oxytropis litwinowii B.Fedtsch.,Accepted,Oxytropis litwinowii,B.Fedtsch.,Fabaceae,Oxytropis,Species,511636-1,exact_full
Oxytropis macrocarpa Kar. & Kir.,Oxytropis macrocarpa Kar. & Kir.,Accepted,Oxytropis macrocarpa,Kar. & Kir.,Fabaceae,Oxytropis,Species,511654-1,exact_full
Oxytropis macrodonta Gontsch.,Oxytropis macrodonta Gontsch.,Accepted,Oxytropis macrodonta,Gontsch.,Fabaceae,Oxytropis,Species,511655-1,exact_full
Oxytropis maidantalensis B. Fedtsch.,Oxytropis maidantalensis B.Fedtsch.,Accepted,Oxytropis maidantalensis,B.Fedtsch.,Fabaceae,Oxytropis,Species,511660-1,exact_full
Oxytropis megalorrhyncha Nevski,Oxytropis megalorrhyncha Nevski,Accepted,Oxytropis megalorrhyncha,Nevski,Fabaceae,Oxytropis,Species,511672-1,exact_full
Oxytropis michelsonii B. Fedtsch.,Oxytropis michelsonii B.Fedtsch.,Accepted,Oxytropis michelsonii,B.Fedtsch.,Fabaceae,Oxytropis,Species,986489-1,exact_full
Oxytropis microcarpa Gontsch. ex Vassilcz. & B. Fedtsch.,Oxytropis microcarpa Gontsch.,Accepted,Oxytropis microcarpa,Gontsch.,Fabaceae,Oxytropis,Species,511683-1,exact_name_unique
Oxytropis microsphaera Bunge,Oxytropis microsphaera Bunge,Accepted,Oxytropis microsphaera,Bunge,Fabaceae,Oxytropis,Species,511688-1,exact_full
Oxytropis nikolai Filim. & Abdusal.,Oxytropis nikolai Filim. & Abduss.,Accepted,Oxytropis nikolai,Filim. & Abduss.,Fabaceae,Oxytropis,Species,907489-1,exact_name_unique
Oxytropis ornata Vassilcz.,Oxytropis ornata Vassilcz.,Accepted,Oxytropis ornata,Vassilcz.,Fabaceae,Oxytropis,Species,511742-1,exact_full
Oxytropis pamiroalaica Abdusal.,Oxytropis pamiroalajca Abdusal.,Accepted,Oxytropis pamiroalajca,Abdusal.,Fabaceae,Oxytropis,Species,512000-1,canon_exact
Oxytropis pilosissima Vved. ex Vassilcz. & B. Fedtsch.,Oxytropis pilosissima Vved.,Accepted,Oxytropis pilosissima,Vved.,Fabaceae,Oxytropis,Species,511775-1,exact_name_unique
Oxytropis platonychia Bunge,Oxytropis platonychia Bunge,Accepted,Oxytropis platonychia,Bunge,Fabaceae,Oxytropis,Species,511778-1,exact_full
Oxytropis poncinsii Franch.,Oxytropis poncinsii Franch.,Accepted,Oxytropis poncinsii,Franch.,Fabaceae,Oxytropis,Species,511788-1,exact_full
Oxytropis pseudoleptophysa Boriss.,Oxytropis pseudoleptophysa Boriss.,Accepted,Oxytropis pseudoleptophysa,Boriss.,Fabaceae,Oxytropis,Species,511803-1,exact_full
Oxytropis pseudorosea Filim.,Oxytropis pseudorosea Filim.,Accepted,Oxytropis pseudorosea,Filim.,Fabaceae,Oxytropis,Species,900447-1,exact_full
Oxytropis riparia Litv.,Oxytropis riparia Litv.,Synonym,Oxytropis glabra,DC.,Fabaceae,Oxytropis,Species,511482-1,exact_full
Oxytropis rosea Bunge,Oxytropis rosea Bunge,Accepted,Oxytropis rosea,Bunge,Fabaceae,Oxytropis,Species,511834-1,exact_full
Oxytropis savellanica Bunge,Oxytropis savellanica Bunge ex Boiss.,Accepted,Oxytropis savellanica,Bunge ex Boiss.,Fabaceae,Oxytropis,Species,511854-1,exact_name_unique
Oxytropis schachimardanica Filim.,Oxytropis schachimardanica Filim.,Accepted,Oxytropis schachimardanica,Filim.,Fabaceae,Oxytropis,Species,1004033-1,exact_full
Oxytropis seravschanica Gontsch. ex Vassilcz. & B. Fedtsch.,Oxytropis seravschanica Gontsch.,Accepted,Oxytropis seravschanica,Gontsch.,Fabaceae,Oxytropis,Species,511866-1,exact_name_unique
Oxytropis sewerzowii Bunge,Oxytropis sewerzowii Bunge,Accepted,Oxytropis sewerzowii,Bunge,Fabaceae,Oxytropis,Species,511872-1,exact_full
Oxytropis submutica Bunge,Oxytropis submutica Bunge,Accepted,Oxytropis submutica,Bunge,Fabaceae,Oxytropis,Species,511899-1,exact_full
Oxytropis tachtensis Franch.,Oxytropis tachtensis Franch.,Accepted,Oxytropis tachtensis,Franch.,Fabaceae,Oxytropis,Species,511912-1,exact_full
Oxytropis terekensis B. Fedtsch.,Oxytropis terekensis B.Fedtsch.,Accepted,Oxytropis terekensis,B.Fedtsch.,Fabaceae,Oxytropis,Species,511926-1,exact_full
Oxytropis tianschanica Bunge,Oxytropis tianschanica Bunge,Accepted,Oxytropis tianschanica,Bunge,Fabaceae,Oxytropis,Species,511933-1,exact_full
Oxytropis trichocalycina Bunge,Oxytropis trichocalycina Bunge ex Boiss.,Accepted,Oxytropis trichocalycina,Bunge ex Boiss.,Fabaceae,Oxytropis,Species,511946-1,exact_name_unique
Oxytropis tschimgamica Gontsch.,Oxytropis tschimganica Gontsch.,Accepted,Oxytropis tschimganica,Gontsch.,Fabaceae,Oxytropis,Species,511953-1,canon_fuzzy1
Oxytropis tyttantha Gontsch.,Oxytropis tyttantha Gontsch.,Accepted,Oxytropis tyttantha,Gontsch.,Fabaceae,Oxytropis,Species,986912-1,exact_full
Oxytropis ugamensis Vassilcz.,Oxytropis ugamensis Vassilcz.,Accepted,Oxytropis ugamensis,Vassilcz.,Fabaceae,Oxytropis,Species,511960-1,exact_full
Oxytropis ugamica Gontsch.,Oxytropis ugamica Gontsch.,Accepted,Oxytropis ugamica,Gontsch.,Fabaceae,Oxytropis,Species,511961-1,exact_full
Oxytropis vvedenskyi Filim.,Oxytropis vvedenskyi Filim.,Accepted,Oxytropis vvedenskyi,Filim.,Fabaceae,Oxytropis,Species,900449-1,exact_full
Paeonia hybrida Pall.,Paeonia hybrida Pall.,Synonym,Paeonia tenuifolia,L.,Paeoniaceae,Paeonia,Species,711880-1,exact_full
Papaver croceum Ledeb.,Papaver croceum Ledeb.,Synonym,Oreomecon crocea,"(Ledeb.) Banfi, Bartolucci, J.-M.Tison & Galasso",Papaveraceae,Oreomecon,Species,77307942-1,exact_full
Papaver litwinowii Fedde ex Bornm.,Papaver litwinowii Fedde ex Popov,Synonym,Papaver laevigatum,M.Bieb.,Papaveraceae,Papaver,Species,673572-1,exact_name_unique
Papaver pavoninum C.A. Mey.,Papaver pavoninum Schrenk,Synonym,Roemeria pavonina,"(Schrenk) Banfi, Bartolucci, J.-M.Tison & Galasso",Papaveraceae,Roemeria,Species,77307935-1,distribution_resolved
Papaver tianschanicum Popov,Papaver tianschanicum Popov,Synonym,Oreomecon tianschanica,"(Popov) Galasso, Banfi & Bartolucci",Papaveraceae,Oreomecon,Species,77332871-1,ambiguous_same_target
Paracaryum emiri Popov,Paracaryum emiri Popov,Synonym,Paracaryum himalayense,(Klotzsch) C.B.Clarke,Boraginaceae,Paracaryum,Species,120053-1,exact_full
Paracaryum glochidiatum (Bunge) Riedl.,Paracaryum glochidiatum (Bunge) Riedl,Illegitimate,Microparacaryum intermedium f. intermedium,"",Boraginaceae,Microparacaryum,Form,77223646-1,distribution_resolved
Paracaryum himalayense (Klotzsch) C.B. Clarke,Paracaryum himalayense (Klotzsch) C.B.Clarke,Accepted,Paracaryum himalayense,(Klotzsch) C.B.Clarke,Boraginaceae,Paracaryum,Species,120053-1,exact_full
Paracaryum physodes (Bunge) Riedl.,Paracaryum physodes (Bunge) Riedl,Synonym,Microparacaryum intermedium f. intermedium,"",Boraginaceae,Microparacaryum,Form,77223646-1,exact_name_unique
Paraligusticum discolor (Ledeb.) V.N. Tikhom.,Paraligusticum discolor (Ledeb.) V.N.Tikhom.,Accepted,Paraligusticum discolor,(Ledeb.) V.N.Tikhom.,Apiaceae,Paraligusticum,Species,845642-1,exact_full
Paramicrorhynchus procumbens (Roxb.) Kipr.,Paramicrorhynchus procumbens (Roxb.) Kirp.,Synonym,Launaea procumbens,(Roxb.) Ramayya & Rajagopal,Asteraceae,Launaea,Species,229046-1,exact_name_unique
Parapholis incurva (L.) C.E. Hubb.,Parapholis incurva (L.) C.E.Hubb.,Accepted,Parapholis incurva,(L.) C.E.Hubb.,Poaceae,Parapholis,Species,413701-1,exact_full
Paraquilegia caespitosa (Boiss. & Hohen.) J.R. Drumm. & Hutch.,Paraquilegia caespitosa (Boiss. & Hohen.) J.R.Drumm. & Hutch.,Accepted,Paraquilegia caespitosa,(Boiss. & Hohen.) J.R.Drumm. & Hutch.,Ranunculaceae,Paraquilegia,Species,711898-1,exact_full
Parentucellia flaviflora (Boiss.) Nevski,Parentucellia flaviflora (Boiss.) Nevski,Accepted,Parentucellia flaviflora,(Boiss.) Nevski,Orobanchaceae,Parentucellia,Species,806701-1,exact_full
Parietaria judaica L.,Parietaria judaica L.,Accepted,Parietaria judaica,L.,Urticaceae,Parietaria,Species,854934-1,exact_full
Parietaria micrantha Ledeb.,Parietaria micrantha Ledeb.,Synonym,Parietaria debilis,G.Forst.,Urticaceae,Parietaria,Species,854908-1,exact_full
Parietaria serbica Panćić,Parietaria serbica Pančić,Accepted,Parietaria serbica,Pančić,Urticaceae,Parietaria,Species,854983-1,exact_name_unique
Parnassia laxmannii Pall. ex Schult.,Parnassia laxmannii Pall. ex Schult.,Accepted,Parnassia laxmannii,Pall. ex Schult.,Celastraceae,Parnassia,Species,792097-1,exact_full
Parnassia palustris L.,Parnassia palustris L.,Accepted,Parnassia palustris,L.,Celastraceae,Parnassia,Species,792120-1,exact_full
Paropyrum anemonoides (Kar. & Kir.) O.E. Ulbr.,Paropyrum anemonoides (Kar. & Kir.) Ulbr.,Accepted,Paropyrum anemonoides,(Kar. & Kir.) Ulbr.,Ranunculaceae,Paropyrum,Species,711906-1,exact_name_unique
Parrya albida Popov,Parrya albida Popov,Accepted,Parrya albida,Popov,Brassicaceae,Parrya,Species,287948-1,exact_full
Parrya angrenica Botsch. & Vved.,Parrya angrenica Botsch. & Vved.,Synonym,Parrya albida,Popov,Brassicaceae,Parrya,Species,287948-1,exact_full
Parrya asperrima (B. Fedtsch.) Popov,Parrya asperrima (B.Fedtsch.) Popov,Accepted,Parrya asperrima,(B.Fedtsch.) Popov,Brassicaceae,Parrya,Species,287954-1,exact_full
Parrya fruticulosa Regel & Schmalh.,Parrya fruticulosa Regel & Schmalh.,Accepted,Parrya fruticulosa,Regel & Schmalh.,Brassicaceae,Parrya,Species,287973-1,exact_full
Parrya gracillima (Popov ex Botsch. & Vved.) D.A. German & Al-Shehbaz,Parrya gracillima (Popov ex Botsch. & Vved.) D.A.German & Al-Shehbaz,Accepted,Parrya gracillima,(Popov ex Botsch. & Vved.) D.A.German & Al-Shehbaz,Brassicaceae,Parrya,Species,77128838-1,exact_full
Parrya hispida (Regel) D.A. German & Al-Shehbaz,Parrya hispida (Regel) D.A.German & Al-Shehbaz,Accepted,Parrya hispida,(Regel) D.A.German & Al-Shehbaz,Brassicaceae,Parrya,Species,77128839-1,exact_full
Parrya khorasanica (Rech.f. & Aellen) D.A. German & Al-Shehbaz,Parrya khorasanica (Rech.f. & Aellen) D.A.German,Accepted,Parrya khorasanica,(Rech.f. & Aellen) D.A.German,Brassicaceae,Parrya,Species,77141798-1,exact_name_unique
Parrya kuramensis Botsch.,Parrya kuramensis Botsch.,Accepted,Parrya kuramensis,Botsch.,Brassicaceae,Parrya,Species,287980-1,exact_full
Parrya maidantalica Popov & Baran.,Parrya maidantalica Popov & P.A.Baranov,Accepted,Parrya maidantalica,Popov & P.A.Baranov,Brassicaceae,Parrya,Species,287987-1,exact_name_unique
Parrya mollissima (Lipsky) D.A. German & Al-Shehbaz,Parrya mollissima (Lipsky) D.A.German & Al-Shehbaz,Accepted,Parrya mollissima,(Lipsky) D.A.German & Al-Shehbaz,Brassicaceae,Parrya,Species,77128842-1,exact_full
Parrya nuratensis Botsch. & Vved.,Parrya nuratensis Botsch. & Vved.,Accepted,Parrya nuratensis,Botsch. & Vved.,Brassicaceae,Parrya,Species,978249-1,exact_full
Parrya olgae (Regel & Schmalh.) D.A. German & Al-Shehbaz,Parrya olgae (Regel & Schmalh.) D.A.German & Al-Shehbaz,Accepted,Parrya olgae,(Regel & Schmalh.) D.A.German & Al-Shehbaz,Brassicaceae,Parrya,Species,77128843-1,exact_full
Parrya pinnatifida Kar. & Kir. (Neuroloma botschantzevii Pachom.),Parrya pinnatifida Kar. & Kir.,Accepted,Parrya pinnatifida,Kar. & Kir.,Brassicaceae,Parrya,Species,287999-1,exact_name_unique
Parrya pjataevae (Pachom.) D.A. German & Al-Shehbaz,Parrya pjataevae (Pachom.) D.A.German & Al-Shehbaz,Accepted,Parrya pjataevae,(Pachom.) D.A.German & Al-Shehbaz,Brassicaceae,Parrya,Species,77128846-1,exact_full
Parrya pulvinata Popov,Parrya pulvinata Popov,Accepted,Parrya pulvinata,Popov,Brassicaceae,Parrya,Species,288004-1,exact_full
Parrya sarawschanica (Regel & Schmalh.) D.A. German & Al-Shehbaz,Parrya sarawschanica (Regel & Schmalh.) D.A.German & Al-Shehbaz,Accepted,Parrya sarawschanica,(Regel & Schmalh.) D.A.German & Al-Shehbaz,Brassicaceae,Parrya,Species,77128849-1,exact_full
Parrya saxifraga Botsch. & Vved.,Parrya saxifraga Botsch. & Vved.,Accepted,Parrya saxifraga,Botsch. & Vved.,Brassicaceae,Parrya,Species,978250-1,exact_full
Parrya stenocarpa Kar. & Kir.,Parrya stenocarpa Kar. & Kir.,Accepted,Parrya stenocarpa,Kar. & Kir.,Brassicaceae,Parrya,Species,288015-1,exact_full
Parrya tojibaevii D.A.German & Madaminov,Parrya tojibaevii D.A.German & Madaminov,Accepted,Parrya tojibaevii,D.A.German & Madaminov,Brassicaceae,Parrya,Species,77334280-1,exact_full
Parrya tschimgamica (Popov ex Botsch. & Vved.) D.A. German & Al-Shehbaz,Parrya tschimganica (Popov ex Botsch. & Vved.) D.A.German & Al-Shehbaz,Accepted,Parrya tschimganica,(Popov ex Botsch. & Vved.) D.A.German & Al-Shehbaz,Brassicaceae,Parrya,Species,77128850-1,canon_fuzzy1
Paspalum dilatatum Poir.,Paspalum dilatatum Poir.,Accepted,Paspalum dilatatum,Poir.,Poaceae,Paspalum,Species,414070-1,exact_full
Paulia ovczinnikovii Korovin,Paulia ovczinnikovii Korovin,Synonym,Paulita ovczinnikovii,(Korovin) Soják,Apiaceae,Paulita,Species,911043-1,exact_full
Pedicularis alaica A.D. Li,Pedicularis alaica A.D.Li,Accepted,Pedicularis alaica,A.D.Li,Orobanchaceae,Pedicularis,Species,934227-1,exact_full
Pedicularis alatavica Stadlm. ex Vved.,Pedicularis alatavica Stadlm. ex Vved.,Accepted,Pedicularis alatavica,Stadlm. ex Vved.,Orobanchaceae,Pedicularis,Species,806750-1,exact_full
Pedicularis allorrhampha Vved.,Pedicularis allorrhampha Vved.,Accepted,Pedicularis allorrhampha,Vved.,Orobanchaceae,Pedicularis,Species,806758-1,exact_full
Pedicularis dolichorhiza Schrenk,Pedicularis dolichorrhiza Schrenk,Accepted,Pedicularis dolichorrhiza,Schrenk,Orobanchaceae,Pedicularis,Species,806996-1,canon_exact
Pedicularis dubia B. Fedtsch.,Pedicularis dubia B.Fedtsch.,Accepted,Pedicularis dubia,B.Fedtsch.,Orobanchaceae,Pedicularis,Species,807001-1,exact_full
Pedicularis grandis Popov,Pedicularis grandis Popov,Synonym,Pedicularis dolichorrhiza,Schrenk,Orobanchaceae,Pedicularis,Species,806996-1,exact_full
Pedicularis inconspicua Vved.,Pedicularis inconspicua Vved.,Illegitimate,Pedicularis multicolor,"W.Jun Li, K.Y.Guan, Abduraimov & Y.Feng",Orobanchaceae,Pedicularis,Species,77208979-1,name_multi_author_ok
Pedicularis korolkovii Regel,Pedicularis korolkowii Regel,Accepted,Pedicularis korolkowii,Regel,Orobanchaceae,Pedicularis,Species,807226-1,canon_exact
Pedicularis krylovii Bonati,Pedicularis krylowii Bonati,Accepted,Pedicularis krylowii,Bonati,Orobanchaceae,Pedicularis,Species,807228-1,canon_exact
Pedicularis olgae Regel,Pedicularis olgae Regel,Accepted,Pedicularis olgae,Regel,Orobanchaceae,Pedicularis,Species,807416-1,exact_full
Pedicularis peduncularis Popov,Pedicularis peduncularis Popov,Synonym,Pedicularis elephas,Boiss.,Orobanchaceae,Pedicularis,Species,807013-1,exact_full
Pedicularis popovii Vved.,Pedicularis popovii Vved.,Accepted,Pedicularis popovii,Vved.,Orobanchaceae,Pedicularis,Species,807486-1,exact_full
Pedicularis rhinanthoides Schrenk,Pedicularis rhinanthoides Schrenk ex Fisch. & C.A.Mey.,Accepted,Pedicularis rhinanthoides,Schrenk ex Fisch. & C.A.Mey.,Orobanchaceae,Pedicularis,Species,807564-1,distribution_resolved
Pedicularis sarawschanica Regel,Pedicularis sarawschanica Regel,Accepted,Pedicularis sarawschanica,Regel,Orobanchaceae,Pedicularis,Species,807608-1,exact_full
Pedicularis talassica Vved.,Pedicularis talassica Vved.,Accepted,Pedicularis talassica,Vved.,Orobanchaceae,Pedicularis,Species,807699-1,exact_full
Pedicularis violascens Schrenk,Pedicularis violascens Schrenk,Accepted,Pedicularis violascens,Schrenk,Orobanchaceae,Pedicularis,Species,807794-1,exact_full
Pedicularis waldheimii Bonati,Pedicularis waldheimii Bonati,Accepted,Pedicularis waldheimii,Bonati,Orobanchaceae,Pedicularis,Species,807798-1,exact_full
Peganum harmala L.,Peganum harmala L.,Accepted,Peganum harmala,L.,Nitrariaceae,Peganum,Species,774545-1,exact_full
Pennisetum flaccidum Griseb.,Pennisetum flaccidum Griseb.,Synonym,Cenchrus flaccidus,(Griseb.) Morrone,Poaceae,Cenchrus,Species,77105997-1,exact_full
Pentanema divaricatum Cass.,Pentanema divaricatum Cass.,Accepted,Pentanema divaricatum,Cass.,Asteraceae,Pentanema,Species,236779-1,exact_full
Pentaphylloides parvifolia (Fisch. ex Lehm.) Soják,Pentaphylloides parvifolia (Fisch. ex Lehm.) Soják,Synonym,Dasiphora parvifolia,(Fisch. ex Lehm.) Juz.,Rosaceae,Dasiphora,Species,724598-1,exact_full
Pentatherum agrostidiforme (Roshev.) Nevski,Pentatherum agrostidiforme (Roshev.) Nevski,Synonym,Agrostis olympica subsp. agrostidiformis,(Roshev.) Tzvelev,Poaceae,Agrostis,Subspecies,881368-1,exact_full
Pentatherum angrenicum Butkov,Pentatherum angrenicum Butkov,Synonym,Agrostis angrenica,(Butkov) Tzvelev,Poaceae,Agrostis,Species,385416-1,exact_full
Pentatherum hissaricum Nevski,Pentatherum hissaricum (Nevski) Nevski ex Kom.,Synonym,Agrostis nevskii,Tzvelev,Poaceae,Agrostis,Species,386059-1,exact_name_unique
Perovskia angustifolia Kudrjasch.,Perovskia angustifolia Kudr.,Synonym,Salvia karelinii,J.B.Walker,Lamiaceae,Salvia,Species,77161662-1,exact_name_unique
Perovskia botschantzevii Kovalevsk. & Koczk.,Perovskia botschantzevii Kovalevsk. & Kochk.,Synonym,Salvia pobedimovae,J.G.González,Lamiaceae,Salvia,Species,77161665-1,exact_name_unique
Perovskia kudrjaschevii Gorschk. & Pjataeva,Perovskia kudrjaschevii Gorschk. & Pjataeva,Synonym,Salvia kudrjaschevii,(Gorschk. & Pjataeva) Sytsma,Lamiaceae,Salvia,Species,77161664-1,exact_full
Perovskia scrophulariefolia Bunge,Perovskia scrophulariifolia Bunge,Synonym,Salvia scrophulariifolia,(Bunge) B.T.Drew,Lamiaceae,Salvia,Species,77161666-1,canon_fuzzy1
Persicaria amphybia (L.) S.F. Gray,Persicaria amphibia (L.) Delarbre,Accepted,Persicaria amphibia,(L.) Delarbre,Polygonaceae,Persicaria,Species,30193627-2,manual_alias
Persicaria hydropiper (L.) Spach,Persicaria hydropiper (L.) Delarbre,Accepted,Persicaria hydropiper,(L.) Delarbre,Polygonaceae,Persicaria,Species,77069479-1,exact_name_unique
Persicaria lapathifolia (L.) S.F. Gray,Persicaria lapathifolia (L.) Delarbre,Accepted,Persicaria lapathifolia,(L.) Delarbre,Polygonaceae,Persicaria,Species,77069480-1,exact_name_unique
Persicaria maculata (Rafin.) A. & D. Löve,Persicaria maculata (Sibth.) Gray,Synonym,Persicaria lapathifolia,(L.) Delarbre,Polygonaceae,Persicaria,Species,77069480-1,distribution_resolved
Persicaria minor (Huds.) Opiz,Persicaria minor (Huds.) Opiz,Accepted,Persicaria minor,(Huds.) Opiz,Polygonaceae,Persicaria,Species,157828-3,exact_full
Petatistes spurius (Retz.) Reichend.,Petasites spurius (Retz.) Rchb.,Accepted,Petasites spurius,(Retz.) Rchb.,Asteraceae,Petasites,Species,237410-1,manual_alias
Petilium eduardii (Regel) Vved.,Petilium eduardii (Regel) Vved.,Synonym,Fritillaria eduardii,A.Regel ex Regel,Liliaceae,Fritillaria,Species,535120-1,exact_full
Petrorhagia alpina (Hablitz) P.W. Ball & Heywood,Petrorhagia alpina (Hablitz) P.W.Ball & Heywood,Synonym,Dianthus recticaulis,Ledeb.,Caryophyllaceae,Dianthus,Species,153798-1,exact_full
Petroselinum crispum (Mill.) A.W. Hill,Petroselinum crispum (Mill.) Fuss,Accepted,Petroselinum crispum,(Mill.) Fuss,Apiaceae,Petroselinum,Species,60442790-2,exact_name_unique
Petrosimonia sibirica (Pall.) Bunge,Petrosimonia sibirica (Pall.) Bunge,Accepted,Petrosimonia sibirica,(Pall.) Bunge,Amaranthaceae,Petrosimonia,Species,166374-1,exact_full
Petrosimonia squarrosa (Schrenk) Bunge,Petrosimonia squarrosa (Schrenk) Bunge,Accepted,Petrosimonia squarrosa,(Schrenk) Bunge,Amaranthaceae,Petrosimonia,Species,166375-1,exact_full
Phacelia tanacetifolia Benth.,Phacelia tanacetifolia Benth.,Accepted,Phacelia tanacetifolia,Benth.,Boraginaceae,Phacelia,Species,432789-1,exact_full
Phaecasium pulchrum (L.) Reich. f.,Phaecasium pulchrum (L.) Rchb.f.,Synonym,Crepis pulchra,L.,Asteraceae,Crepis,Species,200177-1,exact_name_unique
Phalaris minor Retz.,Phalaris minor Retz.,Accepted,Phalaris minor,Retz.,Poaceae,Phalaris,Species,415632-1,exact_full
Phalaroides arundinacea (L.) Rauschert,Phalaroides arundinacea (L.) Rauschert,Synonym,Phalaris arundinacea,L.,Poaceae,Phalaris,Species,415571-1,exact_full
Phelipanche aegyptiaca (Pers.) Pom.,Phelipanche aegyptiaca (Pers.) Pomel,Synonym,Orobanche aegyptiaca,Pers.,Orobanchaceae,Orobanche,Species,662086-1,exact_name_unique
Phelipanche coelestis (Reut.) Soják,Phelipanche coelestis (Reut.) Soják,Synonym,Orobanche coelestis,(Reut.) Boiss. & Reut. ex Beck,Orobanchaceae,Orobanche,Species,662245-1,exact_full
Phelipanche orientalis (Beck) Soják,Phelipanche orientalis (Beck) Soják,Synonym,Orobanche libanotica,(Schweinf. ex Boiss.) Beck,Orobanchaceae,Orobanche,Species,662480-1,exact_full
Phelipanche pallens (Bunge) Soják,Phelipanche pallens (Bunge ex Ledeb.) Soják,Synonym,Orobanche uralensis,Beck,Orobanchaceae,Orobanche,Species,50993248-1,exact_name_unique
Phelipanche ramosa (L.) Pomel,Phelipanche ramosa (L.) Pomel,Synonym,Orobanche ramosa,L.,Orobanchaceae,Orobanche,Species,662640-1,exact_full
Phleum alpinum L.,Phleum alpinum L.,Accepted,Phleum alpinum,L.,Poaceae,Phleum,Species,415775-1,exact_full
Phleum graecum Boiss. & Heldr.,Phleum graecum Boiss. & Heldr.,Synonym,Phleum exaratum,Griseb.,Poaceae,Phleum,Species,415814-1,name_multi_author_ok
Phleum paniculatum Huds.,Phleum paniculatum Huds.,Accepted,Phleum paniculatum,Huds.,Poaceae,Phleum,Species,415858-1,exact_full
Phleum phleoides (L.) Karst.,Phleum phleoides (L.) H.Karst.,Accepted,Phleum phleoides,(L.) H.Karst.,Poaceae,Phleum,Species,415866-1,exact_name_unique
Phleum pratense L.,Phleum pratense L.,Accepted,Phleum pratense,L.,Poaceae,Phleum,Species,415868-1,exact_full
Phleum roshevitzii Pavlov,Phleum roshevitzii Pavlov,Synonym,Phleum pratense,L.,Poaceae,Phleum,Species,415868-1,exact_full
Phlomidoschema parviflorum (Benth.) Vved.,Phlomidoschema parviflorum (Benth.) Vved.,Accepted,Phlomidoschema parviflorum,(Benth.) Vved.,Lamiaceae,Phlomidoschema,Species,453773-1,exact_full
Phlomis betonicifolia Regel,Phlomis betonicifolia Regel,Synonym,Phlomoides betonicoides,(Diels) Kamelin & Makhm.,Lamiaceae,Phlomoides,Species,947719-1,exact_full
Phlomis bucharica Regel,Phlomis bucharica Regel,Accepted,Phlomis bucharica,Regel,Lamiaceae,Phlomis,Species,453827-1,exact_full
Phlomis cyclodon Knorring,Phlomis cyclodon Knorring,Accepted,Phlomis cyclodon,Knorring,Lamiaceae,Phlomis,Species,453864-1,exact_full
Phlomis drobovii Popov & Vved.,Phlomis drobovii Popov,Accepted,Phlomis drobovii,Popov,Lamiaceae,Phlomis,Species,453877-1,exact_name_unique
Phlomis fruticetorum Gontsch.,Phlomis fruticetorum Gontsch.,Accepted,Phlomis fruticetorum,Gontsch.,Lamiaceae,Phlomis,Species,77150306-1,exact_full
Phlomis hypoleuca Vved.,Phlomis hypoleuca Vved.,Accepted,Phlomis hypoleuca,Vved.,Lamiaceae,Phlomis,Species,453913-1,exact_full
Phlomis linearifolia Zakirov,Phlomis linearifolia Zakirov,Accepted,Phlomis linearifolia,Zakirov,Lamiaceae,Phlomis,Species,453948-1,exact_full
Phlomis nubilans Zakirov,Phlomis nubilans Zakirov,Accepted,Phlomis nubilans,Zakirov,Lamiaceae,Phlomis,Species,453990-1,exact_full
Phlomis olgae Regel,Phlomis olgae Regel,Accepted,Phlomis olgae,Regel,Lamiaceae,Phlomis,Species,453999-1,exact_full
Phlomis oreophyla Kar. & Kir.,Phlomis oreophila Kar. & Kir.,Synonym,Phlomoides oreophila,"(Kar. & Kir.) Adylov, Kamelin & Makhm.",Lamiaceae,Phlomoides,Species,945053-1,canon_exact
Phlomis regelii Popov,Phlomis regelii Popov,Accepted,Phlomis regelii,Popov,Lamiaceae,Phlomis,Species,454036-1,exact_full
Phlomis salicifolia Regel,Phlomis salicifolia Regel,Accepted,Phlomis salicifolia,Regel,Lamiaceae,Phlomis,Species,454049-1,exact_full
Phlomis sewerzowii Regel,Phlomis sewerzowii Regel,Accepted,Phlomis sewerzowii,Regel,Lamiaceae,Phlomis,Species,454060-1,exact_full
Phlomis spinidens Nevski,Phlomis spinidens Nevski,Accepted,Phlomis spinidens,Nevski,Lamiaceae,Phlomis,Species,454074-1,exact_full
Phlomis thapsoides Bunge,Phlomis thapsoides Bunge,Accepted,Phlomis thapsoides,Bunge,Lamiaceae,Phlomis,Species,928024-1,exact_full
"Phlomoides alaica (Knorring) Adylov, Kamelin & Makhm.","Phlomoides alaica (Knorring) Adylov, Kamelin & Makhm.",Accepted,Phlomoides alaica,"(Knorring) Adylov, Kamelin & Makhm.",Lamiaceae,Phlomoides,Species,945058-1,exact_full
"Phlomoides ambigua (Popov ex Pazij & Vved.) Adylov, Kamelin & Makhm.","Phlomoides ambigua (Popov ex Pazij & Vved.) Adylov, Kamelin & Makhm.",Accepted,Phlomoides ambigua,"(Popov ex Pazij & Vved.) Adylov, Kamelin & Makhm.",Lamiaceae,Phlomoides,Species,945014-1,name_multi_author_ok
"Phlomoides angreni (Popov) Adylov, Kamelin & Makhm.","Phlomoides angreni (Popov) Adylov, Kamelin & Makhm.",Synonym,Phlomoides ebracteolata,"(Popov) Adylov, Kamelin & Makhm.",Lamiaceae,Phlomoides,Species,945034-1,exact_full
Phlomoides anisochila (Pazij & Vved.) Salmaki,Phlomoides anisochila (Pazij & Vved.) Salmaki,Accepted,Phlomoides anisochila,(Pazij & Vved.) Salmaki,Lamiaceae,Phlomoides,Species,77118427-1,exact_full
Phlomoides aralensis (Bunge) Salmaki,Phlomoides aralensis (Bunge) Salmaki,Accepted,Phlomoides aralensis,(Bunge) Salmaki,Lamiaceae,Phlomoides,Species,77118428-1,exact_full
"Phlomoides arctiifolia (Popov) Adylov, Kamelin & Makhm.","Phlomoides arctiifolia (Popov) Adylov, Kamelin & Makhm.",Accepted,Phlomoides arctiifolia,"(Popov) Adylov, Kamelin & Makhm.",Lamiaceae,Phlomoides,Species,945043-1,exact_full
"Phlomoides baburii (Adylov) Adylov, Kamelin & Makhm.",Phlomoides baburii (Adylov) Adylov,Accepted,Phlomoides baburii,(Adylov) Adylov,Lamiaceae,Phlomoides,Species,945033-1,exact_name_unique
"Phlomoides baissunensis (Popov) Adylov, Kamelin & Makhm.","Phlomoides baissunensis (Popov) Adylov, Kamelin & Makhm.",Accepted,Phlomoides baissunensis,"(Popov) Adylov, Kamelin & Makhm.",Lamiaceae,Phlomoides,Species,945018-1,exact_full
"Phlomoides baldschuanica (Regel) Adylov, Kamelin & Makhm.","Phlomoides baldschuanica (Regel) Adylov, Kamelin & Makhm.",Accepted,Phlomoides baldschuanica,"(Regel) Adylov, Kamelin & Makhm.",Lamiaceae,Phlomoides,Species,945012-1,exact_full
"Phlomoides boissieriana (Regel) Adylov, Kamelin & Makhm.","Phlomoides boissieriana (Regel) Adylov, Kamelin & Makhm.",Accepted,Phlomoides boissieriana,"(Regel) Adylov, Kamelin & Makhm.",Lamiaceae,Phlomoides,Species,944999-1,exact_full
"Phlomoides brachystegia (Bunge) Adylov, Kamelin & Makhm.","Phlomoides brachystegia (Bunge) Adylov, Kamelin & Makhm.",Accepted,Phlomoides brachystegia,"(Bunge) Adylov, Kamelin & Makhm.",Lamiaceae,Phlomoides,Species,945044-1,exact_full
"Phlomoides canescens (Regel) Adylov, Kamelin & Makhm.","Phlomoides canescens (Regel) Adylov, Kamelin & Makhm.",Accepted,Phlomoides canescens,"(Regel) Adylov, Kamelin & Makhm.",Lamiaceae,Phlomoides,Species,945049-1,exact_full
Phlomoides codonantha Sennikov,Phlomoides codonantha Sennikov,Accepted,Phlomoides codonantha,Sennikov,Lamiaceae,Phlomoides,Species,77136139-1,exact_full
"Phlomoides cordifolia (Regel) Adylov, Kamelin & Makhm.","Phlomoides cordifolia (Regel) Adylov, Kamelin & Makhm.",Accepted,Phlomoides cordifolia,"(Regel) Adylov, Kamelin & Makhm.",Lamiaceae,Phlomoides,Species,943602-1,exact_full
Phlomoides desertorum (Regel) Salmaki,Phlomoides desertorum (Regel) Salmaki,Illegitimate,Phlomoides deserticola,Sennikov,Lamiaceae,Phlomoides,Species,77136140-1,name_multi_author_ok
"Phlomoides dszumrutensis (Afan.) Adylov, Kamelin & Makhm.","Phlomoides dszumrutensis (Afan.) Adylov, Kamelin & Makhm.",Synonym,Phlomoides oreophila,"(Kar. & Kir.) Adylov, Kamelin & Makhm.",Lamiaceae,Phlomoides,Species,945053-1,exact_full
"Phlomoides ebracteolata (Popov) Adylov, Kamelin & Makhm.","Phlomoides ebracteolata (Popov) Adylov, Kamelin & Makhm.",Accepted,Phlomoides ebracteolata,"(Popov) Adylov, Kamelin & Makhm.",Lamiaceae,Phlomoides,Species,945034-1,exact_full
"Phlomoides eriocalyx (Regel) Adylov, Kamelin & Makhm.","Phlomoides eriocalyx (Regel) Adylov, Kamelin & Makhm.",Accepted,Phlomoides eriocalyx,"(Regel) Adylov, Kamelin & Makhm.",Lamiaceae,Phlomoides,Species,945028-1,exact_full
"Phlomoides eriolarynx (Pazij & Vved.) Adylov, Kamelin & Makhm.",Eremostachys eriolarynx Pazij & Vved.,Unplaced,,,,,,,manual_alias
"Phlomoides fulgens (Bunge) Adylov, Kamelin & Makhm.","Phlomoides fulgens (Bunge) Adylov, Kamelin & Makhm.",Accepted,Phlomoides fulgens,"(Bunge) Adylov, Kamelin & Makhm.",Lamiaceae,Phlomoides,Species,945010-1,exact_full
"Phlomoides gypsacea (Popov) Adylov, Kamelin & Makhm.","Phlomoides gypsacea (Popov) Adylov, Kamelin & Makhm.",Accepted,Phlomoides gypsacea,"(Popov) Adylov, Kamelin & Makhm.",Lamiaceae,Phlomoides,Species,945031-1,exact_full
"Phlomoides hissarica (Regel) Adylov, Kamelin & Makhm.","Phlomoides hissarica (Regel) Adylov, Kamelin & Makhm.",Accepted,Phlomoides hissarica,"(Regel) Adylov, Kamelin & Makhm.",Lamiaceae,Phlomoides,Species,945038-1,exact_full
"Phlomoides impressa (Pazij & Vved.) Adylov, Kamelin & Makhm.","Phlomoides impressa (Pazij & Vved.) Adylov, Kamelin & Makhm.",Synonym,Phlomoides eriocalyx,"(Regel) Adylov, Kamelin & Makhm.",Lamiaceae,Phlomoides,Species,945028-1,exact_full
"Phlomoides integior (Pazij & Vved.) Adylov, Kamelin & Makhm.","Phlomoides integior (Pazij & Vved.) Adylov, Kamelin & Makhm.",Accepted,Phlomoides integior,"(Pazij & Vved.) Adylov, Kamelin & Makhm.",Lamiaceae,Phlomoides,Species,945023-1,exact_full
Phlomoides isochila (Pazij & Vved.) Salmaki,Phlomoides isochila (Pazij & Vved.) Salmaki,Accepted,Phlomoides isochila,(Pazij & Vved.) Salmaki,Lamiaceae,Phlomoides,Species,77118434-1,exact_full
"Phlomoides kaufmanniana (Regel) Adylov, Kamelin & Makhm.","Phlomoides kaufmanniana (Regel) Adylov, Kamelin & Makhm.",Accepted,Phlomoides kaufmanniana,"(Regel) Adylov, Kamelin & Makhm.",Lamiaceae,Phlomoides,Species,945004-1,exact_full
"Phlomoides kirghisorum Adylov, Kamelin & Makhm.","Phlomoides kirghisorum Adylov, Kamelin & Makhm.",Accepted,Phlomoides kirghisorum,"Adylov, Kamelin & Makhm.",Lamiaceae,Phlomoides,Species,941002-1,exact_full
"Phlomoides labiosa (Bunge) Adylov, Kamelin & Makhm.","Phlomoides labiosa (Bunge) Adylov, Kamelin & Makhm.",Accepted,Phlomoides labiosa,"(Bunge) Adylov, Kamelin & Makhm.",Lamiaceae,Phlomoides,Species,945005-1,exact_full
"Phlomoides labiosissima (Pazij & Vved.) Adylov, Kamelin & Makhm.","Phlomoides labiosissima (Pazij & Vved.) Adylov, Kamelin & Makhm.",Accepted,Phlomoides labiosissima,"(Pazij & Vved.) Adylov, Kamelin & Makhm.",Lamiaceae,Phlomoides,Species,945007-1,exact_full
"Phlomoides lehmanniana (Bunge) Adylov, Kamelin & Makhm.","Phlomoides lehmanniana (Bunge) Adylov, Kamelin & Makhm.",Accepted,Phlomoides lehmanniana,"(Bunge) Adylov, Kamelin & Makhm.",Lamiaceae,Phlomoides,Species,945039-1,exact_full
"Phlomoides leiocalyx (Pazij & Vved.) Adylov, Kamelin & Makhm.","Phlomoides leiocalyx (Pazij & Vved.) Adylov, Kamelin & Makhm.",Accepted,Phlomoides leiocalyx,"(Pazij & Vved.) Adylov, Kamelin & Makhm.",Lamiaceae,Phlomoides,Species,945032-1,exact_full
"Phlomoides mihaelis Adylov, Kamelin & Makhm.","Phlomoides michaelis Adylov, Kamelin & Makhm.",Accepted,Phlomoides michaelis,"Adylov, Kamelin & Makhm.",Lamiaceae,Phlomoides,Species,941001-1,canon_fuzzy1
"Phlomoides napuligera (Franch.) Adylov, Kamelin & Makhm.","Phlomoides napuligera (Franch.) Adylov, Kamelin & Makhm.",Synonym,Phlomoides labiosa,"(Bunge) Adylov, Kamelin & Makhm.",Lamiaceae,Phlomoides,Species,945005-1,exact_full
"Phlomoides nuda (Regel) Adylov, Kamelin & Makhm.","Phlomoides nuda (Regel) Adylov, Kamelin & Makhm.",Accepted,Phlomoides nuda,"(Regel) Adylov, Kamelin & Makhm.",Lamiaceae,Phlomoides,Species,945022-1,exact_full
"Phlomoides ostrowskiana (Regel) Adylov, Kamelin & Makhm.","Phlomoides ostrowskiana (Regel) Adylov, Kamelin & Makhm.",Accepted,Phlomoides ostrowskiana,"(Regel) Adylov, Kamelin & Makhm.",Lamiaceae,Phlomoides,Species,945046-1,exact_full
"Phlomoides pulchra (Popov) Adylov, Kamelin & Makhm.","Phlomoides pulchra (Popov) Adylov, Kamelin & Makhm.",Accepted,Phlomoides pulchra,"(Popov) Adylov, Kamelin & Makhm.",Lamiaceae,Phlomoides,Species,945011-1,exact_full
"Phlomoides regeliana (Aitch. & Hemsl.) Adylov, Kamelin & Makhm.","Phlomoides regeliana (Aitch. & Hemsl.) Adylov, Kamelin & Makhm.",Accepted,Phlomoides regeliana,"(Aitch. & Hemsl.) Adylov, Kamelin & Makhm.",Lamiaceae,Phlomoides,Species,944998-1,exact_full
"Phlomoides sarawschanica (Regel) Adylov, Kamelin & Makhm.","Phlomoides sarawschanica (Regel) Adylov, Kamelin & Makhm.",Accepted,Phlomoides sarawschanica,"(Regel) Adylov, Kamelin & Makhm.",Lamiaceae,Phlomoides,Species,945017-1,exact_full
Phlomoides sogdiana (Pazij & Vved.) Salmaki,Phlomoides sogdiana (Pazij & Vved.) Salmaki,Accepted,Phlomoides sogdiana,(Pazij & Vved.) Salmaki,Lamiaceae,Phlomoides,Species,77118465-1,exact_full
"Phlomoides speciosa (Rupr.) Adylov, Kamelin & Makhm.","Phlomoides speciosa (Rupr.) Adylov, Kamelin & Makhm.",Accepted,Phlomoides speciosa,"(Rupr.) Adylov, Kamelin & Makhm.",Lamiaceae,Phlomoides,Species,945013-1,exact_full
"Phlomoides tadschikistanica (B. Fedtsch.) Adylov, Kamelin & Makhm.","Phlomoides tadshikistanica (B.Fedtsch.) Adylov, Kamelin & Makhm.",Accepted,Phlomoides tadshikistanica,"(B.Fedtsch.) Adylov, Kamelin & Makhm.",Lamiaceae,Phlomoides,Species,945003-1,canon_exact
Phlomoides transoxana (Bunge) Salmaki,Phlomoides transoxana (Bunge) Salmaki,Accepted,Phlomoides transoxana,(Bunge) Salmaki,Lamiaceae,Phlomoides,Species,77118467-1,exact_full
"Phlomoides tschimganica (Vved.) Adylov, Kamelin & Makhm.","Phlomoides tschimganica (Vved.) Adylov, Kamelin & Makhm.",Accepted,Phlomoides tschimganica,"(Vved.) Adylov, Kamelin & Makhm.",Lamiaceae,Phlomoides,Species,945054-1,exact_full
"Phlomoides tytthaster (Vved.) Adylov, Kamelin & Makhm.","Phlomoides tytthaster (Vved.) Adylov, Kamelin & Makhm.",Synonym,Phlomoides canescens,"(Regel) Adylov, Kamelin & Makhm.",Lamiaceae,Phlomoides,Species,945049-1,exact_full
"Phlomoides uniflora (Regel) Adylov, Kamelin & Makhm.","Phlomoides uniflora (Regel) Adylov, Kamelin & Makhm.",Accepted,Phlomoides uniflora,"(Regel) Adylov, Kamelin & Makhm.",Lamiaceae,Phlomoides,Species,945030-1,exact_full
Phlomoides uralensis Salmaki,Phlomoides uralensis Salmaki,Accepted,Phlomoides uralensis,Salmaki,Lamiaceae,Phlomoides,Species,77118468-1,exact_full
Phragmites australis (Cav.) Trin. ex Steud.,Phragmites australis (Cav.) Trin. ex Steud.,Accepted,Phragmites australis,(Cav.) Trin. ex Steud.,Poaceae,Phragmites,Species,30337627-2,exact_full
Phyllitis scolopendrium (L.) Newman,Phyllitis scolopendrium (L.) Newman,Synonym,Asplenium scolopendrium,L.,Aspleniaceae,Asplenium,Species,30216020-2,exact_full
Physalis alkekengi L.,Physalis alkekengi L.,Synonym,Alkekengi officinarum,Moench,Solanaceae,Alkekengi,Species,814247-1,name_multi_author_ok
Physalis angulata L.,Physalis angulata L.,Accepted,Physalis angulata,L.,Solanaceae,Physalis,Species,195334-2,exact_full
Physalis praetermissa Pojark.,Physalis praetermissa Pojark.,Synonym,Alkekengi officinarum var. franchetii,(Mast.) R.J.Wang,Solanaceae,Alkekengi,Variety,77143077-1,exact_full
Physocaulis nodosus (L.) W.D.J. Koch,Physocaulis nodosus (L.) W.D.J.Koch,Synonym,Chaerophyllum nodosum,(L.) Crantz,Apiaceae,Chaerophyllum,Species,840236-1,exact_full
Physochlaina alaica Korotkova,Physochlaina alaica Korotkova,Accepted,Physochlaina alaica,Korotkova,Solanaceae,Physochlaina,Species,817631-1,exact_full
Picnomon acarna (L.) Cass.,Picnomon acarna (L.) Cass.,Accepted,Picnomon acarna,(L.) Cass.,Asteraceae,Picnomon,Species,237715-1,exact_full
Picris nuristanica Bornm.,Picris nuristanica Bornm.,Accepted,Picris nuristanica,Bornm.,Asteraceae,Picris,Species,237887-1,exact_full
Pilopleura tordyloides (Korovin) Pimenov,Pilopleura tordyloides (Korovin) Pimenov,Accepted,Pilopleura tordyloides,(Korovin) Pimenov,Apiaceae,Pilopleura,Species,846628-1,exact_full
Pilostemon karategini (Lipsky) Iljin,Pilostemon karategina (Lipsky) Iljin,Synonym,Jurinea karategina,(Lipsky) O.Fedtsch.,Asteraceae,Jurinea,Species,226967-1,canon_exact
Pimpinella anisum L.,Pimpinella anisum L.,Accepted,Pimpinella anisum,L.,Apiaceae,Pimpinella,Species,846658-1,name_multi_author_ok
Pimpinella korovinii Kamelin,Pimpinella korovinii Kamelin,Synonym,Pimpinella affinis,Ledeb.,Apiaceae,Pimpinella,Species,846636-1,exact_full
Pimpinella peregrina L.,Pimpinella peregrina L.,Accepted,Pimpinella peregrina,L.,Apiaceae,Pimpinella,Species,846958-1,name_multi_author_ok
Pimpinella puberula (DC.) Boiss.,Pimpinella puberula (DC.) Boiss.,Accepted,Pimpinella puberula,(DC.) Boiss.,Apiaceae,Pimpinella,Species,846986-1,exact_full
Pimpinella turkomanica Schischk.,Pimpinella turcomanica Schischk.,Accepted,Pimpinella turcomanica,Schischk.,Apiaceae,Pimpinella,Species,847101-1,canon_exact
Piptatherum alpestre (Grig.) Roshev.,Piptatherum alpestre (Grig.) Roshev.,Accepted,Piptatherum alpestre,(Grig.) Roshev.,Poaceae,Piptatherum,Species,416067-1,exact_full
Piptatherum ferganense (Litv.) Roshev.,Piptatherum ferganense (Litv.) Roshev.,Accepted,Piptatherum ferganense,(Litv.) Roshev.,Poaceae,Piptatherum,Species,416082-1,exact_full
Piptatherum holciforme (M. Bieb.) Roem. & Schult.,Piptatherum holciforme (M.Bieb.) Roem. & Schult.,Accepted,Piptatherum holciforme,(M.Bieb.) Roem. & Schult.,Poaceae,Piptatherum,Species,416090-1,exact_full
Piptatherum laterale Munro ex Nevski,Piptatherum laterale (Regel) Nevski,Accepted,Piptatherum laterale,(Regel) Nevski,Poaceae,Piptatherum,Species,416097-1,exact_name_unique
Piptatherum latifolium (Roshev.) Nevski,Piptatherum latifolium (Roshev.) Nevski,Accepted,Piptatherum latifolium,(Roshev.) Nevski,Poaceae,Piptatherum,Species,416098-1,exact_full
Piptatherum pamiroalaicum (Grig.) Roshev. ex Nikitina,Piptatherum pamiralaicum (Grig.) Roshev.,Accepted,Piptatherum pamiralaicum,(Grig.) Roshev.,Poaceae,Piptatherum,Species,416115-1,canon_fuzzy1
Piptatherum platyanthum Nevski,Piptatherum platyanthum Nevski,Accepted,Piptatherum platyanthum,Nevski,Poaceae,Piptatherum,Species,416118-1,exact_full
Piptatherum roshevitsianum Tzvelev,Piptatherum roshevitsianum Tzvelev,Accepted,Piptatherum roshevitsianum,Tzvelev,Poaceae,Piptatherum,Species,416124-1,exact_full
Piptatherum sogdianum (Grig.) Roshev.,Piptatherum sogdianum (Grig.) Roshev.,Accepted,Piptatherum sogdianum,(Grig.) Roshev.,Poaceae,Piptatherum,Species,416128-1,exact_full
Piptatherum songaricum (Trin. & Rupr.) Roshev.,Piptatherum songaricum (Trin. & Rupr.) Roshev.,Accepted,Piptatherum songaricum,(Trin. & Rupr.) Roshev.,Poaceae,Piptatherum,Species,416131-1,name_multi_author_ok
Piptatherum vicarium (Grig.) Roshev.,Piptatherum vicarium (Grig.) Roshev.,Synonym,Piptatherum microcarpum,(Pilg.) Tzvelev,Poaceae,Piptatherum,Species,416103-1,exact_full
Piptoclaina supina (L.) G. Don,Piptoclaina supina (L.) G.Don,Synonym,Heliotropium supinum,L.,Boraginaceae,Heliotropium,Species,117268-1,exact_full
Piptoptera turkestana Bunge,Piptoptera turkestana Bunge,Accepted,Piptoptera turkestana,Bunge,Amaranthaceae,Piptoptera,Species,166383-1,exact_full
Pistacia vera L.,Pistacia vera L.,Accepted,Pistacia vera,L.,Anacardiaceae,Pistacia,Species,70280-1,exact_full
Pisum arvense L.,Pisum arvense L.,Synonym,Lathyrus oleraceus,Lam.,Fabaceae,Lathyrus,Species,501912-1,exact_full
Plantago arachnoidea Schrenk,Plantago arachnoidea Schrenk ex Fisch. & C.A.Mey.,Accepted,Plantago arachnoidea,Schrenk ex Fisch. & C.A.Mey.,Plantaginaceae,Plantago,Species,684872-1,exact_name_unique
Plantago coronopus L.,Plantago coronopus L.,Accepted,Plantago coronopus,L.,Plantaginaceae,Plantago,Species,685048-1,exact_full
Plantago depressa Schlecht.,Plantago depressa Willd.,Accepted,Plantago depressa,Willd.,Plantaginaceae,Plantago,Species,685094-1,exact_name_unique
Plantago gentianoides Sm.,Plantago gentianoides Sm.,Accepted,Plantago gentianoides,Sm.,Plantaginaceae,Plantago,Species,685173-1,name_multi_author_ok
Plantago lachnantha Bunge,Plantago lachnantha Bunge,Accepted,Plantago lachnantha,Bunge,Plantaginaceae,Plantago,Species,928028-1,exact_full
Plantago lagocephala Bunge,Plantago lagocephala Bunge,Accepted,Plantago lagocephala,Bunge,Plantaginaceae,Plantago,Species,928027-1,exact_full
Plantago lanceolata L.,Plantago lanceolata L.,Accepted,Plantago lanceolata,L.,Plantaginaceae,Plantago,Species,321285-2,exact_full
Plantago major L.,Plantago major L.,Accepted,Plantago major,L.,Plantaginaceae,Plantago,Species,321286-2,exact_full
Plantago maritima L.,Plantago maritima L.,Accepted,Plantago maritima,L.,Plantaginaceae,Plantago,Species,30063012-2,name_multi_author_ok
Plantago minuta Pall.,Plantago minuta Pall.,Accepted,Plantago minuta,Pall.,Plantaginaceae,Plantago,Species,685426-1,name_multi_author_ok
Platanus orientalis L.,Platanus orientalis L.,Accepted,Platanus orientalis,L.,Platanaceae,Platanus,Species,685873-1,exact_full
Platycladus orientalis (L.) Franco,Platycladus orientalis (L.) Franco,Accepted,Platycladus orientalis,(L.) Franco,Cupressaceae,Platycladus,Species,677124-1,exact_full
Pleconax conica (L.) Šourková,Pleconax conica (L.) Šourková,Synonym,Silene conica,L.,Caryophyllaceae,Silene,Species,157130-1,exact_full
Pleconax coniflora (Nees ex Otth) Sourkova,Pleconax coniflora (Nees ex Otth) Šourková,Synonym,Silene coniflora,Nees ex Otth,Caryophyllaceae,Silene,Species,157132-1,exact_name_unique
Pleconax conoidea (L.) Šourková,Pleconax conoidea (L.) Šourková,Synonym,Silene conoidea,L.,Caryophyllaceae,Silene,Species,157134-1,exact_full
"Plocama alshehbazii F.O. Khass., D. Khamr., U. Khuzh. & Achilova","Plocama alshehbazii F.O.Khass., Khamraeva, Khuzhan. & Achilova",Accepted,Plocama alshehbazii,"F.O.Khass., Khamraeva, Khuzhan. & Achilova",Rubiaceae,Plocama,Species,77148043-1,exact_name_unique
Plocama botschantzevii (Lincz.) M. Backlund & Thulin,Plocama botschantzevii (Lincz.) M.Backlund & Thulin,Accepted,Plocama botschantzevii,(Lincz.) M.Backlund & Thulin,Rubiaceae,Plocama,Species,77080030-1,exact_full
Plocama bucharica (B. Fedtsch. & Des.-Shost.) M. Backlund & Thulin,Plocama bucharica (B.Fedtsch. & Des.-Shost.) M.Backlund & Thulin,Accepted,Plocama bucharica,(B.Fedtsch. & Des.-Shost.) M.Backlund & Thulin,Rubiaceae,Plocama,Species,77080033-1,exact_full
Plocama iljinii (Lincz.) M. Backlund & Thulin,Plocama iljinii (Lincz.) M.Backlund & Thulin,Accepted,Plocama iljinii,(Lincz.) M.Backlund & Thulin,Rubiaceae,Plocama,Species,77080043-1,exact_full
Plocama inopinata (Lincz.) M. Backlund & Thulin,Plocama inopinata (Lincz.) M.Backlund & Thulin,Accepted,Plocama inopinata,(Lincz.) M.Backlund & Thulin,Rubiaceae,Plocama,Species,77080044-1,exact_full
Plocama trichophylla (Popov & Tscherneva) M. Backlund & Thulin,Plocama trichophylla (Popov) M.Backlund & Thulin,Accepted,Plocama trichophylla,(Popov) M.Backlund & Thulin,Rubiaceae,Plocama,Species,77080065-1,exact_name_unique
Plocama vassilczenkoi (Lincz.) M. Backlund & Thulin,Plocama vassilczenkoi (Lincz.) M.Backlund & Thulin,Accepted,Plocama vassilczenkoi,(Lincz.) M.Backlund & Thulin,Rubiaceae,Plocama,Species,77080066-1,exact_full
Poa alpina L.,Poa alpina L.,Accepted,Poa alpina,L.,Poaceae,Poa,Species,320036-2,name_multi_author_ok
Poa angustifolia L.,Poa angustifolia L.,Accepted,Poa angustifolia,L.,Poaceae,Poa,Species,320037-2,name_multi_author_ok
Poa annua L.,Poa annua L.,Accepted,Poa annua,L.,Poaceae,Poa,Species,320035-2,name_multi_author_ok
Poa attenuata Trin.,Poa attenuata Trin.,Accepted,Poa attenuata,Trin.,Poaceae,Poa,Species,416557-1,name_multi_author_ok
Poa bactriana Roshev.,Poa bactriana Roshev.,Accepted,Poa bactriana,Roshev.,Poaceae,Poa,Species,416572-1,exact_full
Poa bucharica Roshev.,Poa bucharica Roshev.,Accepted,Poa bucharica,Roshev.,Poaceae,Poa,Species,416668-1,exact_full
Poa bulbosa L.,Poa bulbosa L.,Accepted,Poa bulbosa,L.,Poaceae,Poa,Species,320038-2,name_multi_author_ok
Poa diaphora Trin.,Poa diaphora Trin.,Accepted,Poa diaphora,Trin.,Poaceae,Poa,Species,416906-1,exact_full
Poa fragilis Ovcz.,Poa fragilis Ovcz.,Accepted,Poa fragilis,Ovcz.,Poaceae,Poa,Species,417077-1,exact_full
Poa hissarica Roshev. ex Ovcz.,Poa hissarica Roshev. ex Ovcz.,Accepted,Poa hissarica,Roshev. ex Ovcz.,Poaceae,Poa,Species,417202-1,exact_full
Poa lipskyi Roshev.,Poa lipskyi Roshev.,Accepted,Poa lipskyi,Roshev.,Poaceae,Poa,Species,417408-1,exact_full
Poa litvinoviana Ovcz.,Poa litwinowiana Ovcz.,Synonym,Poa glauca subsp. glauca,"",Poaceae,Poa,Subspecies,77172823-1,canon_exact
Poa nemoralis L.,Poa nemoralis L.,Accepted,Poa nemoralis,L.,Poaceae,Poa,Species,320039-2,exact_full
Poa palustris L.,Poa palustris L.,Accepted,Poa palustris,L.,Poaceae,Poa,Species,204398-2,name_multi_author_ok
Poa pratensis L.,Poa pratensis L.,Accepted,Poa pratensis,L.,Poaceae,Poa,Species,417792-1,exact_full
Poa relaxa Ovcz.,Poa relaxa Ovcz.,Synonym,Poa versicolor,Besser,Poaceae,Poa,Species,418330-1,exact_full
Poa supina Schrad.,Poa supina Schrad.,Accepted,Poa supina,Schrad.,Poaceae,Poa,Species,418156-1,exact_full
Poa trivialis L.,Poa trivialis L.,Accepted,Poa trivialis,L.,Poaceae,Poa,Species,320346-2,exact_full
Poa urssulensis Trin.,Poa urssulensis Trin.,Accepted,Poa urssulensis,Trin.,Poaceae,Poa,Species,418304-1,exact_full
Poa vvedenskyi Drobow,Poa vvedenskyi Drobow,Accepted,Poa vvedenskyi,Drobow,Poaceae,Poa,Species,418355-1,exact_full
Poljakanthema kokanica (Krasch.) Kamelin,Poljakanthema kokanica (Krasch.) Kamelin,Accepted,Poljakanthema kokanica,(Krasch.) Kamelin,Asteraceae,Poljakanthema,Species,986183-1,exact_full
Polychrysum tadshikorum (Kudrj.) Kovalevsk.,Polychrysum tadshikorum (Kudr.) Kovalevsk.,Accepted,Polychrysum tadshikorum,(Kudr.) Kovalevsk.,Asteraceae,Polychrysum,Species,239165-1,exact_name_unique
Polycnemum arvense L.,Polycnemum arvense L.,Accepted,Polycnemum arvense,L.,Amaranthaceae,Polycnemum,Species,166388-1,exact_full
Polycnemum perenne Litv.,Polycnemum perenne Litv.,Accepted,Polycnemum perenne,Litv.,Amaranthaceae,Polycnemum,Species,166417-1,exact_full
Polygala hybrida DC.,Polygala hybrida DC.,Synonym,Polygala comosa subsp. comosa,"",Polygalaceae,Polygala,Subspecies,77226969-1,exact_full
Polygonatum roseum (Ledeb.) Kunth,Polygonatum roseum (Ledeb.) Kunth,Accepted,Polygonatum roseum,(Ledeb.) Kunth,Asparagaceae,Polygonatum,Species,540222-1,name_multi_author_ok
Polygonatum severtzovii Regel,Polygonatum sewerzowii Regel,Accepted,Polygonatum sewerzowii,Regel,Asparagaceae,Polygonatum,Species,540225-1,canon_fuzzy1
Polygonum acerosum Ledeb. ex Meisn.,Polygonum acerosum Ledeb. ex Meisn.,Accepted,Polygonum acerosum,Ledeb. ex Meisn.,Polygonaceae,Polygonum,Species,695295-1,exact_full
Polygonum acetosum M. Bieb.,Polygonum acetosum M.Bieb.,Accepted,Polygonum acetosum,M.Bieb.,Polygonaceae,Polygonum,Species,695298-1,exact_full
Polygonum arenarium Waldst. & Kitag.,Polygonum arenarium Waldst. & Kit.,Accepted,Polygonum arenarium,Waldst. & Kit.,Polygonaceae,Polygonum,Species,695381-1,manual_alias
Polygonum argyrocoleum Steud. ex G. Kunze,Polygonum argyrocoleon Steud. ex Kunze,Accepted,Polygonum argyrocoleon,Steud. ex Kunze,Polygonaceae,Polygonum,Species,695387-1,canon_exact
Polygonum aviculare L.,Polygonum aviculare L.,Accepted,Polygonum aviculare,L.,Polygonaceae,Polygonum,Species,695422-1,exact_full
Polygonum biaristatum Aitch. & Hemsl.,Polygonum biaristatum Aitch. & Hemsl.,Accepted,Polygonum biaristatum,Aitch. & Hemsl.,Polygonaceae,Polygonum,Species,695455-1,exact_full
Polygonum bornmuelleri Litv.,Polygonum bornmuelleri Litv.,Accepted,Polygonum bornmuelleri,Litv.,Polygonaceae,Polygonum,Species,695485-1,exact_full
Polygonum cognatum Meissn.,Polygonum cognatum Meisn.,Accepted,Polygonum cognatum,Meisn.,Polygonaceae,Polygonum,Species,695571-1,exact_name_unique
Polygonum corrigioloides Jaub. & Spach,Polygonum corrigioloides Jaub. & Spach,Accepted,Polygonum corrigioloides,Jaub. & Spach,Polygonaceae,Polygonum,Species,695596-1,exact_full
Polygonum fibrilliferum Kom.,Polygonum fibrilliferum Kom.,Accepted,Polygonum fibrilliferum,Kom.,Polygonaceae,Polygonum,Species,695726-1,exact_full
Polygonum hyrcanicum Rech. f.,Polygonum hyrcanicum Rech.f.,Accepted,Polygonum hyrcanicum,Rech.f.,Polygonaceae,Polygonum,Species,695890-1,exact_full
Polygonum inflexum Kom.,Polygonum inflexum Kom.,Accepted,Polygonum inflexum,Kom.,Polygonaceae,Polygonum,Species,695906-1,exact_full
Polygonum molliforme Boiss.,Polygonum molliiforme Boiss.,Accepted,Polygonum molliiforme,Boiss.,Polygonaceae,Polygonum,Species,696098-1,canon_exact
Polygonum myrtillifolium Kom.,Polygonum myrtillifolium Kom.,Synonym,Polygonum cognatum var. myrtillifolium,(Kom.) Yurtseva,Polygonaceae,Polygonum,Variety,77124009-1,exact_full
Polygonum paronychioides C.A. Mey.,Polygonum paronychioides C.A.Mey.,Accepted,Polygonum paronychioides,C.A.Mey.,Polygonaceae,Polygonum,Species,696212-1,name_multi_author_ok
Polygonum patulum M. Bieb.,Polygonum patulum M.Bieb.,Accepted,Polygonum patulum,M.Bieb.,Polygonaceae,Polygonum,Species,696222-1,exact_full
Polygonum polychnemoides Jaub. & Spach,Polygonum polycnemoides Jaub. & Spach,Accepted,Polygonum polycnemoides,Jaub. & Spach,Polygonaceae,Polygonum,Species,696269-1,canon_exact
Polygonum pseudoarenarium Klokow,Polygonum pseudoarenarium Klokov,Synonym,Polygonum arenarium subsp. arenarium,"",Polygonaceae,Polygonum,Subspecies,77227180-1,exact_name_unique
Polygonum pulvinatum Kom.,Polygonum pulvinatum Kom.,Synonym,Polygonum paronychioides,C.A.Mey.,Polygonaceae,Polygonum,Species,696212-1,exact_full
Polygonum rottboellioides Jaub. & Spach,Polygonum rottboellioides Jaub. & Spach,Accepted,Polygonum rottboellioides,Jaub. & Spach,Polygonaceae,Polygonum,Species,696368-1,exact_full
Polygonum scabrum Moench,Polygonum scabrum Moench,Synonym,Persicaria tomentosa,(Schrank) E.P.Bicknell,Polygonaceae,Persicaria,Species,190876-2,distribution_resolved
Polygonum serpyllaceum Jaub. & Spach,Polygonum serpyllaceum Jaub. & Spach,Synonym,Polygonum cognatum var. serpyllaceum,(Jaub. & Spach) Yurtseva,Polygonaceae,Polygonum,Variety,77124008-1,exact_full
Polygonum subaphyllum Sumnev.,Polygonum subaphyllum Sumnev.,Accepted,Polygonum subaphyllum,Sumnev.,Polygonaceae,Polygonum,Species,977207-1,exact_full
Polygonum thymifolium Jaub. & Spach,Polygonum thymifolium Jaub. & Spach,Accepted,Polygonum thymifolium,Jaub. & Spach,Polygonaceae,Polygonum,Species,696556-1,exact_full
Polygonum tiflisiense Kom.,Polygonum tiflisiense Kom.,Synonym,Polygonum bellardii,All.,Polygonaceae,Polygonum,Species,206101-2,exact_full
Polygonum vvedenskyi Sumnev.,Polygonum vvedenskyi Sumnev.,Accepted,Polygonum vvedenskyi,Sumnev.,Polygonaceae,Polygonum,Species,977204-1,exact_full
Polypogon fugax Nees ex Steud.,Polypogon fugax Nees ex Steud.,Accepted,Polypogon fugax,Nees ex Steud.,Poaceae,Polypogon,Species,418681-1,exact_full
Polypogon maritimus Willd.,Polypogon maritimus Willd.,Accepted,Polypogon maritimus,Willd.,Poaceae,Polypogon,Species,418702-1,exact_full
Polypogon monspeliensis (L.) Desf.,Polypogon monspeliensis (L.) Desf.,Accepted,Polypogon monspeliensis,(L.) Desf.,Poaceae,Polypogon,Species,1048074-2,exact_full
Polypogon semiverticillatus (Forssk.) Hyl.,Polypogon semiverticillatus (Forssk.) Hyl.,Synonym,Polypogon viridis,(Gouan) Breistr.,Poaceae,Polypogon,Species,418741-1,exact_full
Polystichum aculeatum (L.) Roth ex Mert.,Polystichum aculeatum (L.) Roth,Accepted,Polystichum aculeatum,(L.) Roth,Polypodiaceae,Polystichum,Species,17413440-1,exact_name_unique
Polystichum lonchitis (L.) Roth,Polystichum lonchitis (L.) Roth,Accepted,Polystichum lonchitis,(L.) Roth,Polypodiaceae,Polystichum,Species,17414110-1,exact_full
Polytaxis lehmannii Bunge,Polytaxis lehmannii Bunge,Synonym,Saussurea lehmannii,"(Bunge) N.Garcia, Herrando & Susanna",Asteraceae,Saussurea,Species,77213346-1,exact_full
Populus afganica (Aitch. & Hemsl.) Schneid.,Populus afghanica (Aitch. & Hemsl.) C.K.Schneid.,Synonym,Populus nigra subsp. nigra,"",Salicaceae,Populus,Subspecies,77231383-1,manual_alias
Populus alba L.,Populus alba L.,Accepted,Populus alba,L.,Salicaceae,Populus,Species,776573-1,exact_full
Populus euphratica Oliv.,Populus euphratica Olivier,Accepted,Populus euphratica,Olivier,Salicaceae,Populus,Species,776672-1,exact_name_unique
Populus laurifolia Ledeb.,Populus laurifolia Ledeb.,Accepted,Populus laurifolia,Ledeb.,Salicaceae,Populus,Species,776748-1,exact_full
Populus nigra L.,Populus nigra L.,Accepted,Populus nigra,L.,Salicaceae,Populus,Species,776790-1,name_multi_author_ok
Populus pruinosa Schrenk,Populus pruinosa Schrenk,Accepted,Populus pruinosa,Schrenk,Salicaceae,Populus,Species,776822-1,exact_full
Populus talassica Kom.,Populus talassica Kom.,Synonym,Populus macrocarpa,(Schrenk) Pavlov & Lipsch.,Salicaceae,Populus,Species,776762-1,exact_full
Portulaca oleracea L.,Portulaca oleracea L.,Accepted,Portulaca oleracea,L.,Portulacaceae,Portulaca,Species,323270-2,exact_full
Potamogeton alpinus Balbis,Potamogeton alpinus Balb.,Accepted,Potamogeton alpinus,Balb.,Potamogetonaceae,Potamogeton,Species,603113-1,distribution_resolved
Potamogeton crispus L.,Potamogeton crispus L.,Accepted,Potamogeton crispus,L.,Potamogetonaceae,Potamogeton,Species,323116-2,exact_full
Potamogeton filiformis Pers.,Potamogeton filiformis Pers.,Synonym,Stuckenia filiformis,(Pers.) Börner,Potamogetonaceae,Stuckenia,Species,51015154-1,name_multi_author_ok
Potamogeton heterophyllus Schreb.,Potamogeton heterophyllus Schreb.,Synonym,Potamogeton gramineus,L.,Potamogetonaceae,Potamogeton,Species,323120-2,name_multi_author_ok
Potamogeton lucens L.,Potamogeton lucens L.,Accepted,Potamogeton lucens,L.,Potamogetonaceae,Potamogeton,Species,208858-2,exact_full
Potamogeton natans L.,Potamogeton natans L.,Accepted,Potamogeton natans,L.,Potamogetonaceae,Potamogeton,Species,208872-2,exact_full
Potamogeton nodosus Poir.,Potamogeton nodosus Poir.,Accepted,Potamogeton nodosus,Poir.,Potamogetonaceae,Potamogeton,Species,603330-1,exact_full
Potamogeton pectinatus L.,Potamogeton pectinatus L.,Synonym,Stuckenia pectinata,(L.) Börner,Potamogetonaceae,Stuckenia,Species,77099639-1,exact_full
Potamogeton perfoliatus L.,Potamogeton perfoliatus L.,Accepted,Potamogeton perfoliatus,L.,Potamogetonaceae,Potamogeton,Species,208899-2,exact_full
Potamogeton pusillus L.,Potamogeton pusillus L.,Accepted,Potamogeton pusillus,L.,Potamogetonaceae,Potamogeton,Species,208919-2,exact_full
Potamogeton trichoides Cham. & Schliecht.,Potamogeton trichoides Cham. & Schltdl.,Accepted,Potamogeton trichoides,Cham. & Schltdl.,Potamogetonaceae,Potamogeton,Species,603452-1,manual_alias
Potentilla asiae-mediae Ovcz. & Koczk.,Potentilla asiae-mediae Ovcz. & Kochk.,Accepted,Potentilla asiae-mediae,Ovcz. & Kochk.,Rosaceae,Potentilla,Species,727679-1,exact_name_unique
Potentilla asiatica (Th. Wolf) Juz.,Potentilla asiatica (Th.Wolf) Juz.,Accepted,Potentilla asiatica,(Th.Wolf) Juz.,Rosaceae,Potentilla,Species,727680-1,exact_full
Potentilla butkovii Botsch.,Potentilla butkovii Botsch.,Accepted,Potentilla butkovii,Botsch.,Rosaceae,Potentilla,Species,727801-1,exact_full
Potentilla canescens Besser,Potentilla canescens Besser,Synonym,Potentilla inclinata,Vill.,Rosaceae,Potentilla,Species,728285-1,name_multi_author_ok
Potentilla darvasica Juz. ex Botsch.,Potentilla darvazica Juz.,Accepted,Potentilla darvazica,Juz.,Rosaceae,Potentilla,Species,727947-1,canon_exact
Potentilla desertorum Bunge,Potentilla desertorum Bunge,Accepted,Potentilla desertorum,Bunge,Rosaceae,Potentilla,Species,727975-1,exact_full
Potentilla evestita Th. Wolf,Potentilla evestita Th.Wolf,Accepted,Potentilla evestita,Th.Wolf,Rosaceae,Potentilla,Species,728051-1,exact_full
Potentilla fedtschenkoana Siegfr. ex Th. Wolf,Potentilla fedtschenkoana Siegfr. ex Th.Wolf,Accepted,Potentilla fedtschenkoana,Siegfr. ex Th.Wolf,Rosaceae,Potentilla,Species,728069-1,exact_full
Potentilla flabellata Regel & Schmalh.,Potentilla flabellata Regel & Schmalh.,Accepted,Potentilla flabellata,Regel & Schmalh.,Rosaceae,Potentilla,Species,728082-1,exact_full
Potentilla gelida C.A. Mey.,Potentilla gelida C.A.Mey.,Synonym,Potentilla crantzii,(Crantz) Beck ex Fritsch,Rosaceae,Potentilla,Species,727916-1,exact_full
Potentilla grisea Juz.,Potentilla grisea Juz.,Accepted,Potentilla grisea,Juz.,Rosaceae,Potentilla,Species,728195-1,exact_full
Potentilla hololeuca Boiss. ex Lehm.,Potentilla hololeuca Boiss.,Accepted,Potentilla hololeuca,Boiss.,Rosaceae,Potentilla,Species,77221984-1,exact_name_unique
Potentilla impolita Wahlenb.,Potentilla impolita Wahlenb.,Synonym,Potentilla inclinata,Vill.,Rosaceae,Potentilla,Species,728285-1,exact_full
Potentilla komaroviana Th. Wolf,Potentilla komaroviana Th.Wolf,Accepted,Potentilla komaroviana,Th.Wolf,Rosaceae,Potentilla,Species,728348-1,exact_full
Potentilla nervosa Juz.,Potentilla nervosa Juz.,Accepted,Potentilla nervosa,Juz.,Rosaceae,Potentilla,Species,728570-1,exact_full
Potentilla orientalis Juz.,Potentilla orientalis Juz.,Invalid,Sibbaldianthe orientalis,(Juz. ex Soják) Mosyakin & Shiyan,Rosaceae,Sibbaldianthe,Species,77160566-1,exact_full
Potentilla pamiroalaica Juz.,Potentilla pamiroalaica Juz.,Accepted,Potentilla pamiroalaica,Juz.,Rosaceae,Potentilla,Species,728658-1,exact_full
Potentilla pedata Willd. ex Hornem.,Potentilla pedata Willd. ex Hornem.,Accepted,Potentilla pedata,Willd. ex Hornem.,Rosaceae,Potentilla,Species,927620-1,name_multi_author_ok
Potentilla reptans L.,Potentilla reptans L.,Accepted,Potentilla reptans,L.,Rosaceae,Potentilla,Species,324739-2,name_multi_author_ok
Potentilla soongarica Bunge,Potentilla soongorica Bunge,Accepted,Potentilla soongorica,Bunge,Rosaceae,Potentilla,Species,728999-1,manual_alias
Potentilla supina L.,Potentilla supina L.,Accepted,Potentilla supina,L.,Rosaceae,Potentilla,Species,729071-1,name_multi_author_ok
Potentilla tephroleuca Th. Wolf,Potentilla tephroleuca Th.Wolf,Accepted,Potentilla tephroleuca,Th.Wolf,Rosaceae,Potentilla,Species,729103-1,exact_full
Potentilla tephrosericea Juz.,Potentilla tephroserica Juz.,Accepted,Potentilla tephroserica,Juz.,Rosaceae,Potentilla,Species,729104-1,canon_fuzzy1
Potentilla tianschanica Th. Wolf,Potentilla tianschanica Th.Wolf,Accepted,Potentilla tianschanica,Th.Wolf,Rosaceae,Potentilla,Species,729124-1,exact_full
Potentilla tschimganica Soják,Potentilla tschimganica Soják,Accepted,Potentilla tschimganica,Soják,Rosaceae,Potentilla,Species,933006-1,exact_full
Potentilla virgata Lehm.,Potentilla virgata Lehm.,Accepted,Potentilla virgata,Lehm.,Rosaceae,Potentilla,Species,729226-1,exact_full
Potentilla vvedenskyi Botsch.,Potentilla vvedenskyi Botsch.,Accepted,Potentilla vvedenskyi,Botsch.,Rosaceae,Potentilla,Species,729247-1,exact_full
Poterium lasiocarpum Boiss. & Hausskn.,Poterium lasiocarpum Boiss. & Hausskn.,Synonym,Sanguisorba minor subsp. lasiocarpa,(Boiss. & Hausskn.) Nordborg,Rosaceae,Sanguisorba,Subspecies,77253041-1,exact_full
Poterium polygamum Waldst. & Kitag.,Poterium polygamum Waldst. & Kit.,Synonym,Sanguisorba minor subsp. balearica,(Bourg. ex Nyman) Muñoz Garm. & C.Navarro,Rosaceae,Sanguisorba,Subspecies,1002286-1,distribution_resolved
Prangos ammophila (Bunge) Pimenov & V.N. Tikhom.,Prangos ammophila (Bunge) Pimenov & V.N.Tikhom.,Accepted,Prangos ammophila,(Bunge) Pimenov & V.N.Tikhom.,Apiaceae,Prangos,Species,984621-1,exact_full
Prangos bucharica B. Fedtsch,Prangos bucharica O.Fedtsch.,Accepted,Prangos bucharica,O.Fedtsch.,Apiaceae,Prangos,Species,847420-1,exact_name_unique
Prangos didyma (Regel) Pimenov & V.N. Tikhom.,Prangos didyma (Regel) Pimenov & V.N.Tikhom.,Accepted,Prangos didyma,(Regel) Pimenov & V.N.Tikhom.,Apiaceae,Prangos,Species,984628-1,exact_full
Prangos fedtschenkoi (Regel & Schmalh.) Korovin,Prangos fedtschenkoi (Regel & Schmalh.) Korovin,Accepted,Prangos fedtschenkoi,(Regel & Schmalh.) Korovin,Apiaceae,Prangos,Species,847440-1,exact_full
Prangos lipskyi Korovin,Prangos lipskyi Korovin,Accepted,Prangos lipskyi,Korovin,Apiaceae,Prangos,Species,847459-1,exact_full
Prangos odontalgica (Pall.) Herrnst. & Heyn,Prangos odontalgica (Pall.) Herrnst. & Heyn,Accepted,Prangos odontalgica,(Pall.) Herrnst. & Heyn,Apiaceae,Prangos,Species,847466-1,exact_full
Prangos ornata Kuzmina,Prangos ornata Kuzjmina,Accepted,Prangos ornata,Kuzjmina,Apiaceae,Prangos,Species,847468-1,exact_name_unique
Prangos pabularia Lindl.,Prangos pabularia Lindl.,Accepted,Prangos pabularia,Lindl.,Apiaceae,Prangos,Species,847470-1,exact_full
Prangos tschimganica B. Fedtsch.,Prangos tschimganica O.Fedtsch.,Accepted,Prangos tschimganica,O.Fedtsch.,Apiaceae,Prangos,Species,847491-1,exact_name_unique
Prenanthes mira (Pavlov) Kamelin,Prenanthes mira (Pavlov) Kamelin,Accepted,Prenanthes mira,(Pavlov) Kamelin,Asteraceae,Prenanthes,Species,986098-1,exact_full
Primula algida Adams,Primula algida Adams,Accepted,Primula algida,Adams,Primulaceae,Primula,Species,701520-1,exact_full
Primula baldshuanica B. Fedtsch.,Primula baldshuanica B.Fedtsch.,Accepted,Primula baldshuanica,B.Fedtsch.,Primulaceae,Primula,Species,701592-1,exact_full
Primula capitellata Boiss.,Primula capitellata Boiss.,Accepted,Primula capitellata,Boiss.,Primulaceae,Primula,Species,701677-1,exact_full
Primula fedtschenkoi Regel,Primula fedtschenkoi Regel,Accepted,Primula fedtschenkoi,Regel,Primulaceae,Primula,Species,701919-1,exact_full
Primula geranophylla Kovalevsk.,Primula geranophylla Kovalevsk.,Accepted,Primula geranophylla,Kovalevsk.,Primulaceae,Primula,Species,701966-1,exact_full
Primula iljinskii Fed.,Primula iljinskii Fed.,Accepted,Primula iljinskii,Fed.,Primulaceae,Primula,Species,702075-1,exact_full
Primula kaufmanniana Regel,Primula kaufmanniana Regel,Accepted,Primula kaufmanniana,Regel,Primulaceae,Primula,Species,702124-1,exact_full
Primula lactiflora Turkev.,Primula lactiflora Turkev.,Illegitimate,Primula turkeviczii,V.V.Byalt,Primulaceae,Primula,Species,60442342-2,name_multi_author_ok
Primula minkwitziae W.W. Smith,Primula minkwitziae W.W.Sm.,Accepted,Primula minkwitziae,W.W.Sm.,Primulaceae,Primula,Species,702277-1,exact_name_unique
Primula olgae Regel,Primula olgae Regel,Accepted,Primula olgae,Regel,Primulaceae,Primula,Species,702368-1,exact_full
Primula pamirica Fed.,Primula pamirica Fed.,Accepted,Primula pamirica,Fed.,Primulaceae,Primula,Species,702388-1,exact_full
Prunella vulgaris L.,Prunella vulgaris L.,Accepted,Prunella vulgaris,L.,Lamiaceae,Prunella,Species,455176-1,exact_full
Prunus divaricata Ledeb.,Prunus divaricata Ledeb.,Synonym,Prunus cerasifera,Ehrh.,Rosaceae,Prunus,Species,729568-1,name_multi_author_ok
Prunus domestica L.,Prunus domestica L.,Accepted,Prunus domestica,L.,Rosaceae,Prunus,Species,30221374-2,exact_full
Prunus erythrocarpa (Nevski) Gilli,Prunus erythrocarpa (Nevski) Gilli,Accepted,Prunus erythrocarpa,(Nevski) Gilli,Rosaceae,Prunus,Species,729700-1,exact_full
Prunus spinosa L.,Prunus spinosa L.,Accepted,Prunus spinosa,L.,Rosaceae,Prunus,Species,730297-1,name_multi_author_ok
Prunus x ferganica Lincz.,Prunus × ferganica O.A.Lincz.,Accepted,Prunus × ferganica,O.A.Lincz.,Rosaceae,Prunus,Species,729710-1,exact_name_unique
Pseudoclausia tschimganica (Popov ex Botsch. & Vved.) A.V.Vassil.,Pseudoclausia tschimganica (Popov ex Botsch. & Vved.) A.V.Vassil.,Synonym,Parrya tschimganica,(Popov ex Botsch. & Vved.) D.A.German & Al-Shehbaz,Brassicaceae,Parrya,Species,77128850-1,exact_full
Pseudoclausia zerawschanica (Regel & Schmalh.) Botsch.,Pseudoclausia sarawschanica (Regel & Schmalh.) Botsch.,Synonym,Parrya sarawschanica,(Regel & Schmalh.) D.A.German & Al-Shehbaz,Brassicaceae,Parrya,Species,77128849-1,canon_fuzzy1
Pseudoglossanthis butkovii (Kovalevsk.) Kamelin,Pseudoglossanthis butkovii (Kovalevsk.) Kamelin,Accepted,Pseudoglossanthis butkovii,(Kovalevsk.) Kamelin,Asteraceae,Pseudoglossanthis,Species,986147-1,exact_full
Pseudoglossanthis litwinowii (Tzvelev) Kamelin,Pseudoglossanthis litwinowii (Krasch.) Kamelin,Accepted,Pseudoglossanthis litwinowii,(Krasch.) Kamelin,Asteraceae,Pseudoglossanthis,Species,986149-1,exact_name_unique
Pseudoglossanthis simulans (Pavlov) Kamelin,Pseudoglossanthis simulans (Pavlov) Kamelin,Accepted,Pseudoglossanthis simulans,(Pavlov) Kamelin,Asteraceae,Pseudoglossanthis,Species,986148-1,exact_full
Pseudoglossanthis tianschanica (Krasch.) Kamelin,Pseudoglossanthis tianschanica (Krasch.) Kamelin,Synonym,Richteria tianschanica,(Krasch.) Sonboli & Oberpr.,Asteraceae,Richteria,Species,77108092-1,exact_full
Pseudohandelia umbellifera (Boiss.) Tzvelev,Pseudohandelia umbellifera (Boiss.) Tzvelev,Accepted,Pseudohandelia umbellifera,(Boiss.) Tzvelev,Asteraceae,Pseudohandelia,Species,239865-1,exact_full
Pseudolinosyris grimmii (Regel & Schmalh.) Novopokr.,Pseudolinosyris grimmii (Regel & Schmalh.) Novopokr.,Synonym,Galatella grimmii,(Regel & Schmalh.) Sennikov,Asteraceae,Galatella,Species,77215168-1,exact_full
Pseudosedum bucharicum Boriss.,Pseudosedum bucharicum Boriss.,Accepted,Pseudosedum bucharicum,Boriss.,Crassulaceae,Pseudosedum,Species,274721-1,exact_full
Pseudosedum campanuliflorum Boriss.,Pseudosedum campanuliflorum Boriss.,Accepted,Pseudosedum campanuliflorum,Boriss.,Crassulaceae,Pseudosedum,Species,274722-1,exact_full
Pseudosedum condensatum Boriss.,Pseudosedum condensatum Boriss.,Accepted,Pseudosedum condensatum,Boriss.,Crassulaceae,Pseudosedum,Species,274723-1,exact_full
Pseudosedum fedtschenkoanum Boriss.,Pseudosedum fedtschenkoanum Boriss.,Accepted,Pseudosedum fedtschenkoanum,Boriss.,Crassulaceae,Pseudosedum,Species,274724-1,exact_full
Pseudosedum ferganense Boiss.,Pseudosedum ferganense Boriss.,Accepted,Pseudosedum ferganense,Boriss.,Crassulaceae,Pseudosedum,Species,274725-1,exact_name_unique
Pseudosedum lievenii (Ledeb.) A. Berger,Pseudosedum lievenii (Ledeb.) A.Berger,Accepted,Pseudosedum lievenii,(Ledeb.) A.Berger,Crassulaceae,Pseudosedum,Species,274729-1,exact_full
Pseudosedum longidentatum Boiss.,Pseudosedum longidentatum Boriss.,Accepted,Pseudosedum longidentatum,Boriss.,Crassulaceae,Pseudosedum,Species,274730-1,exact_name_unique
Psilurus incurvus (Gouan) Schinz & Thell.,Psilurus incurvus (Gouan) Schinz & Thell.,Synonym,Festuca incurva,(Gouan) Gutermann,Poaceae,Festuca,Species,77144481-1,exact_full
Psychrogeton aucherii (DC.) Grierson,Psychrogeton aucheri (DC.) Grierson,Accepted,Psychrogeton aucheri,(DC.) Grierson,Asteraceae,Psychrogeton,Species,240020-1,canon_exact
Psychrogeton cabulicum Boiss.,Psychrogeton cabulicus Boiss.,Accepted,Psychrogeton cabulicus,Boiss.,Asteraceae,Psychrogeton,Species,240024-1,canon_exact
Psychrogeton leucophyllus (Bunge) Novopokr.,Psychrogeton leucophyllus (Bunge) Novopokr.,Synonym,Psychrogeton amorphoglossus,(Boiss.) Novopokr.,Asteraceae,Psychrogeton,Species,240018-1,exact_full
Psychrogeton olgae (Regel & Schmalh.) Novopokr. ex Nevski,Psychrogeton olgae (Regel & Schmalh.) Novopokr. ex Nevski,Accepted,Psychrogeton olgae,(Regel & Schmalh.) Novopokr. ex Nevski,Asteraceae,Psychrogeton,Species,240037-1,exact_full
Psychrogeton primuloides (Popov) Grieson,Psychrogeton primuloides (Popov) Grierson,Accepted,Psychrogeton primuloides,(Popov) Grierson,Asteraceae,Psychrogeton,Species,240040-1,exact_name_unique
Psychrogeton pseudoerigeron (Bunge) Novopokr. ex Nevski,Psychrogeton pseudoerigeron (Bunge) Novopokr. ex Nevski,Accepted,Psychrogeton pseudoerigeron,(Bunge) Novopokr. ex Nevski,Asteraceae,Psychrogeton,Species,240041-1,exact_full
Psylliostachys anceps (Regel) Roshkova,Psylliostachys anceps (Regel) Roshkova,Accepted,Psylliostachys anceps,(Regel) Roshkova,Plumbaginaceae,Psylliostachys,Species,687112-1,exact_full
Psylliostachys leptostachya (Boiss.) Roshkova,Psylliostachys leptostachyus (Boiss.) Roshkova,Accepted,Psylliostachys leptostachyus,(Boiss.) Roshkova,Plumbaginaceae,Psylliostachys,Species,687117-1,canon_exact
Psylliostachys suworowii (Regel) Roshkova,Psylliostachys suworowii (Regel) Roshkova,Accepted,Psylliostachys suworowii,(Regel) Roshkova,Plumbaginaceae,Psylliostachys,Species,687122-1,exact_full
Psylliostachys x androssovii Roshkova,Psylliostachys × androssovii Roshkova,Accepted,Psylliostachys × androssovii,Roshkova,Plumbaginaceae,Psylliostachys,Species,687113-1,exact_full
Psylliostachys x myosuroides (Regel) Roshkova,Psylliostachys × myosuroides (Regel) Roshkova,Accepted,Psylliostachys × myosuroides,(Regel) Roshkova,Plumbaginaceae,Psylliostachys,Species,687118-1,exact_full
Pterocephalus afghanicus (Aitsch. & Hemsl.) Boiss.,Pterocephalus afghanicus (Aitch. & Hemsl.) Boiss.,Accepted,Pterocephalus afghanicus,(Aitch. & Hemsl.) Boiss.,Caprifoliaceae,Pterocephalus,Species,50972163-1,exact_name_unique
Pterotheca aralensis Bunge,Pterotheca aralensis Bunge,Synonym,Crepis sancta subsp. sancta,"",Asteraceae,Crepis,Subspecies,77180476-1,exact_full
Puccinellia distans (Jacq.) Parl.,Puccinellia distans (Jacq.) Parl.,Accepted,Puccinellia distans,(Jacq.) Parl.,Poaceae,Puccinellia,Species,1026660-2,exact_full
Puccinellia dolicholepis V. Krecz.,Puccinellia dolicholepis (V.I.Krecz.) Pavlov,Accepted,Puccinellia dolicholepis,(V.I.Krecz.) Pavlov,Poaceae,Puccinellia,Species,419013-1,exact_name_unique
Puccinellia hackeliana V. Krecz.,Puccinellia hackeliana (V.I.Krecz.) V.I.Krecz. ex Drobov,Accepted,Puccinellia hackeliana,(V.I.Krecz.) V.I.Krecz. ex Drobov,Poaceae,Puccinellia,Species,419045-1,exact_name_unique
Puccinellia poecilantha (C.Koch.) V. Krecz.,Puccinellia poecilantha (K.Koch) Grossh.,Accepted,Puccinellia poecilantha,(K.Koch) Grossh.,Poaceae,Puccinellia,Species,419132-1,exact_name_unique
Puccinellia subspicata V. Krecz.,Puccinellia subspicata (V.I.Krecz.) V.I.Krecz. ex Ovcz. & Czukav.,Accepted,Puccinellia subspicata,(V.I.Krecz.) V.I.Krecz. ex Ovcz. & Czukav.,Poaceae,Puccinellia,Species,419172-1,exact_name_unique
Pulicaria gnaphalodes (Vent) Boiss.,Pulicaria gnaphalodes (Vent.) Boiss.,Accepted,Pulicaria gnaphalodes,(Vent.) Boiss.,Asteraceae,Pulicaria,Species,240538-1,exact_name_unique
Pulicaria salviifolia Bunge,Pulicaria salviifolia Bunge,Accepted,Pulicaria salviifolia,Bunge,Asteraceae,Pulicaria,Species,927973-1,exact_full
Pulicaria uliginosa Steven ex DC.,Pulicaria uliginosa Steven ex DC.,Illegitimate,Pulicaria dysenterica subsp. uliginosa,Nyman,Asteraceae,Pulicaria,Subspecies,77252797-1,name_multi_author_ok
Pulicaria vulgaris Gaertn.,Pulicaria vulgaris Gaertn.,Accepted,Pulicaria vulgaris,Gaertn.,Asteraceae,Pulicaria,Species,240626-1,exact_full
Pulsatilla campanella Fisch. ex Krylov,Pulsatilla campanella (Regel & Tiling) Fisch. ex Krylov,Accepted,Pulsatilla campanella,(Regel & Tiling) Fisch. ex Krylov,Ranunculaceae,Pulsatilla,Species,711956-1,exact_name_unique
Punica granatum L.,Punica granatum L.,Accepted,Punica granatum,L.,Lythraceae,Punica,Species,554129-1,exact_full
Pycreus flavescens (L.) Reichenb.,Pycreus flavescens (L.) P.Beauv. ex Rchb.,Synonym,Cyperus flavescens,L.,Cyperaceae,Cyperus,Species,74698-2,exact_name_unique
Pycreus globosus (All.) Reichenb.,Pycreus globosus Rchb.,Synonym,Cyperus flavidus,Retz.,Cyperaceae,Cyperus,Species,304527-1,exact_name_unique
Pycreus korshinskyi (Meinsh.) V. Krecz.,Pycreus korshinskyi (Meinsh.) V.I.Krecz.,Synonym,Cyperus sanguinolentus,Vahl,Cyperaceae,Cyperus,Species,332091-2,exact_name_unique
Pyrethrum galae Popov,Pyrethrum galae Popov,Synonym,Tanacetum galae,(Popov) Nevski,Asteraceae,Tanacetum,Species,252327-1,exact_full
Pyrethrum karelinii Krasch.,Pyrethrum karelinii Krasch.,Synonym,Tanacetum richterioides,(C.Winkl.) K.Bremer & Humphries,Asteraceae,Tanacetum,Species,975100-1,exact_full
Pyrethrum leontopodium (C. Winkl.) Tzvelev,Pyrethrum leontopodium (C.Winkl.) Tzvelev,Synonym,Richteria leontopodium,C.Winkl.,Asteraceae,Richteria,Species,241476-1,exact_full
Pyrethrum parthenifolium Willd.,Tanacetum partheniifolium (Willd.) Sch.Bip.,Accepted,Tanacetum partheniifolium,(Willd.) Sch.Bip.,Asteraceae,Tanacetum,Species,252459-1,manual_alias
Pyrethrum pyrethroides (Kar. & Kir.) B. Fedtsch. ex Krasch.,Pyrethrum pyrethroides (Kar. & Kir.) B.Fedtsch. ex Krasch.,Synonym,Richteria pyrethroides,Kar. & Kir.,Asteraceae,Richteria,Species,241477-1,exact_full
Pyrola rotundifolia L.,Pyrola rotundifolia L.,Accepted,Pyrola rotundifolia,L.,Ericaceae,Pyrola,Species,331846-1,exact_full
Pyrus asiae-mediae Popov,Pyrus asiae-mediae (Popov) Maleev,Accepted,Pyrus asiae-mediae,(Popov) Maleev,Rosaceae,Pyrus,Species,730696-1,exact_name_unique
Pyrus communis L.,Pyrus communis L.,Accepted,Pyrus communis,L.,Rosaceae,Pyrus,Species,30065762-2,exact_full
Pyrus korshinskyi Litv.,Pyrus korshinskyi Litv.,Accepted,Pyrus korshinskyi,Litv.,Rosaceae,Pyrus,Species,730971-1,exact_full
Pyrus regellii Rehd.,Pyrus regelii Rehder,Accepted,Pyrus regelii,Rehder,Rosaceae,Pyrus,Species,731164-1,canon_exact
Pyrus turkomanica Maleev,Pyrus turcomanica Maleev,Accepted,Pyrus turcomanica,Maleev,Rosaceae,Pyrus,Species,731323-1,canon_exact
Pyrus vavilovii Popov,Pyrus × vavilovii Popov,Accepted,Pyrus × vavilovii,Popov,Rosaceae,Pyrus,Species,731344-1,canon_exact
Queria hispanica L.,Queria hispanica L.,Synonym,Minuartia hamata,(Hausskn. & Bornm.) Mattf.,Caryophyllaceae,Minuartia,Species,155532-1,exact_full
Ranunculus alajensis Ostenf.,Ranunculus alaiensis Ostenf.,Accepted,Ranunculus alaiensis,Ostenf.,Ranunculaceae,Ranunculus,Species,712145-1,canon_exact
Ranunculus arvensis L.,Ranunculus arvensis L.,Accepted,Ranunculus arvensis,L.,Ranunculaceae,Ranunculus,Species,712240-1,exact_full
Ranunculus baldshuanicus Regel ex Kom.,Ranunculus baldschuanicus Regel ex Kom.,Accepted,Ranunculus baldschuanicus,Regel ex Kom.,Ranunculaceae,Ranunculus,Species,712280-1,canon_exact
Ranunculus botschantzevii Ovcz.,Ranunculus botschantzevii Ovcz.,Accepted,Ranunculus botschantzevii,Ovcz.,Ranunculaceae,Ranunculus,Species,978281-1,exact_full
Ranunculus chaffanjonii Danguy ex Finet & Gagnep.,Ranunculus chaffanjonii Danguy ex Finet & Gagnep.,Synonym,Ranunculus olgae,Regel,Ranunculaceae,Ranunculus,Species,713363-1,exact_full
Ranunculus chinensis Bunge,Ranunculus chinensis Bunge,Synonym,Ranunculus cantoniensis,DC.,Ranunculaceae,Ranunculus,Species,712402-1,exact_full
Ranunculus convexiusculus Kovalevsk.,Ranunculus convexiusculus Kovalevsk.,Accepted,Ranunculus convexiusculus,Kovalevsk.,Ranunculaceae,Ranunculus,Species,712515-1,exact_full
Ranunculus komarovii Freyn,Ranunculus komarowii Freyn,Accepted,Ranunculus komarowii,Freyn,Ranunculaceae,Ranunculus,Species,713020-1,canon_exact
Ranunculus laetus Wall. ex Hook. f. & J.W. Thomson,Ranunculus laetus Wall. ex D.Don,Illegitimate,Ranunculus distans,D.Don,Ranunculaceae,Ranunculus,Species,712611-1,manual_alias
Ranunculus linearilobus Bunge,Ranunculus linearilobus Bunge,Accepted,Ranunculus linearilobus,Bunge,Ranunculaceae,Ranunculus,Species,713101-1,exact_full
Ranunculus lomatocarpus Fisch. & C.A. Mey.,Ranunculus lomatocarpus Fisch. & C.A.Mey.,Synonym,Ranunculus cornutus var. cornutus,"",Ranunculaceae,Ranunculus,Variety,77225906-1,exact_full
Ranunculus longilobus Ovcz.,Ranunculus longilobus Ovcz.,Illegitimate,Ranunculus baranovianus,Schegol. & A.V.Grebenjuk,Ranunculaceae,Ranunculus,Species,77331097-1,name_multi_author_ok
Ranunculus michaelis Kovalevsk.,Ranunculus michaelis Kovalevsk.,Accepted,Ranunculus michaelis,Kovalevsk.,Ranunculaceae,Ranunculus,Species,713213-1,exact_full
Ranunculus mindshelkensis B.Fedtsch.,Ranunculus mindshelkensis B.Fedtsch.,Accepted,Ranunculus mindshelkensis,B.Fedtsch.,Ranunculaceae,Ranunculus,Species,713230-1,exact_full
Ranunculus muricatus L.,Ranunculus muricatus L.,Accepted,Ranunculus muricatus,L.,Ranunculaceae,Ranunculus,Species,324977-2,name_multi_author_ok
Ranunculus natans C.A.Mey.,Ranunculus natans C.A.Mey.,Accepted,Ranunculus natans,C.A.Mey.,Ranunculaceae,Ranunculus,Species,713303-1,name_multi_author_ok
Ranunculus olgae Regel,Ranunculus olgae Regel,Accepted,Ranunculus olgae,Regel,Ranunculaceae,Ranunculus,Species,713363-1,name_multi_author_ok
Ranunculus oxyspermus Willd.,Ranunculus oxyspermus Willd.,Accepted,Ranunculus oxyspermus,Willd.,Ranunculaceae,Ranunculus,Species,713403-1,exact_full
Ranunculus paucidentatus Schrenk,Ranunculus paucidentatus Schrenk,Accepted,Ranunculus paucidentatus,Schrenk,Ranunculaceae,Ranunculus,Species,713456-1,exact_full
Ranunculus pinnatisectus Popov,Ranunculus pinnatisectus Popov,Accepted,Ranunculus pinnatisectus,Popov,Ranunculaceae,Ranunculus,Species,713527-1,exact_full
Ranunculus platyspermus Fisch. ex DC.,Ranunculus platyspermus Fisch. ex DC.,Accepted,Ranunculus platyspermus,Fisch. ex DC.,Ranunculaceae,Ranunculus,Species,713541-1,exact_full
Ranunculus polyanthemos L.,Ranunculus polyanthemos L.,Accepted,Ranunculus polyanthemos,L.,Ranunculaceae,Ranunculus,Species,713553-1,exact_full
Ranunculus polyrhizos Stephan ex Willd.,Ranunculus polyrhizos Stephan ex Willd.,Accepted,Ranunculus polyrhizos,Stephan ex Willd.,Ranunculaceae,Ranunculus,Species,713563-1,exact_full
Ranunculus pskemensis V. N. Pavlov,Ranunculus pskemensis V.N.Pavlov,Accepted,Ranunculus pskemensis,V.N.Pavlov,Ranunculaceae,Ranunculus,Species,713625-1,exact_full
Ranunculus pulchellus C.A.Mey.,Ranunculus pulchellus Ledeb. ex Spreng.,Accepted,Ranunculus pulchellus,Ledeb. ex Spreng.,Ranunculaceae,Ranunculus,Species,713633-1,exact_name_unique
Ranunculus regelianus Ovcz.,Ranunculus regelianus Ovcz.,Accepted,Ranunculus regelianus,Ovcz.,Ranunculaceae,Ranunculus,Species,713671-1,exact_full
Ranunculus repens L.,Ranunculus repens L.,Accepted,Ranunculus repens,L.,Ranunculaceae,Ranunculus,Species,713678-1,exact_full
Ranunculus rubrocalyx Regel ex Kom.,Ranunculus rubrocalyx Regel ex Kom.,Accepted,Ranunculus rubrocalyx,Regel ex Kom.,Ranunculaceae,Ranunculus,Species,713717-1,exact_full
Ranunculus rufosepalus Franch.,Ranunculus rufosepalus Franch.,Accepted,Ranunculus rufosepalus,Franch.,Ranunculaceae,Ranunculus,Species,713720-1,exact_full
Ranunculus sceleratus L.,Ranunculus sceleratus L.,Accepted,Ranunculus sceleratus,L.,Ranunculaceae,Ranunculus,Species,713776-1,exact_full
Ranunculus sewerzowii Regel,Ranunculus sewerzowii Regel,Accepted,Ranunculus sewerzowii,Regel,Ranunculaceae,Ranunculus,Species,713820-1,exact_full
Ranunculus songaricus Schrenk,Ranunculus songaricus Schrenk,Accepted,Ranunculus songaricus,Schrenk,Ranunculaceae,Ranunculus,Species,713851-1,exact_full
Ranunculus tenuilobus Regel ex Kom.,Ranunculus tenuilobus Regel ex Kom.,Accepted,Ranunculus tenuilobus,Regel ex Kom.,Ranunculaceae,Ranunculus,Species,713958-1,exact_full
Ranunculus tojibaevii Schegol. & Turginov,Ranunculus tojibaevii Schegol. & Turginov,Accepted,Ranunculus tojibaevii,Schegol. & Turginov,Ranunculaceae,Ranunculus,Species,77296907-1,exact_full
Ranunculus turkestanicus Franch.,Ranunculus turkestanicus Franch.,Accepted,Ranunculus turkestanicus,Franch.,Ranunculaceae,Ranunculus,Species,714036-1,exact_full
Raphanus raphanistrum L.,Raphanus raphanistrum L.,Accepted,Raphanus raphanistrum,L.,Brassicaceae,Raphanus,Species,217826-2,exact_full
Rapistrum rugosum (L.) All.,Rapistrum rugosum (L.) All.,Accepted,Rapistrum rugosum,(L.) All.,Brassicaceae,Rapistrum,Species,1061021-2,exact_full
Reaumuria babataghi Botsch.,Reaumuria babataghi Botsch.,Accepted,Reaumuria babataghi,Botsch.,Tamaricaceae,Reaumuria,Species,932170-1,exact_full
Reaumuria fruticosa Bunge ex Boiss.,Reaumuria fruticosa Boiss.,Accepted,Reaumuria fruticosa,Boiss.,Tamaricaceae,Reaumuria,Species,827995-1,exact_name_unique
Reaumuria oxiana (Ledeb.) Boiss.,Reaumuria oxiana (Ledeb.) Boiss.,Accepted,Reaumuria oxiana,(Ledeb.) Boiss.,Tamaricaceae,Reaumuria,Species,828007-1,exact_full
Reaumuria reflexa Lipsky,Reaumuria reflexa Lipsky,Accepted,Reaumuria reflexa,Lipsky,Tamaricaceae,Reaumuria,Species,828012-1,exact_full
Reaumuria sogdiana Kom.,Reaumuria sogdiana Kom.,Accepted,Reaumuria sogdiana,Kom.,Tamaricaceae,Reaumuria,Species,828013-1,exact_full
Reaumuria turkestanica Gorschk.,Reaumuria turkestanica Gorschk.,Accepted,Reaumuria turkestanica,Gorschk.,Tamaricaceae,Reaumuria,Species,828020-1,exact_full
Reseda bucharica Litv.,Reseda bucharica Litv.,Accepted,Reseda bucharica,Litv.,Resedaceae,Reseda,Species,715447-1,exact_full
Reseda lutea L.,Reseda lutea L.,Accepted,Reseda lutea,L.,Resedaceae,Reseda,Species,715534-1,exact_full
Reseda luteola L.,Reseda luteola L.,Accepted,Reseda luteola,L.,Resedaceae,Reseda,Species,715535-1,exact_full
Restella albertii (Regel) Pobed.,Restella alberti (Regel) Pobed.,Accepted,Restella alberti,(Regel) Pobed.,Thymelaeaceae,Restella,Species,832732-1,canon_exact
Rhabdotheca korovinii (Popov) Kirp.,Rhabdotheca korovinii (Popov) Kirp. ex Kovalevsk.,Synonym,Launaea korovinii,(Popov) Popov ex Pavlov,Asteraceae,Launaea,Species,77181873-1,exact_name_unique
Rhamnus cathartica L.,Rhamnus cathartica L.,Accepted,Rhamnus cathartica,L.,Rhamnaceae,Rhamnus,Species,718256-1,exact_full
Rhamnus coriacea (Regel) Kom.,Rhamnus coriacea (Regel) Kom.,Illegitimate,Rhamnus songorica,Gontsch.,Rhamnaceae,Rhamnus,Species,718668-1,name_multi_author_ok
Rhamnus dolichophylla Gontsch.,Rhamnus dolichophylla Gontsch.,Accepted,Rhamnus dolichophylla,Gontsch.,Rhamnaceae,Rhamnus,Species,718314-1,exact_full
Rhamnus minuta Grubov,Rhamnus minuta Grubov,Illegitimate,Rhamnus grubovii,I.M.Turner,Rhamnaceae,Rhamnus,Species,77143792-1,exact_full
Rhamnus sintenisii Rech. f.,Rhamnus sintenisii Rech.f.,Synonym,Rhamnus erythroxyloides subsp. sintenisii,(Rech.f.) Mabb.,Rhamnaceae,Rhamnus,Subspecies,923760-1,exact_full
Rhaponticum integrifolium C. Winkl.,Rhaponticum integrifolium C.Winkl.,Accepted,Rhaponticum integrifolium,C.Winkl.,Asteraceae,Rhaponticum,Species,241408-1,exact_full
Rhaponticum namanganicum Iljin,Rhaponticum namanganicum Iljin,Accepted,Rhaponticum namanganicum,Iljin,Asteraceae,Rhaponticum,Species,241419-1,exact_full
Rhaponticum nanum Lipsky,Rhaponticum nanum Lipsky,Accepted,Rhaponticum nanum,Lipsky,Asteraceae,Rhaponticum,Species,241420-1,exact_full
Rhaponticum nitidum Fisch.,Rhaponticum nitidum Fisch. ex DC.,Accepted,Rhaponticum nitidum,Fisch. ex DC.,Asteraceae,Rhaponticum,Species,241421-1,exact_name_unique
Rheum cordatum Losinsk.,Rheum cordatum Losinsk.,Accepted,Rheum cordatum,Losinsk.,Polygonaceae,Rheum,Species,696722-1,exact_full
Rheum fedtschenkoi Maxim. ex Regel,Rheum fedtschenkoi Maxim. ex Regel,Accepted,Rheum fedtschenkoi,Maxim. ex Regel,Polygonaceae,Rheum,Species,696737-1,exact_full
Rheum macrocarpum Losinsk.,Rheum macrocarpum Losinsk.,Accepted,Rheum macrocarpum,Losinsk.,Polygonaceae,Rheum,Species,696753-1,exact_full
Rheum maximowiczii Losinsk.,Rheum maximowiczii Losinsk.,Accepted,Rheum maximowiczii,Losinsk.,Polygonaceae,Rheum,Species,696756-1,exact_full
Rheum tataricum L. f.,Rheum tataricum L.f.,Accepted,Rheum tataricum,L.f.,Polygonaceae,Rheum,Species,696804-1,exact_full
Rheum turkestanicum Janisch.,Rheum turkestanicum Janisch.,Accepted,Rheum turkestanicum,Janisch.,Polygonaceae,Rheum,Species,696807-1,exact_full
Rheum wittrockii E. Lundstr.,Rheum wittrockii C.E.Lundstr.,Accepted,Rheum wittrockii,C.E.Lundstr.,Polygonaceae,Rheum,Species,696812-1,exact_name_unique
Rhinactinidia limoniifolia (Less.) Novopokr. ex Botsch.,Rhinactinidia limoniifolia (Less.) Novopokr. ex Botsch.,Synonym,Aster lingii,G.J.Zhang & T.G.Gao,Asteraceae,Aster,Species,77177708-1,exact_full
Rhinactinidia popovii (Botsch.) Botsch.,Rhinactinidia popovii (Botsch.) Botsch.,Synonym,Aster popovii,Botsch.,Asteraceae,Aster,Species,182034-1,exact_full
Rhinanthus songaricus (Sterneck) B. Fedtsch.,Rhinanthus songaricus (Sterneck) B.Fedtsch.,Synonym,Rhinanthus borbasii subsp. songaricus,(Sterneck) Soó,Orobanchaceae,Rhinanthus,Subspecies,77252076-1,exact_full
Rhinopetalum bucharicum (Regel) Losinsk.,Rhinopetalum bucharicum (Regel) Losinsk.,Synonym,Fritillaria bucharica,Regel,Liliaceae,Fritillaria,Species,535080-1,exact_full
Rhinopetalum gibbosum (Boiss.) Losinsk. & Vved.,Rhinopetalum gibbosum (Boiss.) Losinsk. & Vved.,Synonym,Fritillaria gibbosa,Boiss.,Liliaceae,Fritillaria,Species,535144-1,exact_full
Rhinopetalum karelinii Fisch.,Rhinopetalum karelinii Fisch. ex D.Don,Synonym,Fritillaria karelinii,(Fisch. ex D.Don) Baker,Liliaceae,Fritillaria,Species,535177-1,exact_name_unique
Rhinopetalum stenanterum Regel,Rhinopetalum stenantherum Regel,Synonym,Fritillaria stenanthera,(Regel) Regel,Liliaceae,Fritillaria,Species,77177042-1,canon_exact
Rhizocephalus orientalis Boiss.,Rhizocephalus orientalis Boiss.,Accepted,Rhizocephalus orientalis,Boiss.,Poaceae,Rhizocephalus,Species,419380-1,exact_full
Rhodiola gelida Schrenk,Rhodiola gelida Schrenk ex Fisch. & C.A.Mey.,Accepted,Rhodiola gelida,Schrenk ex Fisch. & C.A.Mey.,Crassulaceae,Rhodiola,Species,274805-1,exact_name_unique
Rhodiola heterodonta (Hook f. & Thomson) Boriss.,Rhodiola heterodonta (Hook.f. & Thomson) Boriss.,Accepted,Rhodiola heterodonta,(Hook.f. & Thomson) Boriss.,Crassulaceae,Rhodiola,Species,274808-1,exact_name_unique
Rhodiola linearifolia Boriss.,Rhodiola linearifolia Boriss.,Synonym,Rhodiola kirilowii,(Regel) Maxim.,Crassulaceae,Rhodiola,Species,274823-1,name_multi_author_ok
Rhodiola litvinovii Boriss.,Rhodiola litvinovii Boriss.,Accepted,Rhodiola litvinovii,Boriss.,Crassulaceae,Rhodiola,Species,274831-1,exact_full
Rhus coriaria L.,Rhus coriaria L.,Accepted,Rhus coriaria,L.,Anacardiaceae,Rhus,Species,70477-1,exact_full
Ribes heterotrichum C.A. Mey.,Ribes heterotrichum C.A.Mey.,Accepted,Ribes heterotrichum,C.A.Mey.,Grossulariaceae,Ribes,Species,792737-1,name_multi_author_ok
Ribes janczewskii Pojark.,Ribes janczewskii Pojark.,Accepted,Ribes janczewskii,Pojark.,Grossulariaceae,Ribes,Species,792779-1,exact_full
Ribes malvifolium C.A. Mey.,Ribes malvifolium Pojark.,Accepted,Ribes malvifolium,Pojark.,Grossulariaceae,Ribes,Species,792832-1,exact_name_unique
Ribes meyeri Maxim.,Ribes meyeri Maxim.,Accepted,Ribes meyeri,Maxim.,Grossulariaceae,Ribes,Species,792847-1,exact_full
Rindera austroechinata Popov,Rindera austroechinata Popov,Accepted,Rindera austroechinata,Popov,Boraginaceae,Rindera,Species,120466-1,exact_full
Rindera cristulata Lipsky,Rindera cristulata Lipsky,Accepted,Rindera cristulata,Lipsky,Boraginaceae,Rindera,Species,120477-1,exact_full
Rindera echinata Regel,Rindera echinata Regel,Accepted,Rindera echinata,Regel,Boraginaceae,Rindera,Species,120479-1,exact_full
Rindera fornicata Pazij,Rindera fornicata Pazij,Accepted,Rindera fornicata,Pazij,Boraginaceae,Rindera,Species,120483-1,exact_full
Rindera holochiton Popov,Rindera holochiton Popov,Accepted,Rindera holochiton,Popov,Boraginaceae,Rindera,Species,120488-1,exact_full
Rindera kuhitangica Raenko,Rindera kuhitangica Raenko,Accepted,Rindera kuhitangica,Raenko,Boraginaceae,Rindera,Species,50426256-2,exact_full
Rindera oblongifolia Popov,Rindera oblongifolia Popov,Accepted,Rindera oblongifolia,Popov,Boraginaceae,Rindera,Species,120502-1,exact_full
Rindera tetraspis Pall.,Rindera tetraspis Pall.,Accepted,Rindera tetraspis,Pall.,Boraginaceae,Rindera,Species,120509-1,exact_full
Rochelia bungei Trautv.,Rochelia bungei Trautv.,Accepted,Rochelia bungei,Trautv.,Boraginaceae,Rochelia,Species,120531-1,exact_full
Rochelia campanulata Popov & Zakirov,Rochelia campanulata Popov & Zakirov,Accepted,Rochelia campanulata,Popov & Zakirov,Boraginaceae,Rochelia,Species,120532-1,exact_full
Rochelia cardiosepala Bunge,Rochelia cardiosepala Bunge,Accepted,Rochelia cardiosepala,Bunge,Boraginaceae,Rochelia,Species,120534-1,exact_full
Rochelia disperma (L. f.) Koch,Rochelia disperma (L.f.) K.Koch,Accepted,Rochelia disperma,(L.f.) K.Koch,Boraginaceae,Rochelia,Species,120539-1,exact_name_unique
Rochelia jackabaghi (Lipsky) Pavlov ex Pavlov & Popov,Rochelia jackabaghii (Lipsky) Pavlov,Accepted,Rochelia jackabaghii,(Lipsky) Pavlov,Boraginaceae,Rochelia,Species,120547-1,canon_exact
Rochelia leiocarpa Ledeb.,Rochelia leiocarpa Ledeb.,Accepted,Rochelia leiocarpa,Ledeb.,Boraginaceae,Rochelia,Species,120552-1,exact_full
Rochelia peduncularis Boiss.,Rochelia peduncularis Boiss.,Accepted,Rochelia peduncularis,Boiss.,Boraginaceae,Rochelia,Species,120565-1,exact_full
Rochelia rectipes Stocks,Rochelia rectipes Stocks,Accepted,Rochelia rectipes,Stocks,Boraginaceae,Rochelia,Species,120570-1,exact_full
Rochelia retorta (Pall.) Lipsky,Rochelia retorta (Pall.) Lipsky,Accepted,Rochelia retorta,(Pall.) Lipsky,Boraginaceae,Rochelia,Species,77205554-1,exact_full
Roemeria hybrida (L.) DC.,Roemeria hybrida (L.) DC.,Accepted,Roemeria hybrida,(L.) DC.,Papaveraceae,Roemeria,Species,63003-3,exact_full
Roemeria refracta DC.,Roemeria refracta DC.,Accepted,Roemeria refracta,DC.,Papaveraceae,Roemeria,Species,673947-1,exact_full
Rorippa austriaca (Crantz) Spach,Rorippa austriaca (Crantz) Besser,Accepted,Rorippa austriaca,(Crantz) Besser,Brassicaceae,Rorippa,Species,77378282-1,exact_name_unique
Rorippa brachycarpa (C.A. Mey.) Hayek,Rorippa brachycarpa (C.A.Mey.) Hayek,Accepted,Rorippa brachycarpa,(C.A.Mey.) Hayek,Brassicaceae,Rorippa,Species,288722-1,exact_full
Rorippa palustris (L.) Bess.,Rorippa palustris (L.) Besser,Accepted,Rorippa palustris,(L.) Besser,Brassicaceae,Rorippa,Species,288669-1,exact_name_unique
Rorippa silvestris (L.) Besser,Rorippa silvestris Fuss,Orthographic,Rorippa sylvestris,(L.) Besser,Brassicaceae,Rorippa,Species,288692-1,exact_name_unique
Rosa achburensis Chrshan.,Rosa achburensis Chrshan.,Accepted,Rosa achburensis,Chrshan.,Rosaceae,Rosa,Species,731445-1,exact_full
Rosa albertii Regel,Rosa alberti Regel,Accepted,Rosa alberti,Regel,Rosaceae,Rosa,Species,731506-1,canon_exact
Rosa ambigua N. F. Russanov,Rosa ambigua N.F.Russanov,Unplaced,,,,,,,name_multi_author_ok
Rosa beggeriana Schrenk,Rosa beggeriana Schrenk ex Fisch. & C.A.Mey.,Accepted,Rosa beggeriana,Schrenk ex Fisch. & C.A.Mey.,Rosaceae,Rosa,Species,731741-1,exact_name_unique
Rosa canina L.,Rosa canina L.,Accepted,Rosa canina,L.,Rosaceae,Rosa,Species,731955-1,exact_full
Rosa corymbifera Borkh.,Rosa corymbifera Borkh.,Accepted,Rosa corymbifera,Borkh.,Rosaceae,Rosa,Species,732177-1,exact_full
Rosa divina Sumnev.,Rosa divina Sumnev.,Synonym,Rosa kokanica,(Regel) Regel ex Juz.,Rosaceae,Rosa,Species,733009-1,exact_full
Rosa ecae Aitch.,Rosa ecae Aitch.,Accepted,Rosa ecae,Aitch.,Rosaceae,Rosa,Species,732370-1,name_multi_author_ok
Rosa fedtschenkoana Regel,Rosa fedtschenkoana Regel,Synonym,Rosa webbiana,Wall. ex Royle,Rosaceae,Rosa,Species,60464129-2,exact_full
Rosa foetida Herrm.,Rosa foetida Herrm.,Accepted,Rosa foetida,Herrm.,Rosaceae,Rosa,Species,732502-1,name_multi_author_ok
Rosa hissarica Slobodova,Rosa hissarica Slobodov,Synonym,Rosa maracandica,Bunge,Rosaceae,Rosa,Species,927954-1,exact_name_unique
Rosa iberica Stev.,Rosa iberica Steven ex M.Bieb.,Accepted,Rosa iberica,Steven ex M.Bieb.,Rosaceae,Rosa,Species,732864-1,exact_name_unique
Rosa kokanica (Regel) Regel ex Juz.,Rosa kokanica (Regel) Regel ex Juz.,Accepted,Rosa kokanica,(Regel) Regel ex Juz.,Rosaceae,Rosa,Species,733009-1,exact_full
Rosa korshinskiana Boulenger,Rosa korschinskiana Boulenger,Synonym,Rosa webbiana,Wall. ex Royle,Rosaceae,Rosa,Species,60464129-2,canon_exact
Rosa kuhitangi Nevski,Rosa kuhitangi Nevski,Synonym,Rosa maracandica,Bunge,Rosaceae,Rosa,Species,927954-1,exact_full
Rosa laxa Retz.,Rosa laxa Retz.,Accepted,Rosa laxa,Retz.,Rosaceae,Rosa,Species,733084-1,name_multi_author_ok
Rosa lehmanniana Bunge,Rosa lehmanniana Bunge,Synonym,Rosa beggeriana var. beggeriana,"",Rosaceae,Rosa,Variety,77231111-1,exact_full
Rosa maracandica Bunge,Rosa maracandica Bunge,Accepted,Rosa maracandica,Bunge,Rosaceae,Rosa,Species,927954-1,exact_full
Rosa nanothamnus Boulenger,Rosa nanothamnus Boulenger,Synonym,Rosa maracandica,Bunge,Rosaceae,Rosa,Species,927954-1,exact_full
Rosa ovczinnikovii Koczk.,Rosa ovczinnikovii Kochk.,Synonym,Rosa kokanica,(Regel) Regel ex Juz.,Rosaceae,Rosa,Species,733009-1,exact_name_unique
Rosa persica Michx. ex Juss.,Rosa persica Michx. ex Juss.,Accepted,Rosa persica,Michx. ex Juss.,Rosaceae,Rosa,Species,733660-1,name_multi_author_ok
Rosa piptocalyx Juz.,Rosa × piptocalyx Juz.,Accepted,Rosa × piptocalyx,Juz.,Rosaceae,Rosa,Species,733692-1,canon_exact
Rosa popovii Chrshan.,Rosa popovii Chrshan.,Accepted,Rosa popovii,Chrshan.,Rosaceae,Rosa,Species,733739-1,exact_full
Rosa sumneviczii Korotkova,Rosa sumneviczii Korotkova,Synonym,Rosa kokanica,(Regel) Regel ex Juz.,Rosaceae,Rosa,Species,733009-1,exact_full
Rosa transturkestanica N.F. Russanov,Rosa transturkestanica N.F.Russanov,Accepted,Rosa transturkestanica,N.F.Russanov,Rosaceae,Rosa,Species,984352-1,exact_full
Rosa vassilczenkoi Tkatsch.,Rosa vassilczenkoi Tkatsch.,Accepted,Rosa vassilczenkoi,Tkatsch.,Rosaceae,Rosa,Species,734630-1,exact_full
Rosularia alpestris (Kar. & Kir.) Boiss.,Rosularia alpestris (Kar. & Kir.) Boriss.,Accepted,Rosularia alpestris,(Kar. & Kir.) Boriss.,Crassulaceae,Rosularia,Species,274930-1,exact_name_unique
Rosularia borissovae U.P. Pratov,Rosularia borissovae U.P.Pratov,Accepted,Rosularia borissovae,U.P.Pratov,Crassulaceae,Rosularia,Species,274931-1,exact_full
Rosularia glabra (Regel & Winkl.) A. Berger,Rosularia glabra (Regel & C.Winkl.) A.Berger,Accepted,Rosularia glabra,(Regel & C.Winkl.) A.Berger,Crassulaceae,Rosularia,Species,274936-1,exact_name_unique
Rosularia hissarica Boriss.,Rosularia hissarica Boriss.,Synonym,Rosularia viguieri,(Raym.-Hamet) J.M.H.Shaw ex G.R.Sarwar,Crassulaceae,Rosularia,Species,77186982-1,exact_full
Rosularia paniculata (Regel & Schmalh.) A. Berger,Rosularia paniculata (Regel & Schmalh.) A.Berger,Synonym,Rosularia radicosa,(Boiss. & Hohen.) Eggli,Crassulaceae,Rosularia,Species,945826-1,exact_full
Rosularia subspicata (Freyn & Sint.) Boriss.,Rosularia subspicata (Freyn) Boriss.,Accepted,Rosularia subspicata,(Freyn) Boriss.,Crassulaceae,Rosularia,Species,274971-1,exact_name_unique
Rosularia turkestanica (Regel & Schmalh.) A. Berger,Rosularia turkestanica (Regel & C.Winkl.) A.Berger,Accepted,Rosularia turkestanica,(Regel & C.Winkl.) A.Berger,Crassulaceae,Rosularia,Species,274973-1,exact_name_unique
Rotala densiflora (Roth) Koehne,Rotala densiflora (Roth) Koehne,Accepted,Rotala densiflora,(Roth) Koehne,Lythraceae,Rotala,Species,554161-1,exact_full
Rotala indica (Willd.) Koehne,Rotala indica (Willd.) Koehne,Accepted,Rotala indica,(Willd.) Koehne,Lythraceae,Rotala,Species,554186-1,exact_full
Rubia alaica Pachomova,Rubia alaica Pachom.,Accepted,Rubia alaica,Pachom.,Rubiaceae,Rubia,Species,934243-1,exact_name_unique
Rubia chitralensis Ehrend.,Rubia chitralensis Ehrend.,Accepted,Rubia chitralensis,Ehrend.,Rubiaceae,Rubia,Species,765210-1,exact_full
Rubia laevissima Tscherneva,Rubia laevissima Tschern.,Accepted,Rubia laevissima,Tschern.,Rubiaceae,Rubia,Species,765279-1,exact_name_unique
Rubia laxiflora Gontsch.,Rubia laxiflora Gontsch.,Accepted,Rubia laxiflora,Gontsch.,Rubiaceae,Rubia,Species,765282-1,exact_full
Rubia regelii Pojark.,Rubia regelii Pojark.,Accepted,Rubia regelii,Pojark.,Rubiaceae,Rubia,Species,765333-1,exact_full
Rubia tinctorium L.,Rubia tinctorum L.,Accepted,Rubia tinctorum,L.,Rubiaceae,Rubia,Species,765369-1,canon_fuzzy1
Rubus caesius L.,Rubus caesius L.,Accepted,Rubus caesius,L.,Rosaceae,Rubus,Species,735608-1,name_multi_author_ok
Rubus idaeus L.,Rubus idaeus L.,Accepted,Rubus idaeus,L.,Rosaceae,Rubus,Species,298089-2,exact_full
Rumex acetosa L.,Rumex acetosa L.,Accepted,Rumex acetosa,L.,Polygonaceae,Rumex,Species,332105-2,exact_full
Rumex confertus Willd.,Rumex confertus Willd.,Accepted,Rumex confertus,Willd.,Polygonaceae,Rumex,Species,697000-1,exact_full
Rumex conglomeratus Murrey,Rumex conglomeratus Murray,Accepted,Rumex conglomeratus,Murray,Polygonaceae,Rumex,Species,697003-1,exact_name_unique
Rumex crispus L.,Rumex crispus L.,Accepted,Rumex crispus,L.,Polygonaceae,Rumex,Species,224413-2,name_multi_author_ok
Rumex drobovii Korovin,Rumex drobovii Korovin,Synonym,Rumex chalepensis,Mill.,Polygonaceae,Rumex,Species,696983-1,exact_full
Rumex halacsyi Rech.,Rumex halacsyi Rech.,Synonym,Rumex dentatus subsp. halacsyi,(Rech.) Rech.f.,Polygonaceae,Rumex,Subspecies,77250503-1,exact_full
Rumex marschallianus Rchb.,Rumex marschallianus Rchb.,Accepted,Rumex marschallianus,Rchb.,Polygonaceae,Rumex,Species,697297-1,exact_full
Rumex pamiricus Rech. f.,Rumex pamiricus Rech.f.,Synonym,Rumex patientia subsp. pamiricus,(Rech.f.) Rech.f.,Polygonaceae,Rumex,Subspecies,77251702-1,exact_full
Rumex paulsenianus Rech. f.,Rumex paulsenianus Rech.f.,Accepted,Rumex paulsenianus,Rech.f.,Polygonaceae,Rumex,Species,697391-1,exact_full
Rumex popovii Pachomova,Rumex popovii Pachom.,Accepted,Rumex popovii,Pachom.,Polygonaceae,Rumex,Species,697413-1,exact_name_unique
Rumex rectinervis Rech. f.,Rumex rectinervius Rech.f.,Accepted,Rumex rectinervius,Rech.f.,Polygonaceae,Rumex,Species,697445-1,canon_fuzzy1
Rumex similans Rech. f.,Rumex similans Rech.f.,Accepted,Rumex similans,Rech.f.,Polygonaceae,Rumex,Species,697503-1,exact_full
Rumex syriacus Meissn.,Rumex syriacus Meisn.,Synonym,Rumex chalepensis,Mill.,Polygonaceae,Rumex,Species,696983-1,exact_name_unique
Rumex thyrsiflorus Fingerh.,Rumex thyrsiflorus Fingerh.,Accepted,Rumex thyrsiflorus,Fingerh.,Polygonaceae,Rumex,Species,224511-2,exact_full
Rumex tianschanicus Losinsk. ex Pavlov,Rumex tianschanicus Losinsk. ex Pavlov,Invalid,Rumex tianschanicus,Losinsk.,Polygonaceae,Rumex,Species,697559-1,name_multi_author_ok
Ruppia maritima L.,Ruppia maritima L.,Accepted,Ruppia maritima,L.,Ruppiaceae,Ruppia,Species,224565-2,exact_full
Russowia sogdiana (Bunge) B. Fedtsch.,Russowia sogdiana (Bunge) B.Fedtsch.,Accepted,Russowia sogdiana,(Bunge) B.Fedtsch.,Asteraceae,Russowia,Species,241819-1,exact_full
Saccharum spontaneum L.,Saccharum spontaneum L.,Accepted,Saccharum spontaneum,L.,Poaceae,Saccharum,Species,420031-1,exact_full
Sageretia thea (Osbeck) M.S.Johnst.,Sageretia thea (Osbeck) M.C.Johnst.,Accepted,Sageretia thea,(Osbeck) M.C.Johnst.,Rhamnaceae,Sageretia,Species,718819-1,exact_name_unique
Sagina saginoides (L.) H.Karst.,Sagina saginoides (L.) H.Karst.,Accepted,Sagina saginoides,(L.) H.Karst.,Caryophyllaceae,Sagina,Species,156521-1,exact_full
Sagittaria trifolia L.,Sagittaria trifolia L.,Accepted,Sagittaria trifolia,L.,Alismataceae,Sagittaria,Species,58596-1,exact_full
Salicornia europaea L.,Salicornia europaea L.,Accepted,Salicornia europaea,L.,Amaranthaceae,Salicornia,Species,166520-1,exact_full
Salix alba L.,Salix alba L.,Accepted,Salix alba,L.,Salicaceae,Salix,Species,776974-1,name_multi_author_ok
Salix capusii Franch.,Salix capusii Franch.,Accepted,Salix capusii,Franch.,Salicaceae,Salix,Species,777262-1,exact_full
Salix cinerea L.,Salix cinerea L.,Accepted,Salix cinerea,L.,Salicaceae,Salix,Species,301107-2,name_multi_author_ok
Salix iliensis Regel,Salix iliensis Regel,Accepted,Salix iliensis,Regel,Salicaceae,Salix,Species,777848-1,exact_full
Salix linearifolia E. Wolf (S. blakii Goerz),Salix linearifolia E.L.Wolf,Illegitimate,Salix blakii,Goerz,Salicaceae,Salix,Species,777174-1,distribution_resolved
Salix niedzwieckii Goerz,Salix niedzwieckii Goerz,Accepted,Salix niedzwieckii,Goerz,Salicaceae,Salix,Species,778289-1,exact_full
Salix olgae Regel,Salix olgae Regel,Accepted,Salix olgae,Regel,Salicaceae,Salix,Species,778348-1,exact_full
Salix pycnostachya Anderss.,Salix pycnostachya Andersson,Accepted,Salix pycnostachya,Andersson,Salicaceae,Salix,Species,778622-1,exact_name_unique
Salix rosmarinifolia L.,Salix rosmarinifolia L.,Accepted,Salix rosmarinifolia,L.,Salicaceae,Salix,Species,302680-2,name_multi_author_ok
Salix songarica Anderss.,Salix songarica Andersson,Accepted,Salix songarica,Andersson,Salicaceae,Salix,Species,778875-1,exact_name_unique
Salix tianschanica Regel,Salix tianschanica Regel,Accepted,Salix tianschanica,Regel,Salicaceae,Salix,Species,779022-1,exact_full
Salix turanica Nas.,Salix turanica Nasarow,Accepted,Salix turanica,Nasarow,Salicaceae,Salix,Species,779075-1,exact_name_unique
Salix wilhelmsiana M. Bieb.,Salix wilhelmsiana M.Bieb.,Accepted,Salix wilhelmsiana,M.Bieb.,Salicaceae,Salix,Species,779201-1,exact_full
Salsola androssovii Litv.,Turania androssowii (Litv.) Akhani,Accepted,Turania androssowii,(Litv.) Akhani,Amaranthaceae,Turania,Species,77089118-1,manual_alias
Salsola angusta Botsch.,Salsola angusta Botsch.,Accepted,Salsola angusta,Botsch.,Amaranthaceae,Salsola,Species,166646-1,exact_full
Salsola aperta Paulsen,Salsola aperta Paulsen,Synonym,Turania aperta,(Paulsen) Akhani,Amaranthaceae,Turania,Species,77089117-1,exact_full
Salsola arbuscula Pall.,Salsola arbuscula Pall.,Synonym,Xylosalsola arbuscula,(Pall.) Tzvelev,Amaranthaceae,Xylosalsola,Species,972539-1,exact_full
Salsola chiwensis Popov,Salsola chiwensis Popov,Synonym,Xylosalsola chiwensis,(Popov) Akhani & Roalson,Amaranthaceae,Xylosalsola,Species,77089188-1,exact_full
Salsola collina Pall.,Salsola collina Pall.,Accepted,Salsola collina,Pall.,Amaranthaceae,Salsola,Species,166737-1,exact_full
Salsola dendroides Pall.,Salsola dendroides Pall.,Synonym,Caroxylon dendroides,(Pall.) Tzvelev,Amaranthaceae,Caroxylon,Species,972506-1,exact_full
Salsola deserticola Iljin,Salsola deserticola Iljin,Synonym,Turania deserticola,(Iljin) Akhani,Amaranthaceae,Turania,Species,77089119-1,exact_full
Salsola drobovii Botsch.,Salsola drobovii Botsch.,Synonym,Oreosalsola drobovii,(Botsch.) Akhani,Amaranthaceae,Oreosalsola,Species,77153613-1,exact_full
Salsola foliosa (L.) Schrad.,Salsola foliosa (L.) Schrad. ex Schult.,Synonym,Soda foliosa,(L.) Akhani,Amaranthaceae,Soda,Species,77215009-1,exact_name_unique
Salsola forcipitata Iljin,Salsola forcipitata Iljin,Synonym,Caroxylon forcipitatum,(Iljin) Akhani & Roalson,Amaranthaceae,Caroxylon,Species,77089150-1,exact_full
Salsola gemmascens Pall.,Salsola gemmascens Pall.,Synonym,Caroxylon gemmascens,(Pall.) Tzvelev,Amaranthaceae,Caroxylon,Species,972508-1,exact_full
Salsola iberica Sennen & Pau,Salsola iberica (Sennen & Pau) Botsch. ex Czerep.,Synonym,Salsola tragus,L.,Amaranthaceae,Salsola,Species,307757-2,exact_name_unique
Salsola implicata Botsch.,Salsola implicata Botsch.,Synonym,Caroxylon scleranthum,(C.A.Mey.) Akhani & Roalson,Amaranthaceae,Caroxylon,Species,77089163-1,exact_full
Salsola incanescens C.A. Mey.,Salsola incanescens C.A.Mey.,Synonym,Caroxylon incanescens,(C.A.Mey.) Akhani & Roalson,Amaranthaceae,Caroxylon,Species,77089154-1,exact_full
Salsola leptoclada Gand.,Salsola leptoclada Gand.,Synonym,Caroxylon turkestanicum,(Litv.) Akhani & Roalson,Amaranthaceae,Caroxylon,Species,77089167-1,exact_full
Salsola lipschitzii Botsch.,Salsola lipschitzii Botsch.,Synonym,Oreosalsola lipschitzii,(Botsch.) Akhani,Amaranthaceae,Oreosalsola,Species,77153615-1,exact_full
Salsola micranthera Botsch.=Caroxylon micrantherum (Botsch.) Sukhor.,Salsola micranthera Botsch.,Synonym,Caroxylon micrantherum,(Botsch.) Sukhor.,Amaranthaceae,Caroxylon,Species,77146220-1,exact_name_unique
Salsola montana Litv.,Salsola montana Litv.,Synonym,Oreosalsola montana,(Litv.) Akhani,Amaranthaceae,Oreosalsola,Species,77153610-1,exact_full
Salsola nitraria Pall.,Salsola nitraria Pall.,Synonym,Caroxylon nitrarium,(Pall.) Akhani & Roalson,Amaranthaceae,Caroxylon,Species,77089159-1,exact_full
Salsola orientalis S.G. Gmel.,Salsola orientalis S.G.Gmel.,Synonym,Caroxylon orientale,(S.G.Gmel.) Tzvelev,Amaranthaceae,Caroxylon,Species,972504-1,exact_full
Salsola paletzkiana Litv.,Salsola paletzkiana Litv.,Synonym,Xylosalsola paletzkiana,(Litv.) Akhani & Roalson,Amaranthaceae,Xylosalsola,Species,77089124-1,exact_full
Salsola paulsenii Litv.,Salsola paulsenii Litv.,Accepted,Salsola paulsenii,Litv.,Amaranthaceae,Salsola,Species,51025254-1,exact_full
Salsola praecox (Litv.) Iljin,Salsola praecox (Litv.) Litv.,Accepted,Salsola praecox,(Litv.) Litv.,Amaranthaceae,Salsola,Species,77115375-1,exact_name_unique
Salsola richteri (Moq.) Kar. ex Litv.,Salsola richteri (Moq.) Karel ex Litv.,Synonym,Xylosalsola richteri,(Moq.) Akhani & Roalson,Amaranthaceae,Xylosalsola,Species,77089123-1,exact_name_unique
Salsola sclerantha C.A. Mey.,Salsola sclerantha C.A.Mey.,Synonym,Caroxylon scleranthum,(C.A.Mey.) Akhani & Roalson,Amaranthaceae,Caroxylon,Species,77089163-1,exact_full
Salsola sogdiana Bunge,Salsola sogdiana Bunge,Synonym,Turania sogdiana,(Bunge) Akhani,Amaranthaceae,Turania,Species,77089116-1,exact_full
Salsola titovii Botsch.,Salsola titovii Botsch.,Synonym,Akhania canescens,(Moq.) Sukhor.,Amaranthaceae,Akhania,Species,77306623-1,exact_full
Salsola turkestanica Litv.,Salsola turkestanica Litv.,Synonym,Caroxylon turkestanicum,(Litv.) Akhani & Roalson,Amaranthaceae,Caroxylon,Species,77089167-1,exact_full
Salsola vvedenskyi Iljin & Popov,Salsola vvedenskyi Iljin & Popov,Synonym,Kaviria vvedenskyi,(Iljin & Popov) Akhani,Amaranthaceae,Kaviria,Species,77089234-1,exact_full
Salvia aequidens Botsch.,Salvia aequidens Botsch.,Accepted,Salvia aequidens,Botsch.,Lamiaceae,Salvia,Species,77177303-1,exact_full
Salvia aethiopis L.,Salvia aethiopis L.,Accepted,Salvia aethiopis,L.,Lamiaceae,Salvia,Species,455581-1,exact_full
Salvia ariana Hedge,Salvia ariana Hedge,Accepted,Salvia ariana,Hedge,Lamiaceae,Salvia,Species,455674-1,exact_full
Salvia bucharica Popov,Salvia bucharica Popov,Accepted,Salvia bucharica,Popov,Lamiaceae,Salvia,Species,455829-1,exact_full
Salvia deserta Schangin,Salvia deserta Schangin,Accepted,Salvia deserta,Schangin,Lamiaceae,Salvia,Species,456094-1,exact_full
Salvia drobovii Botsch.,Salvia drobovii Botsch.,Accepted,Salvia drobovii,Botsch.,Lamiaceae,Salvia,Species,77176871-1,exact_full
Salvia glabricaulis Pobed.,Salvia glabricaulis Pobed.,Accepted,Salvia glabricaulis,Pobed.,Lamiaceae,Salvia,Species,456284-1,exact_full
Salvia insignis Kudrjasch.,Salvia insignis Kudr.,Accepted,Salvia insignis,Kudr.,Lamiaceae,Salvia,Species,77176701-1,exact_name_unique
Salvia komarovii Pobed.,Salvia komarovii Pobed.,Accepted,Salvia komarovii,Pobed.,Lamiaceae,Salvia,Species,456482-1,exact_full
Salvia korolkovii Regel & Schmalh.,Salvia korolkovii Regel & Schmalh.,Accepted,Salvia korolkovii,Regel & Schmalh.,Lamiaceae,Salvia,Species,456483-1,exact_full
Salvia lilacinocaerulea Nevski,Salvia lilacinocoerulea Nevski,Accepted,Salvia lilacinocoerulea,Nevski,Lamiaceae,Salvia,Species,456571-1,canon_exact
Salvia macrosiphon Boiss.,Salvia macrosiphon Boiss.,Accepted,Salvia macrosiphon,Boiss.,Lamiaceae,Salvia,Species,456633-1,exact_full
Salvia margaritae Botsch.,Salvia margaritae Botsch.,Accepted,Salvia margaritae,Botsch.,Lamiaceae,Salvia,Species,77176654-1,exact_full
Salvia nemoroza L.,Salvia nemorosa L.,Accepted,Salvia nemorosa,L.,Lamiaceae,Salvia,Species,456774-1,manual_alias
Salvia sarawschanica Regel & Schmalh.,Salvia sarawschanica Regel & Schmalh.,Accepted,Salvia sarawschanica,Regel & Schmalh.,Lamiaceae,Salvia,Species,77176771-1,exact_full
Salvia sclarea L.,Salvia sclarea L.,Accepted,Salvia sclarea,L.,Lamiaceae,Salvia,Species,457210-1,exact_full
Salvia spinosa L.,Salvia spinosa L.,Accepted,Salvia spinosa,L.,Lamiaceae,Salvia,Species,457293-1,name_multi_author_ok
Salvia submutica Botsch. & Vved.,Salvia submutica Botsch. & Vved.,Accepted,Salvia submutica,Botsch. & Vved.,Lamiaceae,Salvia,Species,457324-1,exact_full
Salvia tianschanica Makhm.,Salvia tianschanica Machm.,Accepted,Salvia tianschanica,Machm.,Lamiaceae,Salvia,Species,457393-1,exact_name_unique
Salvia turcomanica Pobed.,Salvia turcomanica Pobed.,Accepted,Salvia turcomanica,Pobed.,Lamiaceae,Salvia,Species,457452-1,exact_full
Salvia virgata Jacq.,Salvia virgata Jacq.,Accepted,Salvia virgata,Jacq.,Lamiaceae,Salvia,Species,77177389-1,name_multi_author_ok
Salvinia natans (L.) All.,Salvinia natans (L.) All.,Accepted,Salvinia natans,(L.) All.,Salviniaceae,Salvinia,Species,17219920-1,exact_full
Samolus valerandi L.,Samolus valerandi L.,Accepted,Samolus valerandi,L.,Primulaceae,Samolus,Species,30021527-2,exact_full
Sanguisorba alpina Bunge,Sanguisorba alpina Bunge,Accepted,Sanguisorba alpina,Bunge,Rosaceae,Sanguisorba,Species,741331-1,exact_full
Sanguisorba officinalis L.,Sanguisorba officinalis L.,Accepted,Sanguisorba officinalis,L.,Rosaceae,Sanguisorba,Species,741402-1,exact_full
Saponaria griffithiana Boiss.,Saponaria griffithiana Boiss.,Accepted,Saponaria griffithiana,Boiss.,Caryophyllaceae,Saponaria,Species,156595-1,exact_full
Saponaria gypsacea Vved.,Saponaria gypsacea Vved.,Accepted,Saponaria gypsacea,Vved.,Caryophyllaceae,Saponaria,Species,978242-1,exact_full
Satureja hortensis L.,Satureja hortensis L.,Accepted,Satureja hortensis,L.,Lamiaceae,Satureja,Species,457680-1,exact_full
Saussurea chondrilloides C. Winkl.,Saussurea chondrilloides C.Winkl.,Accepted,Saussurea chondrilloides,C.Winkl.,Asteraceae,Saussurea,Species,242159-1,exact_full
Saussurea elegans Ledeb.,Saussurea elegans Ledeb.,Accepted,Saussurea elegans,Ledeb.,Asteraceae,Saussurea,Species,242228-1,exact_full
Saussurea ispajensis Iljin,Saussurea ispajensis Iljin,Accepted,Saussurea ispajensis,Iljin,Asteraceae,Saussurea,Species,242332-1,exact_full
Saussurea salsa (Pall.) Spreng.,Saussurea salsa (Pall.) Spreng.,Accepted,Saussurea salsa,(Pall.) Spreng.,Asteraceae,Saussurea,Species,242622-1,exact_full
Saxifraga albertii Regel & Schmalh.,Saxifraga alberti Regel & Schmalh.,Accepted,Saxifraga alberti,Regel & Schmalh.,Saxifragaceae,Saxifraga,Species,793173-1,canon_exact
Saxifraga hirculus L.,Saxifraga hirculus L.,Accepted,Saxifraga hirculus,L.,Saxifragaceae,Saxifraga,Species,228461-2,exact_full
Saxifraga sibirica L.,Saxifraga sibirica L.,Accepted,Saxifraga sibirica,L.,Saxifragaceae,Saxifraga,Species,794530-1,exact_full
Scabiosa alpestris Kar. & Kir.,Scabiosa alpestris Kar. & Kir.,Synonym,Lomelosia alpestris,(Kar. & Kir.) Soják,Caprifoliaceae,Lomelosia,Species,944966-1,name_multi_author_ok
Scabiosa flavida Boiss. & Hausskn.,Scabiosa flavida Boiss. & Hausskn.,Synonym,Lomelosia flavida,(Boiss. & Hausskn.) Soják,Caprifoliaceae,Lomelosia,Species,944970-1,exact_full
Scabiosa micrantha Desf.,Scabiosa micrantha Desf.,Synonym,Lomelosia micrantha,(Desf.) Greuter & Burdet,Caprifoliaceae,Lomelosia,Species,915225-1,exact_full
Scabiosa olivierii Coult.,Scabiosa olivieri var. longiseta Bornm.,Synonym,Lomelosia olivieri,(Coult.) Greuter & Burdet,Caprifoliaceae,Lomelosia,Species,915228-1,canon_exact
Scabiosa rhodantha Kar. & Kir.,Scabiosa rhodantha Kar. & Kir.,Synonym,Lomelosia rhodantha,(Kar. & Kir.) Soják,Caprifoliaceae,Lomelosia,Species,944976-1,exact_full
Scabiosa songarica Schrenk,Scabiosa songarica Schrenk ex Fisch. & C.A.Mey.,Synonym,Lomelosia songarica,(Schrenk) Soják,Caprifoliaceae,Lomelosia,Species,944977-1,exact_name_unique
Scabiosa ulugbekii Zakirov,Scabiosa ulugbekii Zakirov,Synonym,Lomelosia ulugbekii,(Zakirov) Soják,Caprifoliaceae,Lomelosia,Species,944980-1,exact_full
Scandix pecten-veneris L.,Scandix pecten-veneris L.,Accepted,Scandix pecten-veneris,L.,Apiaceae,Scandix,Species,848035-1,exact_full
Scandix stellata Banks & Sol.,Scandix stellata Banks & Sol.,Accepted,Scandix stellata,Banks & Sol.,Apiaceae,Scandix,Species,848049-1,exact_full
"Scapiarabis karategina (Lipsky) M.A. Koch, R. Karl, D.A. German & Al-Shehbaz","Scapiarabis karategina (Lipsky) M.Koch, R.Karl, D.A.German & Al-Shehbaz",Accepted,Scapiarabis karategina,"(Lipsky) M.Koch, R.Karl, D.A.German & Al-Shehbaz",Brassicaceae,Scapiarabis,Species,77122980-1,exact_name_unique
"Scapiarabis popovii (Botsch. & Vved.) M.A. Koch, R. Karl, D.A. German & Al-Shehbaz","Scapiarabis popovii (Botsch. & Vved.) M.Koch, R.Karl, D.A.German & Al-Shehbaz",Accepted,Scapiarabis popovii,"(Botsch. & Vved.) M.Koch, R.Karl, D.A.German & Al-Shehbaz",Brassicaceae,Scapiarabis,Species,77122981-1,exact_name_unique
"Scapiarabis saxicola (Edgew.) M.A. Koch, R. Karl, D.A. German & Al-Shehbaz","Scapiarabis saxicola (Edgew.) M.Koch, R.Karl, D.A.German & Al-Shehbaz",Accepted,Scapiarabis saxicola,"(Edgew.) M.Koch, R.Karl, D.A.German & Al-Shehbaz",Brassicaceae,Scapiarabis,Species,77122982-1,exact_name_unique
Scariola orientalis (Boiss.) Soják,Scariola orientalis (Boiss.) Soják,Synonym,Lactuca orientalis,(Boiss.) Boiss.,Asteraceae,Lactuca,Species,228153-1,exact_full
Schischkinia albispina (Bunge) Iljin,Schischkinia albispina (Bunge) Iljin,Accepted,Schischkinia albispina,(Bunge) Iljin,Asteraceae,Schischkinia,Species,242836-1,exact_full
Schismus arabicus Nees,Schismus arabicus Nees,Accepted,Schismus arabicus,Nees,Poaceae,Schismus,Species,420830-1,exact_full
Schismus barbatus (L.) Thell.,Schismus barbatus (L.) Thell.,Accepted,Schismus barbatus,(L.) Thell.,Poaceae,Schismus,Species,60454203-2,exact_full
Schmalhausenia nidulans (Regel) Petr.,Schmalhausenia nidulans (Regel) Tscherneva,Illegitimate,Arctium nidulans,(Regel) Sennikov,Asteraceae,Arctium,Species,77117167-1,distribution_resolved
Schoenus nigricans L.,Schoenus nigricans L.,Accepted,Schoenus nigricans,L.,Cyperaceae,Schoenus,Species,312959-1,name_multi_author_ok
Schrenkia golickeana Regel & Schmalh.,Schrenkia golickeana (Regel & Schmalh.) B.Fedtsch.,Accepted,Schrenkia golickeana,(Regel & Schmalh.) B.Fedtsch.,Apiaceae,Schrenkia,Species,848098-1,exact_name_unique
Schrenkia pungens Regel & Schmalh.,Schrenkia pungens Regel & Schmalh.,Accepted,Schrenkia pungens,Regel & Schmalh.,Apiaceae,Schrenkia,Species,848106-1,exact_full
Schrenkia ugamica Korovin,Schrenkia ugamica Korovin,Accepted,Schrenkia ugamica,Korovin,Apiaceae,Schrenkia,Species,848111-1,exact_full
Schrenkia vaginata (Ledeb.) Fisch. & C.A. Mey.,Schrenkia vaginata (Ledeb.) Fisch. & C.A.Mey.,Accepted,Schrenkia vaginata,(Ledeb.) Fisch. & C.A.Mey.,Apiaceae,Schrenkia,Species,848112-1,exact_full
Schrenkiella parvula (Schrenk) D.A. German & Al-Shehbaz,Schrenkiella parvula (Schrenk) D.A.German & Al-Shehbaz,Accepted,Schrenkiella parvula,(Schrenk) D.A.German & Al-Shehbaz,Brassicaceae,Schrenkiella,Species,77109906-1,exact_full
Schtschurowskia meifolia Regel & Schmalh.,Schtschurowskia meifolia Regel & Schmalh.,Accepted,Schtschurowskia meifolia,Regel & Schmalh.,Apiaceae,Schtschurowskia,Species,848114-1,exact_full
Schulzia albiflora (Kar. & Kir.) Popov,Schulzia albiflora (Kar. & Kir.) Popov,Accepted,Schulzia albiflora,(Kar. & Kir.) Popov,Apiaceae,Schulzia,Species,77222095-1,exact_full
Scilla puschkinioides Regel,Scilla puschkinioides Regel,Synonym,Fessia puschkinioides,(Regel) Speta,Asparagaceae,Fessia,Species,1003456-1,exact_full
Scilla vvedenskyi Pazij,Scilla vvedenskyi Pazij,Synonym,Fessia vvedenskyi,(Pazij) Speta,Asparagaceae,Fessia,Species,1003458-1,exact_full
Scirpus bucharicus Roshev.,Scirpus bucharicus Roshev.,Synonym,Schoenoplectiella bucharica,(Roshev.) Hayas.,Cyperaceae,Schoenoplectiella,Species,77121907-1,exact_full
Scirpus hippolyti V. Krecz.,Scirpus hippolyti V.I.Krecz.,Synonym,Schoenoplectus lacustris subsp. hippolyti,(V.I.Krecz.) Kukkonen,Cyperaceae,Schoenoplectus,Subspecies,994518-1,exact_name_unique
Scirpus juncoides Roxb.,Scirpus juncoides Roxb.,Synonym,Schoenoplectiella juncoides,(Roxb.) Lye,Cyperaceae,Schoenoplectiella,Species,60432220-2,name_multi_author_ok
Scirpus kasachstanicus Dobrochot.,Scirpus kasachstanicus Dobrochot.,Synonym,Schoenoplectus litoralis subsp. kasachstanicus,(Dobrochot.) Soják,Cyperaceae,Schoenoplectus,Subspecies,879794-1,exact_full
Scirpus lacustris L.,Scirpus lacustris L.,Synonym,Schoenoplectus lacustris,(L.) Palla,Cyperaceae,Schoenoplectus,Species,1019162-1,exact_full
Scirpus lateriflorus J.F. Gmel.,Scirpus lateriflorus J.F.Gmel.,Synonym,Schoenoplectiella lateriflora,(J.F.Gmel.) Lye,Cyperaceae,Schoenoplectiella,Species,60432222-2,exact_full
Scirpus litoralis Schrad.,Scirpus litoralis Schrad.,Synonym,Schoenoplectus litoralis,(Schrad.) Palla,Cyperaceae,Schoenoplectus,Species,989624-1,name_multi_author_ok
Scirpus mucronatus L.,Scirpus mucronatus L.,Synonym,Schoenoplectiella mucronata,(L.) J.Jung & H.K.Choi,Cyperaceae,Schoenoplectiella,Species,77106233-1,name_multi_author_ok
Scirpus roylei (Nees) Parker,Scirpus roylei (Nees) R.Parker,Synonym,Schoenoplectiella roylei,(Nees) Lye,Cyperaceae,Schoenoplectiella,Species,60432231-2,exact_name_unique
Scirpus setaceus L.,Scirpus setaceus L.,Synonym,Isolepis setacea,(L.) R.Br.,Cyperaceae,Isolepis,Species,309559-1,name_multi_author_ok
Scirpus tabernaemontani C.C. Gmel.,Scirpus tabernaemontani C.C.Gmel.,Synonym,Schoenoplectus tabernaemontani,(C.C.Gmel.) Palla,Cyperaceae,Schoenoplectus,Species,1019164-1,name_multi_author_ok
Scirpus triqueter L.,Scirpus triqueter L.,Synonym,Schoenoplectus triqueter,(L.) Palla,Cyperaceae,Schoenoplectus,Species,1019165-1,name_multi_author_ok
Scirpus triquetriformis (V. Krecz.) T.V. Egorova,Scirpus × triquetriformis (V.I.Krecz.) T.V.Egorova,Synonym,Schoenoplectus × carinatus nothosubsp. triquetriformis,(V.I.Krecz.) Govaerts,Cyperaceae,Schoenoplectus,nothosubsp.,77084790-1,canon_exact
Sclerochloa dura Beauv.,Sclerochloa dura (L.) P.Beauv.,Accepted,Sclerochloa dura,(L.) P.Beauv.,Poaceae,Sclerochloa,Species,421086-1,exact_name_unique
Scorzonera acanthoclada Franch.,Scorzonera acanthoclada Franch.,Synonym,Ramaliella acanthoclada,(Franch.) Yıld.,Asteraceae,Ramaliella,Species,77297383-1,exact_full
Scorzonera bracteosa C. Winkl.,Scorzonera bracteosa C.Winkl.,Accepted,Scorzonera bracteosa,C.Winkl.,Asteraceae,Scorzonera,Species,243090-1,exact_full
Scorzonera bungei Krash. & Lipsch.,Scorzonera bungei Krasch. & Lipsch.,Accepted,Scorzonera bungei,Krasch. & Lipsch.,Asteraceae,Scorzonera,Species,243093-1,exact_name_unique
Scorzonera circumflexa Krasch. ex Lipsch.,Scorzonera circumflexa Krasch. & Lipsch.,Synonym,Gelasia circumflexa,"(Krasch. & Lipsch.) Zaika, Sukhor. & N.Kilian",Asteraceae,Gelasia,Species,77204017-1,exact_name_unique
Scorzonera franchetii Lipsch.,Scorzonera franchetii Lipsch.,Accepted,Scorzonera franchetii,Lipsch.,Asteraceae,Scorzonera,Species,243174-1,exact_full
Scorzonera gageoides Boiss.,Scorzonera gageoides Boiss.,Synonym,Gelasia gageoides,"(Boiss.) Karimov, Yuldashev, Yusupov, Kim & Tojibaev",Asteraceae,Gelasia,Species,77373852-1,exact_full
Scorzonera hissarica C. Winkl.,Scorzonera hissarica C.Winkl.,Synonym,Pseudopodospermum hissaricum,"(C.Winkl.) Zaika, Sukhor. & N.Kilian",Asteraceae,Pseudopodospermum,Species,77204092-1,exact_full
Scorzonera inconspicua Lipsch. ex Pavlov,Scorzonera inconspicua Lipsch.,Synonym,Pseudopodospermum inconspicuum,"(Lipsch.) Zaika, Sukhor. & N.Kilian",Asteraceae,Pseudopodospermum,Species,77204087-1,exact_name_unique
Scorzonera litwinowii Krasch. & Lipsch.,Scorzonera litwinowii Krasch. & Lipsch.,Synonym,Gelasia litwinowii,"(Krasch. & Lipsch.) Zaika, Sukhor. & N.Kilian",Asteraceae,Gelasia,Species,77204036-1,exact_full
Scorzonera ovata Trautv.,Scorzonera ovata Trautv.,Synonym,Pseudopodospermum ovatum,"(Trautv.) Zaika, Sukhor. & N.Kilian",Asteraceae,Pseudopodospermum,Species,77204075-1,exact_full
Scorzonera parviflora Jacq.,Scorzonera parviflora Jacq.,Accepted,Scorzonera parviflora,Jacq.,Asteraceae,Scorzonera,Species,243328-1,exact_full
Scorzonera petrovii Lipsch.,Scorzonera petrovii Lipsch.,Accepted,Scorzonera petrovii,Lipsch.,Asteraceae,Scorzonera,Species,243334-1,exact_full
Scorzonera pubescens DC.,Scorzonera pubescens DC.,Synonym,Pseudopodospermum pubescens,"(DC.) Zaika, Sukhor. & N.Kilian",Asteraceae,Pseudopodospermum,Species,77204067-1,exact_full
Scorzonera pusilla Pall.,Scorzonera pusilla Pall.,Synonym,Takhtajaniantha pusilla,(Pall.) Nazarova,Asteraceae,Takhtajaniantha,Species,962288-1,exact_full
Scorzonera rasemosa Franch.,Scorzonera racemosa Franch.,Accepted,Scorzonera racemosa,Franch.,Asteraceae,Scorzonera,Species,243365-1,canon_fuzzy1
Scorzonera sericeo-lanata (Bunge) Krash. & Lipsch.,Scorzonera sericeolanata (Bunge) Krasch. & Lipsch.,Synonym,Gelasia sericeolanata,(Bunge) Sennikov,Asteraceae,Gelasia,Species,77331166-1,canon_exact
Scorzonera songorica Lipsch. & Vassilcz.,Scorzonera songorica (Kar. & Kir.) Lipsch. & Vassilcz.,Accepted,Scorzonera songorica,(Kar. & Kir.) Lipsch. & Vassilcz.,Asteraceae,Scorzonera,Species,243412-1,ambiguous_same_target
Scorzonera tragopogonoides Regel & Schmalh.,Scorzonera tragopogonoides Regel & Schmalh.,Accepted,Scorzonera tragopogonoides,Regel & Schmalh.,Asteraceae,Scorzonera,Species,243450-1,exact_full
Scorzonera turkestanica Franch.,Scorzonera turkestanica Franch.,Accepted,Scorzonera turkestanica,Franch.,Asteraceae,Scorzonera,Species,243460-1,exact_full
Scrophularia botschanzevii Turak.,Scrophularia botschanzevii Turak.,Accepted,Scrophularia botschanzevii,Turak.,Scrophulariaceae,Scrophularia,Species,968110-1,exact_full
Scrophularia canescens Bong.,Scrophularia canescens Bong.,Accepted,Scrophularia canescens,Bong.,Scrophulariaceae,Scrophularia,Species,809082-1,exact_full
Scrophularia glabella Botsch. & Junussov,Scrophularia glabella Botsch. & Junussov,Accepted,Scrophularia glabella,Botsch. & Junussov,Scrophulariaceae,Scrophularia,Species,903042-1,exact_full
Scrophularia gontscharovii Gorschk.,Scrophularia gontscharovii Gorschk.,Accepted,Scrophularia gontscharovii,Gorschk.,Scrophulariaceae,Scrophularia,Species,809219-1,exact_full
Scrophularia griffithii Benth.,Scrophularia griffithii Benth.,Synonym,Scrophularia decomposita,Royle ex Benth.,Scrophulariaceae,Scrophularia,Species,809136-1,exact_full
Scrophularia heucheriflora Schrenk,Scrophularia heucheriflora Schrenk ex Fisch. & C.A.Mey.,Accepted,Scrophularia heucheriflora,Schrenk ex Fisch. & C.A.Mey.,Scrophulariaceae,Scrophularia,Species,809245-1,exact_name_unique
Scrophularia incisa Weinm.,Scrophularia incisa Weinm.,Accepted,Scrophularia incisa,Weinm.,Scrophulariaceae,Scrophularia,Species,809264-1,exact_full
Scrophularia integrifolia Pavlov,Scrophularia integrifolia Pavlov,Accepted,Scrophularia integrifolia,Pavlov,Scrophulariaceae,Scrophularia,Species,809266-1,exact_full
Scrophularia kabadianensis B. Fedtsch.,Scrophularia kabadianensis B.Fedtsch.,Accepted,Scrophularia kabadianensis,B.Fedtsch.,Scrophulariaceae,Scrophularia,Species,809271-1,exact_full
Scrophularia kiriloviana Schischk.,Scrophularia kiriloviana Schischk.,Accepted,Scrophularia kiriloviana,Schischk.,Scrophulariaceae,Scrophularia,Species,809274-1,exact_full
Scrophularia leucoclada Bunge,Scrophularia leucoclada Bunge,Accepted,Scrophularia leucoclada,Bunge,Scrophulariaceae,Scrophularia,Species,809304-1,exact_full
Scrophularia pamiroalaica Gorschk.,Scrophularia pamiroalaica Gorschk.,Accepted,Scrophularia pamiroalaica,Gorschk.,Scrophulariaceae,Scrophularia,Species,809416-1,exact_full
"Scrophularia rudolfii F.O. Khass., Serekeeva & Kadyrov","Scrophularia rudolfii F.O.Khass., Serekeeva & Kadyrov",Accepted,Scrophularia rudolfii,"F.O.Khass., Serekeeva & Kadyrov",Scrophulariaceae,Scrophularia,Species,77199036-1,exact_full
Scrophularia sangtodensis B. Fedtsch.,Scrophularia sangtodensis B.Fedtsch.,Accepted,Scrophularia sangtodensis,B.Fedtsch.,Scrophulariaceae,Scrophularia,Species,809491-1,exact_full
Scrophularia scoparia Pennell,Scrophularia scoparia Pennell,Accepted,Scrophularia scoparia,Pennell,Scrophulariaceae,Scrophularia,Species,809500-1,exact_full
Scrophularia striata Boiss.,Scrophularia striata Boiss.,Accepted,Scrophularia striata,Boiss.,Scrophulariaceae,Scrophularia,Species,809537-1,exact_full
Scrophularia umbrosa Dumort.,Scrophularia umbrosa Dumort.,Synonym,Scrophularia oblongifolia,Loisel.,Scrophulariaceae,Scrophularia,Species,809394-1,exact_full
Scrophularia vvedenskyi Bondarenko & Filatova,Scrophularia vvedenskyi Bondarenko & Filatova,Accepted,Scrophularia vvedenskyi,Bondarenko & Filatova,Scrophulariaceae,Scrophularia,Species,809605-1,exact_full
Scrophularia xanthoglossa Boiss.,Scrophularia xanthoglossa Boiss.,Accepted,Scrophularia xanthoglossa,Boiss.,Scrophulariaceae,Scrophularia,Species,809608-1,exact_full
Scutellaria adenostegia Briq.,Scutellaria adenostegia Briq.,Accepted,Scutellaria adenostegia,Briq.,Lamiaceae,Scutellaria,Species,458099-1,exact_full
Scutellaria adsurgens Popov,Scutellaria adsurgens Popov,Accepted,Scutellaria adsurgens,Popov,Lamiaceae,Scutellaria,Species,458101-1,exact_full
Scutellaria angrenica Juz. & Vved.,Scutellaria angrenica Juz. & Vved.,Accepted,Scutellaria angrenica,Juz. & Vved.,Lamiaceae,Scutellaria,Species,458129-1,exact_full
Scutellaria anitae Juz.,Scutellaria anitae Juz.,Accepted,Scutellaria anitae,Juz.,Lamiaceae,Scutellaria,Species,458135-1,exact_full
Scutellaria baldschuanica Nevski ex Juz.,Scutellaria baldshuanica Nevski ex Juz.,Accepted,Scutellaria baldshuanica,Nevski ex Juz.,Lamiaceae,Scutellaria,Species,458156-1,canon_exact
Scutellaria botschantzevii M.N. Abdull.,Scutellaria botschantzevii M.N.Abdull.,Accepted,Scutellaria botschantzevii,M.N.Abdull.,Lamiaceae,Scutellaria,Species,968107-1,exact_full
Scutellaria bucharica Jus.,Scutellaria bucharica Juz.,Accepted,Scutellaria bucharica,Juz.,Lamiaceae,Scutellaria,Species,458174-1,exact_name_unique
Scutellaria colpodea Nevski,Scutellaria colpodea Nevski,Accepted,Scutellaria colpodea,Nevski,Lamiaceae,Scutellaria,Species,458210-1,exact_full
Scutellaria comosa Juz.,Scutellaria comosa Juz.,Accepted,Scutellaria comosa,Juz.,Lamiaceae,Scutellaria,Species,458214-1,exact_full
Scutellaria cordifrons Juz.,Scutellaria cordifrons Juz.,Accepted,Scutellaria cordifrons,Juz.,Lamiaceae,Scutellaria,Species,458218-1,exact_full
Scutellaria cristata Popov,Scutellaria cristata Popov,Accepted,Scutellaria cristata,Popov,Lamiaceae,Scutellaria,Species,458228-1,exact_full
Scutellaria fedtschenkoi Bornm.,Scutellaria fedschenkoi Bornm.,Accepted,Scutellaria fedschenkoi,Bornm.,Lamiaceae,Scutellaria,Species,458262-1,canon_exact
Scutellaria filicaulis Regel,Scutellaria filicaulis Regel,Accepted,Scutellaria filicaulis,Regel,Lamiaceae,Scutellaria,Species,458265-1,exact_full
Scutellaria galericulata L.,Scutellaria galericulata L.,Accepted,Scutellaria galericulata,L.,Lamiaceae,Scutellaria,Species,458280-1,exact_full
Scutellaria glabrata Vved.,Scutellaria glabrata Vved.,Accepted,Scutellaria glabrata,Vved.,Lamiaceae,Scutellaria,Species,458287-1,exact_full
Scutellaria guttata Nevski ex Juz.,Scutellaria guttata Nevski ex Juz.,Accepted,Scutellaria guttata,Nevski ex Juz.,Lamiaceae,Scutellaria,Species,458307-1,exact_full
Scutellaria haematochlora Juz.,Scutellaria chaematochlora Juz.,Accepted,Scutellaria chaematochlora,Juz.,Lamiaceae,Scutellaria,Species,458191-1,canon_fuzzy1
Scutellaria heterotricha Juz. & Vved.,Scutellaria heterotricha Juz. & Vved.,Accepted,Scutellaria heterotricha,Juz. & Vved.,Lamiaceae,Scutellaria,Species,458325-1,exact_full
Scutellaria hissarica B. Fedtsch.,Scutellaria hissarica B.Fedtsch.,Accepted,Scutellaria hissarica,B.Fedtsch.,Lamiaceae,Scutellaria,Species,458336-1,exact_full
Scutellaria holosericea Gontsch. ex Juz.,Scutellaria holosericea Gontsch. ex Juz.,Accepted,Scutellaria holosericea,Gontsch. ex Juz.,Lamiaceae,Scutellaria,Species,458338-1,exact_full
Scutellaria immaculata Nevski ex Juz.,Scutellaria immaculata Nevski ex Juz.,Accepted,Scutellaria immaculata,Nevski ex Juz.,Lamiaceae,Scutellaria,Species,458350-1,exact_full
Scutellaria intermedia Popov,Scutellaria intermedia Popov,Accepted,Scutellaria intermedia,Popov,Lamiaceae,Scutellaria,Species,458363-1,exact_full
Scutellaria iskanderi Juz.,Scutellaria iskanderi Juz.,Accepted,Scutellaria iskanderi,Juz.,Lamiaceae,Scutellaria,Species,458366-1,exact_full
Scutellaria jodudiana B.Fedtsch.,Scutellaria jodudiana B.Fedtsch.,Accepted,Scutellaria jodudiana,B.Fedtsch.,Lamiaceae,Scutellaria,Species,458374-1,exact_full
Scutellaria leptosiphon Nevski,Scutellaria leptosiphon Nevski,Accepted,Scutellaria leptosiphon,Nevski,Lamiaceae,Scutellaria,Species,458408-1,name_multi_author_ok
Scutellaria lipskyi Juz.,Scutellaria lipskyi Juz.,Accepted,Scutellaria lipskyi,Juz.,Lamiaceae,Scutellaria,Species,458422-1,exact_full
Scutellaria microdasys Juz.,Scutellaria microdasys Juz.,Accepted,Scutellaria microdasys,Juz.,Lamiaceae,Scutellaria,Species,458456-1,exact_full
Scutellaria microphysa Juz.,Scutellaria microphysa Juz.,Accepted,Scutellaria microphysa,Juz.,Lamiaceae,Scutellaria,Species,458459-1,exact_full
Scutellaria nevskii Juz. & Vved.,Scutellaria nevskii Juz. & Vved.,Accepted,Scutellaria nevskii,Juz. & Vved.,Lamiaceae,Scutellaria,Species,458489-1,exact_full
Scutellaria ocellata Juz.,Scutellaria ocellata Juz.,Accepted,Scutellaria ocellata,Juz.,Lamiaceae,Scutellaria,Species,458507-1,exact_full
Scutellaria oxystegia Juz.,Scutellaria oxystegia Juz.,Accepted,Scutellaria oxystegia,Juz.,Lamiaceae,Scutellaria,Species,458526-1,exact_full
Scutellaria phyllostachya Juz.,Scutellaria phyllostachya Juz.,Accepted,Scutellaria phyllostachya,Juz.,Lamiaceae,Scutellaria,Species,458553-1,exact_full
Scutellaria physocalyx Regel & Schmalh.,Scutellaria physocalyx Regel & Schmalh.,Accepted,Scutellaria physocalyx,Regel & Schmalh.,Lamiaceae,Scutellaria,Species,458554-1,exact_full
Scutellaria poecilantha Nevski ex Juz.,Scutellaria poecilantha Nevski ex Juz.,Accepted,Scutellaria poecilantha,Nevski ex Juz.,Lamiaceae,Scutellaria,Species,458569-1,exact_full
Scutellaria pycnoclada Juz.,Scutellaria pycnoclada Juz.,Accepted,Scutellaria pycnoclada,Juz.,Lamiaceae,Scutellaria,Species,458600-1,exact_full
Scutellaria ramosissima Popov,Scutellaria ramosissima Popov,Accepted,Scutellaria ramosissima,Popov,Lamiaceae,Scutellaria,Species,458608-1,exact_full
Scutellaria schachristanica Juz.,Scutellaria schachristanica Juz.,Accepted,Scutellaria schachristanica,Juz.,Lamiaceae,Scutellaria,Species,458643-1,exact_full
Scutellaria squarrosa Nevski,Scutellaria squarrosa Nevski,Accepted,Scutellaria squarrosa,Nevski,Lamiaceae,Scutellaria,Species,458676-1,exact_full
Scutellaria striatella Gontsch.,Scutellaria striatella Gontsch.,Accepted,Scutellaria striatella,Gontsch.,Lamiaceae,Scutellaria,Species,458681-1,exact_full
Scutellaria villosissima Gontsch. ex Juz.,Scutellaria villosissima Gontsch. ex Juz.,Accepted,Scutellaria villosissima,Gontsch. ex Juz.,Lamiaceae,Scutellaria,Species,458759-1,exact_full
Secale cereale L.,Secale cereale L.,Accepted,Secale cereale,L.,Poaceae,Secale,Species,421164-1,exact_full
Secale segetale (Zhuk.) Roshev.,Secale segetale (Zhuk.) Roshev.,Accepted,Secale segetale,(Zhuk.) Roshev.,Poaceae,Secale,Species,421190-1,exact_full
Secale silvestre Host,Secale sylvestre Host,Accepted,Secale sylvestre,Host,Poaceae,Secale,Species,421194-1,canon_exact
Sedum albertii L.,Sedum alberti Regel,Accepted,Sedum alberti,Regel,Crassulaceae,Sedum,Species,275017-1,canon_exact
Sedum ewersii Ledeb.,Sedum ewersii Ledeb.,Synonym,Hylotelephium ewersii,(Ledeb.) H.Ohba,Crassulaceae,Hylotelephium,Species,274210-1,exact_full
Sedum pentapetalum Boriss.,Sedum pentapetalum Boriss.,Accepted,Sedum pentapetalum,Boriss.,Crassulaceae,Sedum,Species,275837-1,exact_full
Sedum tetramerum Trautv.,Sedum tetramerum Trautv.,Synonym,Sedum aetnense,Tineo,Crassulaceae,Sedum,Species,275006-1,exact_full
Seidlitzia rosmarinus Bunge ex Boiss.,Seidlitzia rosmarinus Bunge ex Boiss.,Synonym,Soda rosmarinus,(Bunge ex Boiss.) Akhani,Amaranthaceae,Soda,Species,77215017-1,exact_full
Semenovia alaica Lazkov,Semenovia alaica Lazkov,Accepted,Semenovia alaica,Lazkov,Apiaceae,Semenovia,Species,77089364-1,exact_full
Semenovia bucharica (B. Fedtsch. ex Schischk.) Manden.,Semenovia bucharica (B.Fedtsch. ex Schischk.) Manden.,Accepted,Semenovia bucharica,(B.Fedtsch. ex Schischk.) Manden.,Apiaceae,Semenovia,Species,848419-1,exact_full
Semenovia dasycarpa (Regel & Schmalh.) Korovin ex Czerep.,Semenovia dasycarpa (Regel & Schmalh.) Korovin ex Pimenov & V.N.Tikhom.,Accepted,Semenovia dasycarpa,(Regel & Schmalh.) Korovin ex Pimenov & V.N.Tikhom.,Apiaceae,Semenovia,Species,984631-1,exact_name_unique
Semenovia heterodonta ( Korovin) Manden.,Semenovia heterodonta (Korovin) Manden.,Accepted,Semenovia heterodonta,(Korovin) Manden.,Apiaceae,Semenovia,Species,848425-1,exact_full
Semenovia pimpinelloides (Nevski) Manden.,Semenovia pimpinellioides (Nevski) Manden.,Accepted,Semenovia pimpinellioides,(Nevski) Manden.,Apiaceae,Semenovia,Species,848430-1,canon_fuzzy1
Senecio dubius Ledeb.,Senecio dubius Ledeb.,Illegitimate,Senecio dubitabilis,C.Jeffrey & Y.L.Chen,Asteraceae,Senecio,Species,907702-1,name_multi_author_ok
Senecio franchetii C. Winkl.,Senecio franchetii C.Winkl.,Accepted,Senecio franchetii,C.Winkl.,Asteraceae,Senecio,Species,245187-1,exact_full
Senecio jacobaea L.,Senecio jacobaea L.,Synonym,Jacobaea vulgaris,Gaertn.,Asteraceae,Jacobaea,Species,226649-1,name_multi_author_ok
Senecio noanus Rupr.,Senecio noeanus Rupr.,Synonym,Senecio glaucus subsp. coronopifolius,(Maire) C.Alexander,Asteraceae,Senecio,Subspecies,878279-1,manual_alias
Senecio olgae Regel & Schmalh.,Senecio olgae Regel & Schmalh.,Accepted,Senecio olgae,Regel & Schmalh.,Asteraceae,Senecio,Species,246627-1,exact_full
Senecio racemulifer Pavlov,Senecio racemulifer Pavlov,Synonym,Jacobaea racemulifera,(Pavlov) C.Ren & Q.E.Yang,Asteraceae,Jacobaea,Species,77220992-1,exact_full
Senecio renardii C. Winkl.,Senecio renardii C.Winkl.,Synonym,Jacobaea renardii,(C.Winkl.) B.Nord.,Asteraceae,Jacobaea,Species,60443619-2,exact_full
Senecio subdentatus Ledeb.,Senecio subdentatus Ledeb.,Accepted,Senecio subdentatus,Ledeb.,Asteraceae,Senecio,Species,247772-1,name_multi_author_ok
Senecio vernalis Waldst. & Kitag.,Senecio vernalis Waldst. & Kit.,Accepted,Senecio vernalis,Waldst. & Kit.,Asteraceae,Senecio,Species,248179-1,exact_name_unique
Senecio vulgaris L.,Senecio vulgaris L.,Accepted,Senecio vulgaris,L.,Asteraceae,Senecio,Species,248251-1,exact_full
Sergia regelii (Trautv.) Fed.,Sergia regelii (Trautv.) Fed.,Accepted,Sergia regelii,(Trautv.) Fed.,Campanulaceae,Sergia,Species,145052-1,exact_full
Serratula alatavica C.A. Mey. ex Rupr.,Serratula alatavica C.A.Mey. ex Rupr.,Synonym,Klasea sogdiana,(Bunge) L.Martins,Asteraceae,Klasea,Species,77075808-1,exact_full
Serratula algida Iljin,Serratula algida Iljin,Synonym,Klasea marginata,(Tausch) Kitag.,Asteraceae,Klasea,Species,227329-1,exact_full
Serratula aphyllopoda Iljin,Serratula aphyllopoda Iljin,Synonym,Klasea aphyllopoda,(Iljin) Holub,Asteraceae,Klasea,Species,227306-1,exact_full
Serratula lancifolia Zakirov,Serratula lancifolia Zakirov,Accepted,Serratula lancifolia,Zakirov,Asteraceae,Serratula,Species,248722-1,exact_full
Serratula lyratifolia Schrenk,Serratula lyratifolia Schrenk ex Fisch. & C.A.Mey.,Synonym,Klasea lyratifolia,(Schrenk) L.Martins,Asteraceae,Klasea,Species,77067856-1,exact_name_unique
Seseli calycinum (Korovin) Pimenov & Sdobnina,Seseli calycinum (Korovin) Pimenov & Sdobnina,Accepted,Seseli calycinum,(Korovin) Pimenov & Sdobnina,Apiaceae,Seseli,Species,848485-1,exact_full
Seseli desertorum Pimenov (1977: 138).,Seseli desertorum Pimenov,Synonym,Seseli buchtormense,(Fisch. ex Hornem.) W.D.J.Koch,Apiaceae,Seseli,Species,848478-1,exact_name_unique
Seseli eriocephalum (Pall. ex Spreng.) Schischk.,Seseli eriocephalum (Pall. ex Spreng.) Schischk.,Accepted,Seseli eriocephalum,(Pall. ex Spreng.) Schischk.,Apiaceae,Seseli,Species,848535-1,exact_full
Seseli fasciculatum (Korovin) Korovin ex Schischk.,Seseli fasciculatum (Korovin) Korovin ex Schischk.,Accepted,Seseli fasciculatum,(Korovin) Korovin ex Schischk.,Apiaceae,Seseli,Species,848540-1,exact_full
Seseli giganteum Lipsky,Seseli giganteum Lipsky,Accepted,Seseli giganteum,Lipsky,Apiaceae,Seseli,Species,848552-1,exact_full
Seseli glabratum Willd. ex Schult.,Seseli glabratum Willd. ex Schult.,Accepted,Seseli glabratum,Willd. ex Schult.,Apiaceae,Seseli,Species,848556-1,exact_full
Seseli jomuticum Schischk.,Seseli jomuticum Schischk.,Accepted,Seseli jomuticum,Schischk.,Apiaceae,Seseli,Species,848589-1,exact_full
Seseli karateginum Lipsky,Seseli karateginum Lipsky,Accepted,Seseli karateginum,Lipsky,Apiaceae,Seseli,Species,848592-1,exact_full
Seseli korovinii Schischk.,Seseli korovinii Schischk.,Accepted,Seseli korovinii,Schischk.,Apiaceae,Seseli,Species,848594-1,exact_full
Seseli lehmannianum (Bunge) Boiss.,Seseli lehmannianum Boiss.,Accepted,Seseli lehmannianum,Boiss.,Apiaceae,Seseli,Species,848600-1,exact_name_unique
Seseli marginatum (Korovin) Pimenov & Sdobnina,Seseli marginatum (Korovin) Pimenov & Sdobnina,Accepted,Seseli marginatum,(Korovin) Pimenov & Sdobnina,Apiaceae,Seseli,Species,848622-1,exact_full
Seseli merculowiczii (Korovin) Pimenov & Sdobnina,Seseli merkuloviczii (Korovin) Pimenov & Sdobnina,Accepted,Seseli merkuloviczii,(Korovin) Pimenov & Sdobnina,Apiaceae,Seseli,Species,848626-1,canon_exact
Seseli mucronatum (Schrenk) Pimenov & Sdobnina,Seseli mucronatum (Schrenk) Pimenov & Sdobnina,Synonym,Ligusticum mucronatum,(Schrenk) Wittr. & Juel,Apiaceae,Ligusticum,Species,77304932-1,exact_full
Seseli nemorosum (Korovin) Pimenov,Seseli nemorosum (Korovin) Pimenov,Accepted,Seseli nemorosum,(Korovin) Pimenov,Apiaceae,Seseli,Species,848639-1,exact_full
Seseli nevskii (Korovin) Pimenov & Sdobnina,Seseli nevskii (Korovin) Pimenov & Sdobnina,Accepted,Seseli nevskii,(Korovin) Pimenov & Sdobnina,Apiaceae,Seseli,Species,848640-1,exact_full
Seseli schrenkianum (C.A. Mey. ex Schischk.) Pimenov & Sdobnina,Seseli schrenkianum (C.A.Mey. ex Schischk.) Pimenov & Sdobnina,Synonym,Libanotis schrenkiana,C.A.Mey. ex Schischk.,Apiaceae,Libanotis,Species,844270-1,exact_full
Seseli seravschanicum Pimenov & Sdobnina,Seseli seravschanicum Pimenov & Sdobnina,Accepted,Seseli seravschanicum,Pimenov & Sdobnina,Apiaceae,Seseli,Species,848710-1,exact_full
Seseli tenuisectum Regel & Schmalh.,Seseli tenuisectum Regel & Schmalh.,Accepted,Seseli tenuisectum,Regel & Schmalh.,Apiaceae,Seseli,Species,848738-1,exact_full
Seseli turbinatum Korovin,Seseli turbinatum Korovin,Accepted,Seseli turbinatum,Korovin,Apiaceae,Seseli,Species,848753-1,exact_full
Seseli unicaule (Korovin) Pimenov,Seseli unicaule (Korovin) Pimenov,Accepted,Seseli unicaule,(Korovin) Pimenov,Apiaceae,Seseli,Species,848758-1,exact_full
Setaria lutescens (Weig.) F.T. Hubb.,Setaria lutescens F.T.Hubb.,Illegitimate,Setaria pumila,(Poir.) Roem. & Schult.,Poaceae,Setaria,Species,421764-1,manual_override
Setaria verticillata (L.) Beauv.,Setaria verticillata (L.) P.Beauv.,Accepted,Setaria verticillata,(L.) P.Beauv.,Poaceae,Setaria,Species,421857-1,exact_name_unique
Setaria viridis (L.) Beauv.,Setaria viridis (L.) P.Beauv.,Accepted,Setaria viridis,(L.) P.Beauv.,Poaceae,Setaria,Species,1171009-2,exact_name_unique
Shibateranthis longistipitata (Regel) Nakai,Shibateranthis longistipitata (Regel) Nakai,Synonym,Eranthis longistipitata,Regel,Ranunculaceae,Eranthis,Species,711193-1,exact_full
Sibbaldia tetrandra Bunge,Sibbaldia tetrandra Bunge,Synonym,Potentilla tetrandra,(Bunge) Hook.f.,Rosaceae,Potentilla,Species,729112-1,exact_full
Sideritis montana L.,Sideritis montana L.,Accepted,Sideritis montana,L.,Lamiaceae,Sideritis,Species,459012-1,exact_full
Siegesbeckia orientalis L.,Sigesbeckia orientalis L.,Accepted,Sigesbeckia orientalis,L.,Asteraceae,Sigesbeckia,Species,249084-1,manual_alias
Silene adenopetala Raikova,Silene adenopetala Raikova,Accepted,Silene adenopetala,Raikova,Caryophyllaceae,Silene,Species,156741-1,exact_full
Silene bobrovii Schischk.,Silene bobrovii Schischk.,Accepted,Silene bobrovii,Schischk.,Caryophyllaceae,Silene,Species,156940-1,exact_full
Silene brahuica Boiss.,Silene brahuica Boiss.,Accepted,Silene brahuica,Boiss.,Caryophyllaceae,Silene,Species,156968-1,exact_full
Silene bucharica Popov,Silene bucharica Popov,Accepted,Silene bucharica,Popov,Caryophyllaceae,Silene,Species,156978-1,exact_full
Silene chaetodonta Boiss.,Silene chaetodonta Boiss.,Accepted,Silene chaetodonta,Boiss.,Caryophyllaceae,Silene,Species,157057-1,exact_full
Silene claviformis Litv.,Silene claviformis Litv.,Accepted,Silene claviformis,Litv.,Caryophyllaceae,Silene,Species,157095-1,exact_full
Silene conformifolia Preobr. ex Schischk.,Silene conformifolia Schischk.,Synonym,Silene samarkandensis,Preobr.,Caryophyllaceae,Silene,Species,158293-1,exact_name_unique
Silene excedens Bondarenko & Vved.,Silene excedens Bondarenko & Vved.,Synonym,Silene kuschakewiczii,Regel & Schmalh.,Caryophyllaceae,Silene,Species,157625-1,exact_full
Silene fedtschenkoi Bondarenko & Vved.,Silene fedtschenkoi Bondarenko & Vved.,Accepted,Silene fedtschenkoi,Bondarenko & Vved.,Caryophyllaceae,Silene,Species,157338-1,exact_full
Silene gasimailikensis B. Fedtsch.,Silene gasimailikensis B.Fedtsch.,Accepted,Silene gasimailikensis,B.Fedtsch.,Caryophyllaceae,Silene,Species,157390-1,exact_full
Silene gavrilovii (Krasn.) Popov,Silene gavrilovii (Krasn.) Popov,Accepted,Silene gavrilovii,(Krasn.) Popov,Caryophyllaceae,Silene,Species,157392-1,exact_full
Silene graminifolia Otth,Silene graminifolia Otth,Accepted,Silene graminifolia,Otth,Caryophyllaceae,Silene,Species,157445-1,name_multi_author_ok
Silene guntensis Schischk.,Silene guntensis (B.Fedtsch.) B.Fedtsch. ex Schischk.,Accepted,Silene guntensis,(B.Fedtsch.) B.Fedtsch. ex Schischk.,Caryophyllaceae,Silene,Species,50912109-1,exact_name_unique
Silene incurvifolia Kar. & Kir.,Silene incurvifolia Kar. & Kir.,Accepted,Silene incurvifolia,Kar. & Kir.,Caryophyllaceae,Silene,Species,157551-1,exact_full
Silene korshinskyi Schischk.,Silene korshinskyi Schischk.,Accepted,Silene korshinskyi,Schischk.,Caryophyllaceae,Silene,Species,157613-1,exact_full
Silene kudrjaschevii Schischk.,Silene kudrjaschevii Schischk.,Accepted,Silene kudrjaschevii,Schischk.,Caryophyllaceae,Silene,Species,157619-1,exact_full
Silene kungessana B. Fedtsch.,Silene kungessana B.Fedtsch.,Accepted,Silene kungessana,B.Fedtsch.,Caryophyllaceae,Silene,Species,157624-1,exact_full
Silene kuschakewiczii Regel & Schmalh.,Silene kuschakewiczii Regel & Schmalh.,Accepted,Silene kuschakewiczii,Regel & Schmalh.,Caryophyllaceae,Silene,Species,157625-1,exact_full
Silene longicalycina Kom.,Silene longicalycina Kom.,Accepted,Silene longicalycina,Kom.,Caryophyllaceae,Silene,Species,157705-1,exact_full
Silene megalantha Bondarenko & Vved.,Silene megalantha Bondarenko & Vved.,Accepted,Silene megalantha,Bondarenko & Vved.,Caryophyllaceae,Silene,Species,157792-1,exact_full
Silene michelsonii Preobr.,Silene michelsonii Preobr.,Accepted,Silene michelsonii,Preobr.,Caryophyllaceae,Silene,Species,157810-1,exact_full
Silene nana Kar. & Kir.,Silene nana Kar. & Kir.,Accepted,Silene nana,Kar. & Kir.,Caryophyllaceae,Silene,Species,157888-1,name_multi_author_ok
Silene nataliae F.O. Khass. & I.I. Malzev,Silene nataliae F.O.Khass. & I.I.Malzev,Accepted,Silene nataliae,F.O.Khass. & I.I.Malzev,Caryophyllaceae,Silene,Species,959905-1,exact_full
Silene nevskii Schischk.,Silene nevskii Schischk.,Accepted,Silene nevskii,Schischk.,Caryophyllaceae,Silene,Species,157899-1,exact_full
Silene obovata Schischk.,Silene obovata Schischk.,Accepted,Silene obovata,Schischk.,Caryophyllaceae,Silene,Species,157933-1,name_multi_author_ok
Silene obtusidentata B. Fedtsch. & Popov,Silene obtusidentata B.Fedtsch. & Popov,Accepted,Silene obtusidentata,B.Fedtsch. & Popov,Caryophyllaceae,Silene,Species,157935-1,exact_full
Silene oreina Schischk.,Silene oreina Schischk.,Accepted,Silene oreina,Schischk.,Caryophyllaceae,Silene,Species,157969-1,exact_full
Silene paranadena Vved.,Silene paranadena Bondarenko & Vved.,Accepted,Silene paranadena,Bondarenko & Vved.,Caryophyllaceae,Silene,Species,158010-1,exact_name_unique
Silene plurifolia Schischk.,Silene plurifolia Schischk.,Accepted,Silene plurifolia,Schischk.,Caryophyllaceae,Silene,Species,158086-1,exact_full
Silene popovii Schischk.,Silene popovii Schischk.,Accepted,Silene popovii,Schischk.,Caryophyllaceae,Silene,Species,158103-1,exact_full
Silene praelonga Ovcz.,Silene praelonga Ovcz.,Accepted,Silene praelonga,Ovcz.,Caryophyllaceae,Silene,Species,158117-1,exact_full
Silene praemixta Popov,Silene praemixta Popov,Synonym,Silene schmalhausenii,Popov,Caryophyllaceae,Silene,Species,77248930-1,ambiguous_same_target
Silene pseudotenuis Schischk.,Silene pseudotenuis Schischk.,Synonym,Silene kungessana,B.Fedtsch.,Caryophyllaceae,Silene,Species,157624-1,exact_full
Silene pubicalyx Bondarenko & Vved.,Silene pubicalyx Bondarenko & Vved.,Accepted,Silene pubicalyx,Bondarenko & Vved.,Caryophyllaceae,Silene,Species,158160-1,exact_full
Silene pugionifolia Popov,Silene pugionifolia Popov,Accepted,Silene pugionifolia,Popov,Caryophyllaceae,Silene,Species,158162-1,exact_full
Silene samarkandensis Preobr.,Silene samarkandensis Preobr.,Accepted,Silene samarkandensis,Preobr.,Caryophyllaceae,Silene,Species,158293-1,exact_full
Silene sarawschanica Regel,Silene sarawschanica Regel & Schmalh.,Accepted,Silene sarawschanica,Regel & Schmalh.,Caryophyllaceae,Silene,Species,158299-1,exact_name_unique
Silene scabrifolia Kom.,Silene scabrifolia Kom.,Accepted,Silene scabrifolia,Kom.,Caryophyllaceae,Silene,Species,77222081-1,exact_full
Silene schischkinii (Popov) Vved.,Silene schischkinii (Popov) Vved.,Accepted,Silene schischkinii,(Popov) Vved.,Caryophyllaceae,Silene,Species,158325-1,name_multi_author_ok
Silene stenantha Ovcz.,Silene stenantha Ovcz.,Accepted,Silene stenantha,Ovcz.,Caryophyllaceae,Silene,Species,158431-1,exact_full
Silene suffrutescens M. Bieb.,Silene suffrutescens M.Bieb.,Illegitimate,Silene fruticulosa,M.Bieb.,Caryophyllaceae,Silene,Species,60461550-2,exact_full
Silene tachtensis Franch.,Silene tachtensis Franch.,Accepted,Silene tachtensis,Franch.,Caryophyllaceae,Silene,Species,158488-1,exact_full
Silene tomentella Schischk.,Silene tomentella Schischk.,Accepted,Silene tomentella,Schischk.,Caryophyllaceae,Silene,Species,158540-1,exact_full
Silene vulgaris (Moench) Garcke,Silene vulgaris (Moench) Garcke,Accepted,Silene vulgaris,(Moench) Garcke,Caryophyllaceae,Silene,Species,158668-1,exact_full
Silybum marianum (L.) Gaertn.,Silybum marianum (L.) Gaertn.,Accepted,Silybum marianum,(L.) Gaertn.,Asteraceae,Silybum,Species,249211-1,exact_full
Sinapis alba L.,Sinapis alba L.,Accepted,Sinapis alba,L.,Brassicaceae,Sinapis,Species,288952-1,exact_full
Sinapis arvensis L.,Sinapis arvensis L.,Synonym,Mutarda arvensis,(L.) D.A.German,Brassicaceae,Mutarda,Species,77313885-1,name_multi_author_ok
Sisymbrium altissimum L.,Sisymbrium altissimum L.,Accepted,Sisymbrium altissimum,L.,Brassicaceae,Sisymbrium,Species,289144-1,name_multi_author_ok
Sisymbrium brassiciforme C.A. Mey.,Sisymbrium brassiciforme C.A.Mey.,Accepted,Sisymbrium brassiciforme,C.A.Mey.,Brassicaceae,Sisymbrium,Species,289219-1,exact_full
Sisymbrium irio L.,Sisymbrium irio L.,Accepted,Sisymbrium irio,L.,Brassicaceae,Sisymbrium,Species,237940-2,exact_full
Sisymbrium loeselii L.,Sisymbrium loeselii L.,Accepted,Sisymbrium loeselii,L.,Brassicaceae,Sisymbrium,Species,237960-2,name_multi_author_ok
Sisymbrium polymorphum (Murray) Roth,Sisymbrium polymorphum (Murray) Roth,Accepted,Sisymbrium polymorphum,(Murray) Roth,Brassicaceae,Sisymbrium,Species,51009321-1,exact_full
Sisymbrium septulatum DC.,Sisymbrium septulatum DC.,Accepted,Sisymbrium septulatum,DC.,Brassicaceae,Sisymbrium,Species,289728-1,exact_full
Sisymbrium subspinescens Bunge,Sisymbrium subspinescens Bunge,Accepted,Sisymbrium subspinescens,Bunge,Brassicaceae,Sisymbrium,Species,289775-1,exact_full
Sium medium Fisch. & C.A. Mey.,Sium medium Fisch. & C.A.Mey.,Accepted,Sium medium,Fisch. & C.A.Mey.,Apiaceae,Sium,Species,849022-1,exact_full
Sium sisaroideum DC.,Sium sisaroideum DC.,Synonym,Sium sisarum,L.,Apiaceae,Sium,Species,849059-1,exact_full
Smelovskia calycina (Steph. ex Willd.) C.A. Mey.,Smelowskia calycina (Stephan ex Willd.) C.A.Mey.,Accepted,Smelowskia calycina,(Stephan ex Willd.) C.A.Mey.,Brassicaceae,Smelowskia,Species,289880-1,manual_alias
Smelowskia annua Rupr.,Smelowskia annua Rupr.,Accepted,Smelowskia annua,Rupr.,Brassicaceae,Smelowskia,Species,289873-1,exact_full
Smelowskia micrantha (Botsch. & Vved.) Al-Shehbaz & Warwick,Smelowskia micrantha (Botsch. & Vved.) Al-Shehbaz & Warwick,Accepted,Smelowskia micrantha,(Botsch. & Vved.) Al-Shehbaz & Warwick,Brassicaceae,Smelowskia,Species,60444736-2,exact_full
Smelowskia sisymbrioides (Regel & Herder) Lipsky ex Paulsen,Smelowskia sisymbrioides (Regel & Herder) Paulsen,Accepted,Smelowskia sisymbrioides,(Regel & Herder) Paulsen,Brassicaceae,Smelowskia,Species,289901-1,exact_name_unique
Smirnovia turkestana Bunge,Smirnowia turkestana Bunge,Accepted,Smirnowia turkestana,Bunge,Fabaceae,Smirnowia,Species,518621-1,canon_exact
Solanum asiae-mediae Pojark.,Solanum asiae-mediae Pojark.,Synonym,Solanum dulcamara,L.,Solanaceae,Solanum,Species,285213-2,exact_full
Solanum kitagawae Schonback-Temesy,Solanum kitagawae Schönb.-Tem.,Synonym,Solanum dulcamara,L.,Solanaceae,Solanum,Species,285213-2,exact_name_unique
Solanum luteum Mill.,Solanum luteum Mill.,Synonym,Solanum villosum,Mill.,Solanaceae,Solanum,Species,285344-2,exact_full
Solanum nigrum L.,Solanum nigrum L.,Accepted,Solanum nigrum,L.,Solanaceae,Solanum,Species,30048260-2,exact_full
Solanum olgae Pojark.,Solanum olgae Pojark.,Synonym,Solanum villosum,Mill.,Solanaceae,Solanum,Species,285344-2,exact_full
Solanum persicum Willd. ex Schult. & Schult. f.,Solanum persicum Willd.,Synonym,Solanum dulcamara,L.,Solanaceae,Solanum,Species,285213-2,exact_name_unique
Solanum rostratum Dunal,Solanum rostratum Dunal,Accepted,Solanum rostratum,Dunal,Solanaceae,Solanum,Species,820804-1,name_multi_author_ok
Solenanthus circinnatus Ledeb.,Solenanthus circinnatus Ledeb.,Accepted,Solenanthus circinnatus,Ledeb.,Boraginaceae,Solenanthus,Species,120665-1,exact_full
Solenanthus hirsutus Regel,Solenanthus hirsutus Regel,Accepted,Solenanthus hirsutus,Regel,Boraginaceae,Solenanthus,Species,120672-1,exact_full
Solenanthus karateginus Lipsky,Solenanthus karateginus Lipsky,Accepted,Solenanthus karateginus,Lipsky,Boraginaceae,Solenanthus,Species,120673-1,exact_full
Solenanthus kokanicus Regel,Solenanthus kokanicus Regel,Accepted,Solenanthus kokanicus,Regel,Boraginaceae,Solenanthus,Species,120674-1,exact_full
Solenanthus turkestanicus (Regel & Smirn.) Kuzn.,Solenanthus turkestanicus (Regel & Smirn.) Kusn.,Accepted,Solenanthus turkestanicus,(Regel & Smirn.) Kusn.,Boraginaceae,Solenanthus,Species,120698-1,exact_name_unique
Solidago dahurica Kitag.,Solidago dahurica (Kitag.) Kitag. ex Juz.,Accepted,Solidago dahurica,(Kitag.) Kitag. ex Juz.,Asteraceae,Solidago,Species,60453959-2,exact_name_unique
Solidago kuhistanica Popov ex Juz.,Solidago kuhistanica Popov,Accepted,Solidago kuhistanica,Popov,Asteraceae,Solidago,Species,249636-1,exact_name_unique
Sonchus arvensis L.,Sonchus arvensis L.,Accepted,Sonchus arvensis,L.,Asteraceae,Sonchus,Species,250029-1,exact_full
Sonchus asper (L.) Hill,Sonchus asper (L.) Hill,Accepted,Sonchus asper,(L.) Hill,Asteraceae,Sonchus,Species,1003017-2,exact_full
Sonchus oleraceus L.,Sonchus oleraceus L.,Accepted,Sonchus oleraceus,L.,Asteraceae,Sonchus,Species,250268-1,exact_full
Sonchus palustris L.,Sonchus palustris L.,Accepted,Sonchus palustris,L.,Asteraceae,Sonchus,Species,250281-1,exact_full
Sonchus transcaspicus Nevski,Sonchus transcaspicus Nevski,Accepted,Sonchus transcaspicus,Nevski,Asteraceae,Sonchus,Species,250381-1,exact_full
Sophora korolkowii Koehne,Sophora korolkowii Dieck ex Koehne,Synonym,Styphnolobium japonicum,(L.) Schott,Fabaceae,Styphnolobium,Species,1119529-2,exact_name_unique
Sorbaria olgae Zinserl.,Sorbaria olgae Zinserl.,Synonym,Sorbaria tomentosa var. tomentosa,"",Rosaceae,Sorbaria,Variety,77232722-1,exact_full
Sorbus persica Hedl.,Sorbus persica Hedl.,Synonym,Hedlundia persica,(Hedl.) Mezhenskyj,Rosaceae,Hedlundia,Species,77195028-1,exact_full
Sorbus tianschanica Rupr.,Sorbus tianschanica Rupr.,Accepted,Sorbus tianschanica,Rupr.,Rosaceae,Sorbus,Species,742013-1,exact_full
Sorbus turkestanica (Franch.) Hedl.,Sorbus turkestanica (Franch.) Hedl.,Synonym,,,,,,,exact_full
Sorghum halepense (L.) Pers.,Sorghum halepense (L.) Pers.,Accepted,Sorghum halepense,(L.) Pers.,Poaceae,Sorghum,Species,422139-1,exact_full
Sparganium neglectum Beeby,Sparganium neglectum Beeby,Synonym,Sparganium erectum subsp. neglectum,(Beeby) K.Richt.,Typhaceae,Sparganium,Subspecies,77189464-1,exact_full
Sparganium stoloniferum (Graebn.) Buch.-Ham. ex Juz.,Sparganium stoloniferum (Buch.-Ham. ex Graebn.) Buch.-Ham. ex Juz.,Accepted,Sparganium stoloniferum,(Buch.-Ham. ex Graebn.) Buch.-Ham. ex Juz.,Typhaceae,Sparganium,Species,60461195-2,exact_name_unique
Spathipappus griffithii (C.B. Clarke) Tzvelev,Spathipappus griffithii (C.B.Clarke) Tzvelev,Synonym,Tanacetum griffithii,(C.B.Clarke) Muradyan,Asteraceae,Tanacetum,Species,252343-1,exact_full
Spergularia diandra (Guss.) Hedr.,Spergularia diandra (Guss.) Heldr.,Accepted,Spergularia diandra,(Guss.) Heldr.,Caryophyllaceae,Spergularia,Species,77066304-1,exact_name_unique
Spergularia media (L.) C. Persl.,Spergularia media (L.) C.Presl,Accepted,Spergularia media,(L.) C.Presl,Caryophyllaceae,Spergularia,Species,1019502-1,exact_name_unique
Spergularia microsperma Asch.,Spergularia microsperma (Kindb.) Asch.,Accepted,Spergularia microsperma,(Kindb.) Asch.,Caryophyllaceae,Spergularia,Species,158952-1,exact_name_unique
Spergularia rubra (L.) J.Presl & C.Presl,Spergularia rubra (L.) J.Presl & C.Presl,Accepted,Spergularia rubra,(L.) J.Presl & C.Presl,Caryophyllaceae,Spergularia,Species,158983-1,exact_full
Spergularia salina J.Presl & C.Presl,Spergularia salina J.Presl & C.Presl,Synonym,Spergularia marina,(L.) Besser,Caryophyllaceae,Spergularia,Species,241336-2,exact_full
Spergularia sperguloides (Lehm.) Heynh.,Spergularia sperguloides (Lehm.) Heynh.,Synonym,Spergularia marina,(L.) Besser,Caryophyllaceae,Spergularia,Species,241336-2,name_multi_author_ok
Sphaenolobium coriaceum (Korovin) Pimenov,Sphaenolobium coriaceum (Korovin) Pimenov,Synonym,Sphaenolobium tianschanicum,(Korovin) Pimenov,Apiaceae,Sphaenolobium,Species,849157-1,exact_full
Sphaenolobium tenuisectum (Korovin) Pimenov,Sphaenolobium tenuisectum (Korovin) Pimenov,Accepted,Sphaenolobium tenuisectum,(Korovin) Pimenov,Apiaceae,Sphaenolobium,Species,849156-1,exact_full
Sphaenolobium tianschanicum (Korovin) Pimenov,Sphaenolobium tianschanicum (Korovin) Pimenov,Accepted,Sphaenolobium tianschanicum,(Korovin) Pimenov,Apiaceae,Sphaenolobium,Species,849157-1,exact_full
Sphaerophysa salsula (Pall.) DC.,Sphaerophysa salsula (Pall.) DC.,Accepted,Sphaerophysa salsula,(Pall.) DC.,Fabaceae,Sphaerophysa,Species,519217-1,exact_full
Sphaerosciadium denaense (Schischk.) Pimenov & Kljuykov,Sphaerosciadium denaense (Schischk.) Pimenov & Kljuykov,Accepted,Sphaerosciadium denaense,(Schischk.) Pimenov & Kljuykov,Apiaceae,Sphaerosciadium,Species,909710-1,exact_full
Sphenoclea zeylanica Gaertn.,Sphenoclea zeylanica Gaertn.,Accepted,Sphenoclea zeylanica,Gaertn.,Sphenocleaceae,Sphenoclea,Species,145463-1,exact_full
Sphenopus divaricatus (Gouan) Rchb.,Sphenopus divaricatus (Gouan) Rchb.,Accepted,Sphenopus divaricatus,(Gouan) Rchb.,Poaceae,Sphenopus,Species,422503-1,exact_full
Spinacia turkestanica Iljin,Spinacia turkestanica Iljin,Synonym,Spinacia oleracea subsp. turkestanica,(Iljin) Del Guacchio & P.Caputo,Amaranthaceae,Spinacia,Subspecies,77303608-1,exact_full
Spiraea hypericifolia L.,Spiraea hypericifolia L.,Accepted,Spiraea hypericifolia,L.,Rosaceae,Spiraea,Species,742305-1,exact_full
Spiraea pilosa Franch.,Spiraea pilosa Franch.,Accepted,Spiraea pilosa,Franch.,Rosaceae,Spiraea,Species,742456-1,exact_full
Spirostegia bucharica (B. Fedtsch.) Ivanina,Spirostegia bucharica (B.Fedtsch.) Ivanina,Synonym,Triaenophora bucharica,B.Fedtsch.,Orobanchaceae,Triaenophora,Species,810510-1,exact_full
Spryginia falcata Botsch.,Spryginia falcata Botsch.,Accepted,Spryginia falcata,Botsch.,Brassicaceae,Spryginia,Species,289986-1,exact_full
Spryginia undulata Botsch.,Spryginia undulata Botsch.,Accepted,Spryginia undulata,Botsch.,Brassicaceae,Spryginia,Species,289989-1,exact_full
Spryginia winkleri (Regel) Popov,Spryginia winkleri (Regel) Popov,Accepted,Spryginia winkleri,(Regel) Popov,Brassicaceae,Spryginia,Species,289990-1,exact_full
Stachyopsis canescens (Regel) Adylov & Tulyag.,Stachyopsis canescens (Regel) Adylov & Tulyag.,Synonym,Eriophyton marrubioides,(Regel) Ryding,Lamiaceae,Eriophyton,Species,77138732-1,exact_full
Stachyopsis oblongata (Schrenk) Popov & Vved.,Stachyopsis oblongata (Schrenk) Popov & Vved.,Synonym,Eriophyton oblongatum,(Schrenk) Bendiksby,Lamiaceae,Eriophyton,Species,77138733-1,exact_full
Stachys annua L.,Stachys annua (L.) L.,Accepted,Stachys annua,(L.) L.,Lamiaceae,Stachys,Species,459300-1,exact_name_unique
Stachys betonicaeflora Rupr.,Stachys betoniciflora Rupr. ex O.Fedtsch. & B.Fedtsch.,Synonym,Betonica betoniciflora,(Rupr. ex O.Fedtsch. & B.Fedtsch.) Sennikov,Lamiaceae,Betonica,Species,77136137-1,canon_fuzzy1
Stachys hissarica Regel,Stachys hissarica Regel,Accepted,Stachys hissarica,Regel,Lamiaceae,Stachys,Species,459615-1,exact_full
Stachys setifera C.A. Mey.,Stachys setifera C.A.Mey.,Accepted,Stachys setifera,C.A.Mey.,Lamiaceae,Stachys,Species,459973-1,exact_full
Stellaria alexeenkoana Schischk.,Stellaria alexeenkoana Schischk.,Synonym,Mesostemma alexeenkoanum,(Schischk.) Ikonn.,Caryophyllaceae,Mesostemma,Species,155434-1,exact_full
Stellaria alsinoides Boiss. & Buhse,Stellaria alsinoides Boiss. & Buhse,Accepted,Stellaria alsinoides,Boiss. & Buhse,Caryophyllaceae,Stellaria,Species,159039-1,name_multi_author_ok
Stellaria brachypetala Bunge,Stellaria brachypetala Bunge,Accepted,Stellaria brachypetala,Bunge,Caryophyllaceae,Stellaria,Species,159084-1,name_multi_author_ok
Stellaria graminea L.,Stellaria graminea L.,Accepted,Stellaria graminea,L.,Caryophyllaceae,Stellaria,Species,310207-2,name_multi_author_ok
Stellaria karatavica Schischk.,Stellaria karatavica Schischk.,Synonym,Mesostemma karatavicum,(Schischk.) Vved.,Caryophyllaceae,Mesostemma,Species,961833-1,exact_full
Stellaria kotschyana Fenzl,Stellaria kotschyana Fenzl ex Boiss.,Synonym,Mesostemma kotschyanum,(Fenzl ex Boiss.) Vved.,Caryophyllaceae,Mesostemma,Species,961834-1,exact_name_unique
Stellaria media (L.) Vill.,Stellaria media (L.) Vill.,Accepted,Stellaria media,(L.) Vill.,Caryophyllaceae,Stellaria,Species,159330-1,name_multi_author_ok
Stellaria neglecta Weihe,Stellaria neglecta (Lej.) Weihe,Accepted,Stellaria neglecta,(Lej.) Weihe,Caryophyllaceae,Stellaria,Species,159358-1,exact_name_unique
Stellaria pallida (Dumort.) Pire,Stellaria pallida (Dumort.) Crép.,Synonym,Stellaria apetala,Ucria,Caryophyllaceae,Stellaria,Species,159051-1,exact_name_unique
Stellaria schugnanica Schischk.,Stellaria schugnanica Schischk.,Synonym,Mesostemma schugnanicum,(Schischk.) Ikonn.,Caryophyllaceae,Mesostemma,Species,155437-1,exact_full
Stellaria soongorica Roshev.,Stellaria soongorica Roshev.,Accepted,Stellaria soongorica,Roshev.,Caryophyllaceae,Stellaria,Species,159472-1,exact_full
Stellaria turkestanica Schischk.,Stellaria turkestanica Schischk.,Synonym,Schizotechium turkestanicum,"(Schischk.) Arabi, Rabeler & Zarre",Caryophyllaceae,Schizotechium,Species,77301401-1,exact_full
Stephanocaryum olgae (B. Fedtsch.) Popov,Stephanocaryum olgae (B.Fedtsch.) Popov,Synonym,Trigonotis olgae,B.Fedtsch.,Boraginaceae,Trigonotis,Species,121351-1,exact_full
Steptorhamphus crambifolius Bunge,Steptorhamphus crambifolius Bunge,Synonym,Cicerbita crambifolia,(Bunge) Beauverd,Asteraceae,Cicerbita,Species,194439-1,exact_full
Steptorhamphus crassicaulis (Trautv.) Kirp.,Steptorhamphus crassicaulis (Trautv.) Kirp.,Synonym,Cicerbita crassicaulis,(Trautv.) Beauverd,Asteraceae,Cicerbita,Species,194440-1,exact_full
Sternbergia fischeriana (Herb.) M. Roem.,Sternbergia fischeriana (Herb.) Roem.,Synonym,Sternbergia vernalis,(Mill.) Gorer & J.H.Harvey,Amaryllidaceae,Sternbergia,Species,946582-1,exact_name_unique
Sternbergia lutea (L.) Spreng.,Sternbergia lutea (L.) Ker Gawl. ex Spreng.,Accepted,Sternbergia lutea,(L.) Ker Gawl. ex Spreng.,Amaryllidaceae,Sternbergia,Species,60471738-2,exact_name_unique
Stipa aktauensis Roshev.,Stipa aktauensis Roshev.,Accepted,Stipa aktauensis,Roshev.,Poaceae,Stipa,Species,423074-1,exact_full
Stipa capillata L.,Stipa capillata L.,Accepted,Stipa capillata,L.,Poaceae,Stipa,Species,423200-1,exact_full
Stipa caucasica Schmalh.,Stipa caucasica Schmalh.,Accepted,Stipa caucasica,Schmalh.,Poaceae,Stipa,Species,423207-1,exact_full
Stipa gnezdilloi Pazij,Stipa × gnezdilloi Pazij,Accepted,Stipa × gnezdilloi,Pazij,Poaceae,Stipa,Species,423362-1,canon_exact
Stipa hohenackeriana Trin. & Rupr.,Stipa hohenackeriana Trin. & Rupr.,Accepted,Stipa hohenackeriana,Trin. & Rupr.,Poaceae,Stipa,Species,423391-1,exact_full
Stipa karataviensis Roshev.,Stipa karataviensis Roshev.,Accepted,Stipa karataviensis,Roshev.,Poaceae,Stipa,Species,423439-1,exact_full
Stipa kirghisorum P. Smirn.,Stipa kirghisorum P.A.Smirn.,Accepted,Stipa kirghisorum,P.A.Smirn.,Poaceae,Stipa,Species,423443-1,exact_name_unique
Stipa lessingiana Trin. & Rupr.,Stipa lessingiana Trin. & Rupr.,Accepted,Stipa lessingiana,Trin. & Rupr.,Poaceae,Stipa,Species,423492-1,exact_full
Stipa lingua Junge,Stipa lingua Junge,Accepted,Stipa lingua,Junge,Poaceae,Stipa,Species,423504-1,exact_full
Stipa lipskyi Roshev.,Stipa lipskyi Roshev.,Accepted,Stipa lipskyi,Roshev.,Poaceae,Stipa,Species,423505-1,exact_full
Stipa magnifica Junge,Stipa magnifica Junge,Accepted,Stipa magnifica,Junge,Poaceae,Stipa,Species,423531-1,exact_full
Stipa margelanica P. Smirn.,Stipa margelanica P.A.Smirn.,Accepted,Stipa margelanica,P.A.Smirn.,Poaceae,Stipa,Species,423534-1,exact_name_unique
Stipa orientalis Trin.,Stipa orientalis Trin.,Accepted,Stipa orientalis,Trin.,Poaceae,Stipa,Species,423597-1,exact_full
Stipa richteriana Kar. & Kir.,Stipa richteriana Kar. & Kir.,Accepted,Stipa richteriana,Kar. & Kir.,Poaceae,Stipa,Species,423707-1,exact_full
Stipa sareptana A. Beck.,Stipa sareptana A.K.Becker,Accepted,Stipa sareptana,A.K.Becker,Poaceae,Stipa,Species,423728-1,exact_name_unique
Stipa szovitsiana Trin.,Stipa szowitsiana (Trin.) Griseb.,Synonym,Stipa arabica,Trin. & Rupr.,Poaceae,Stipa,Species,423101-1,canon_exact
Stipa trichoides P. Smirn.,Stipa trichoides P.A.Smirn.,Accepted,Stipa trichoides,P.A.Smirn.,Poaceae,Stipa,Species,423832-1,exact_name_unique
Stizolophus balsamita (Lam.) Cass. ex Takht.,Stizolophus balsamita (Lam.) K.Koch,Accepted,Stizolophus balsamita,(Lam.) K.Koch,Asteraceae,Stizolophus,Species,251693-1,exact_name_unique
Streptoloma desertorum Bunge,Streptoloma desertorum Bunge,Accepted,Streptoloma desertorum,Bunge,Brassicaceae,Streptoloma,Species,290198-1,exact_full
Strigosella africana (L.) Botsch.,Strigosella africana (L.) Botsch.,Accepted,Strigosella africana,(L.) Botsch.,Brassicaceae,Strigosella,Species,290200-1,exact_full
Strigosella brevipes (Bunge) Botsch.,Strigosella brevipes (Bunge) Botsch.,Accepted,Strigosella brevipes,(Bunge) Botsch.,Brassicaceae,Strigosella,Species,290202-1,exact_full
Strigosella circinnata (Bunge) Botsch.,Strigosella circinata (Bunge) Botsch.,Accepted,Strigosella circinata,(Bunge) Botsch.,Brassicaceae,Strigosella,Species,290204-1,canon_exact
Strigosella grandiflora (Bunge) Botsch.,Strigosella grandiflora (Bunge) Botsch.,Accepted,Strigosella grandiflora,(Bunge) Botsch.,Brassicaceae,Strigosella,Species,290205-1,exact_full
Strigosella hispida (Litv.) Botsch.,Strigosella hispida (Litv.) Botsch.,Accepted,Strigosella hispida,(Litv.) Botsch.,Brassicaceae,Strigosella,Species,290206-1,exact_full
Strigosella intermedia (C.A.Mey.) Botsch.,Strigosella intermedia (C.A.Mey.) Botsch.,Accepted,Strigosella intermedia,(C.A.Mey.) Botsch.,Brassicaceae,Strigosella,Species,290208-1,exact_full
Strigosella malacotricha (Botsch. & Vved.) Botsch.,Strigosella malacotricha (Botsch. & Vved.) Botsch.,Accepted,Strigosella malacotricha,(Botsch. & Vved.) Botsch.,Brassicaceae,Strigosella,Species,290212-1,exact_full
Strigosella scorpioides (Bunge) Botsch.,Strigosella scorpioides (Bunge) Botsch.,Accepted,Strigosella scorpioides,(Bunge) Botsch.,Brassicaceae,Strigosella,Species,290214-1,exact_full
Strigosella spryginioides (Botsch. & Vved.) Botsch.,Strigosella spryginioides (Botsch. & Vved.) Botsch.,Accepted,Strigosella spryginioides,(Botsch. & Vved.) Botsch.,Brassicaceae,Strigosella,Species,290215-1,exact_full
Strigosella stenopetala (Bernh. ex Ledeb.) Botsch.,Strigosella stenopetala (Fisch. & C.A.Mey.) Botsch.,Accepted,Strigosella stenopetala,(Fisch. & C.A.Mey.) Botsch.,Brassicaceae,Strigosella,Species,290216-1,exact_name_unique
Strigosella trichocarpa (Boiss. & Buhse) Botsch.,Strigosella trichocarpa (Boiss. & Buhse) Botsch.,Accepted,Strigosella trichocarpa,(Boiss. & Buhse) Botsch.,Brassicaceae,Strigosella,Species,290221-1,exact_full
Strigosella turkestanica (Litv.) Botsch.,Strigosella turkestanica (Litv.) Botsch.,Accepted,Strigosella turkestanica,(Litv.) Botsch.,Brassicaceae,Strigosella,Species,290222-1,exact_full
Strigosella vvedenskyi Bondarenko & Botsch.,Strigosella vvedenskyi Bondarenko & Botsch.,Accepted,Strigosella vvedenskyi,Bondarenko & Botsch.,Brassicaceae,Strigosella,Species,290223-1,exact_full
Suaeda acuminata (C.A. Mey.) Moq.,Suaeda acuminata (C.A.Mey.) Moq.,Accepted,Suaeda acuminata,(C.A.Mey.) Moq.,Amaranthaceae,Suaeda,Species,167396-1,exact_full
Suaeda altissima (L.) Pall.,Suaeda altissima (L.) Pall.,Accepted,Suaeda altissima,(L.) Pall.,Amaranthaceae,Suaeda,Species,167402-1,exact_full
Suaeda arcuata Bunge,Suaeda arcuata Bunge,Accepted,Suaeda arcuata,Bunge,Amaranthaceae,Suaeda,Species,167410-1,exact_full
Suaeda crassifolia Pall.,Suaeda crassifolia Pall.,Synonym,Spirobassia hirsuta,(L.) Freitag & G.Kadereit,Amaranthaceae,Spirobassia,Species,77110313-1,name_multi_author_ok
Suaeda dendroides (C.A. Mey.) Moq.,Suaeda dendroides (C.A.Mey.) Moq.,Accepted,Suaeda dendroides,(C.A.Mey.) Moq.,Amaranthaceae,Suaeda,Species,167446-1,exact_full
Suaeda heterophylla (Kar. & Kir.) Bunge,Suaeda heterophylla (Kar. & Kir.) Bunge ex Boiss.,Accepted,Suaeda heterophylla,(Kar. & Kir.) Bunge ex Boiss.,Amaranthaceae,Suaeda,Species,167469-1,exact_name_unique
Suaeda linifolia Pall.,Suaeda linifolia Pall.,Accepted,Suaeda linifolia,Pall.,Amaranthaceae,Suaeda,Species,167492-1,exact_full
Suaeda microphylla Pall.,Suaeda microphylla Pall.,Accepted,Suaeda microphylla,Pall.,Amaranthaceae,Suaeda,Species,167506-1,exact_full
Suaeda microsperma (C.A. Mey.) Fenzl,Suaeda microsperma (C.A.Mey.) Fenzl,Accepted,Suaeda microsperma,(C.A.Mey.) Fenzl,Amaranthaceae,Suaeda,Species,167509-1,exact_full
Suaeda paradoxa (Bunge) Bunge,Suaeda paradoxa (Bunge) Bunge,Accepted,Suaeda paradoxa,(Bunge) Bunge,Amaranthaceae,Suaeda,Species,167537-1,exact_full
Suaeda physophora Pall.,Suaeda physophora Pall.,Accepted,Suaeda physophora,Pall.,Amaranthaceae,Suaeda,Species,167542-1,exact_full
Suaeda prostrata Pall.,Suaeda prostrata Pall.,Accepted,Suaeda prostrata,Pall.,Amaranthaceae,Suaeda,Species,167547-1,exact_full
Suaeda salsa (L.) Pall.,Suaeda salsa (L.) Pall.,Accepted,Suaeda salsa,(L.) Pall.,Amaranthaceae,Suaeda,Species,167562-1,exact_full
Suaeda turkestanica Litv.,Suaeda turkestanica Litv.,Accepted,Suaeda turkestanica,Litv.,Amaranthaceae,Suaeda,Species,167585-1,exact_full
Suchtelenia calycina (C.A. Mey.) A. DC.,Suchtelenia calycina (C.A.Mey.) DC.,Accepted,Suchtelenia calycina,(C.A.Mey.) DC.,Boraginaceae,Suchtelenia,Species,120728-1,exact_name_unique
Swertia gonczaroviana Pissjauk.,Swertia gonczaroviana Pissjauk.,Accepted,Swertia gonczaroviana,Pissjauk.,Gentianaceae,Swertia,Species,370914-1,exact_full
Swertia graciliflora Gontsch.,Swertia graciliflora Gontsch.,Accepted,Swertia graciliflora,Gontsch.,Gentianaceae,Swertia,Species,370916-1,exact_full
Swertia lactea Bunge,Swertia lactea Bunge,Accepted,Swertia lactea,Bunge,Gentianaceae,Swertia,Species,370956-1,exact_full
Swertia marginata Schrenk,Swertia marginata Schrenk,Accepted,Swertia marginata,Schrenk,Gentianaceae,Swertia,Species,370977-1,exact_full
Syreitschikovia spinulosa (Franch.) Pavlov,Syreitschikovia spinulosa (Franch.) Pavlov,Accepted,Syreitschikovia spinulosa,(Franch.) Pavlov,Asteraceae,Syreitschikovia,Species,252048-1,exact_full
Taeniatherum asperum (Simonk.) Nevski,Taeniatherum asperum (Simonk.) Nevski,Synonym,Taeniatherum caput-medusae,(L.) Nevski,Poaceae,Taeniatherum,Species,424080-1,exact_full
Taeniatherum crinitum (Schreb.) Nevski,Taeniatherum crinitum (Schreb.) Nevski,Synonym,Taeniatherum caput-medusae,(L.) Nevski,Poaceae,Taeniatherum,Species,424080-1,exact_full
Tamarix androssowii Litw.,Tamarix androssowii Litv.,Accepted,Tamarix androssowii,Litv.,Tamaricaceae,Tamarix,Species,828043-1,exact_name_unique
Tamarix arceuthoides Bunge,Tamarix arceuthoides Bunge,Accepted,Tamarix arceuthoides,Bunge,Tamaricaceae,Tamarix,Species,828057-1,exact_full
Tamarix bungei Boiss.,Tamarix bungei Boiss.,Synonym,Tamarix aralensis,Bunge,Tamaricaceae,Tamarix,Species,828053-1,exact_full
Tamarix elongata Ledeb.,Tamarix elongata Ledeb.,Accepted,Tamarix elongata,Ledeb.,Tamaricaceae,Tamarix,Species,828098-1,exact_full
Tamarix florida Bunge,Tamarix florida Bunge,Accepted,Tamarix florida,Bunge,Tamaricaceae,Tamarix,Species,828105-1,exact_full
Tamarix hispida Willd.,Tamarix hispida Willd.,Accepted,Tamarix hispida,Willd.,Tamaricaceae,Tamarix,Species,828127-1,exact_full
Tamarix hohenackeri Bunge,Tamarix hohenackeri Bunge,Accepted,Tamarix hohenackeri,Bunge,Tamaricaceae,Tamarix,Species,828128-1,exact_full
Tamarix laxa Willd.,Tamarix laxa Willd.,Accepted,Tamarix laxa,Willd.,Tamaricaceae,Tamarix,Species,828146-1,exact_full
Tamarix leptostachys Bunge,Tamarix leptostachya Bunge,Accepted,Tamarix leptostachya,Bunge,Tamaricaceae,Tamarix,Species,828148-1,canon_fuzzy1
Tamarix litwinowii Gorschk.,Tamarix litwinowii Gorschk.,Accepted,Tamarix litwinowii,Gorschk.,Tamaricaceae,Tamarix,Species,828153-1,exact_full
Tamarix meyeri Boiss.,Tamarix meyeri Boiss.,Accepted,Tamarix meyeri,Boiss.,Tamaricaceae,Tamarix,Species,828168-1,exact_full
Tamarix ramosissima Ledeb.,Tamarix ramosissima Ledeb.,Accepted,Tamarix ramosissima,Ledeb.,Tamaricaceae,Tamarix,Species,828206-1,exact_full
Tanacetopsis botschantzevii (Kovalevsk.) Kovalevsk.,Tanacetopsis botschantzevii (Kovalevsk.) Kovalevsk.,Accepted,Tanacetopsis botschantzevii,(Kovalevsk.) Kovalevsk.,Asteraceae,Tanacetopsis,Species,252188-1,exact_full
Tanacetopsis handeliiformis Kovalevsk.,Tanacetopsis handeliiformis Kovalevsk.,Accepted,Tanacetopsis handeliiformis,Kovalevsk.,Asteraceae,Tanacetopsis,Species,252192-1,exact_full
Tanacetopsis kamelinii Kovalevsk.,Tanacetopsis kamelinii Kovalevsk.,Accepted,Tanacetopsis kamelinii,Kovalevsk.,Asteraceae,Tanacetopsis,Species,901114-1,exact_full
Tanacetopsis karataviensis (Kovalevsk.) Kovalevsk.,Tanacetopsis karataviensis (Kovalevsk.) Kovalevsk.,Accepted,Tanacetopsis karataviensis,(Kovalevsk.) Kovalevsk.,Asteraceae,Tanacetopsis,Species,252193-1,exact_full
Tanacetopsis krascheninnikovii (Nevski) Kovalevsk.,Tanacetopsis krascheninnikovii (Nevski) Kovalevsk.,Accepted,Tanacetopsis krascheninnikovii,(Nevski) Kovalevsk.,Asteraceae,Tanacetopsis,Species,252194-1,exact_full
Tanacetopsis mucronata (Regel & Schmalh.) Kovalevsk.,Tanacetopsis mucronata (Regel & Schmalh.) Kovalevsk.,Accepted,Tanacetopsis mucronata,(Regel & Schmalh.) Kovalevsk.,Asteraceae,Tanacetopsis,Species,252195-1,exact_full
"Tanacetopsis santoana (Krasch., Popov & Vved.) Kovalevsk.","Tanacetopsis santoana (Krasch., Popov & Vved.) Kovalevsk.",Accepted,Tanacetopsis santoana,"(Krasch., Popov & Vved.) Kovalevsk.",Asteraceae,Tanacetopsis,Species,252201-1,exact_full
Tanacetopsis submarginata (Kovalevsk.) Kovalevsk.,Tanacetopsis submarginata (Kovalevsk.) Kovalevsk.,Accepted,Tanacetopsis submarginata,(Kovalevsk.) Kovalevsk.,Asteraceae,Tanacetopsis,Species,252203-1,exact_full
Tanacetopsis urgutensis (Popov ex Tzvelev) Kovalevsk.,Tanacetopsis urgutensis (Popov ex Tzvelev) Kovalevsk.,Accepted,Tanacetopsis urgutensis,(Popov ex Tzvelev) Kovalevsk.,Asteraceae,Tanacetopsis,Species,252206-1,exact_full
Tanacetum pseudoachillea C. Winkl.,Tanacetum pseudachillea C.Winkl.,Synonym,Lepidolopsis pseudoachillea,(C.Winkl.) Poljakov,Asteraceae,Lepidolopsis,Species,229716-1,canon_fuzzy1
Tanacetum santolina C. Winkl.,Tanacetum santolina C.Winkl.,Accepted,Tanacetum santolina,C.Winkl.,Asteraceae,Tanacetum,Species,252499-1,exact_full
Taraxacum bessarabicum (Hornem.) Hand.-Mazz.,Taraxacum besarabicum (Hornem.) Hand.-Mazz.,Accepted,Taraxacum besarabicum,(Hornem.) Hand.-Mazz.,Asteraceae,Taraxacum,Species,252873-1,distribution_resolved
Taraxacum bicorne Dahlst.,Taraxacum bicorne Dahlst.,Accepted,Taraxacum bicorne,Dahlst.,Asteraceae,Taraxacum,Species,252877-1,exact_full
Taraxacum brevirostre Hand.-Mazz.,Taraxacum brevirostre Hand.-Mazz.,Accepted,Taraxacum brevirostre,Hand.-Mazz.,Asteraceae,Taraxacum,Species,252930-1,exact_full
Taraxacum butkovii Kovalevsk.,Taraxacum butkovii Kovalevsk.,Synonym,Taraxacum fedtschenkoi,Hand.-Mazz.,Asteraceae,Taraxacum,Species,253332-1,exact_full
Taraxacum comitans Kovalevsk.,Taraxacum comitans Kovalevsk.,Accepted,Taraxacum comitans,Kovalevsk.,Asteraceae,Taraxacum,Species,253052-1,exact_full
Taraxacum complicatum Kovalevsk.,Taraxacum complicatum Kovalevsk.,Synonym,Taraxacum svetlanae,Czerep.,Asteraceae,Taraxacum,Species,984643-1,name_multi_author_ok
Taraxacum contristans Kovalevsk.,Taraxacum contristans Kovalevsk.,Accepted,Taraxacum contristans,Kovalevsk.,Asteraceae,Taraxacum,Species,253083-1,exact_full
Taraxacum ecornutum Kovalevsk.,Taraxacum ecornutum Kovalevsk.,Accepted,Taraxacum ecornutum,Kovalevsk.,Asteraceae,Taraxacum,Species,253254-1,exact_full
Taraxacum elongatum Kovalevsk.,Taraxacum elongatum Kovalevsk.,Accepted,Taraxacum elongatum,Kovalevsk.,Asteraceae,Taraxacum,Species,253266-1,exact_full
Taraxacum eriobasis Kovalevsk.,Taraxacum eriobasis Kovalevsk.,Accepted,Taraxacum eriobasis,Kovalevsk.,Asteraceae,Taraxacum,Species,253279-1,exact_full
Taraxacum erostre Zakirov ex Kovalevsk.,Taraxacum erostre Zakirov,Accepted,Taraxacum erostre,Zakirov,Asteraceae,Taraxacum,Species,253283-1,exact_name_unique
Taraxacum glabellum Schischk.,Taraxacum glabellum Schischk.,Accepted,Taraxacum glabellum,Schischk.,Asteraceae,Taraxacum,Species,253424-1,exact_full
Taraxacum glaucivirens Schischk.,Taraxacum glaucivirens Schischk.,Accepted,Taraxacum glaucivirens,Schischk.,Asteraceae,Taraxacum,Species,253440-1,exact_full
Taraxacum gnezdilloi Kovalevsk.,Taraxacum gnezdilloi Kovalevsk.,Accepted,Taraxacum gnezdilloi,Kovalevsk.,Asteraceae,Taraxacum,Species,253445-1,exact_full
Taraxacum goloskokovii Schischk.,Taraxacum goloskokovii Schischk.,Accepted,Taraxacum goloskokovii,Schischk.,Asteraceae,Taraxacum,Species,253446-1,exact_full
Taraxacum juzepczukii Schischk.,Taraxacum juzepczukii Schischk.,Accepted,Taraxacum juzepczukii,Schischk.,Asteraceae,Taraxacum,Species,253654-1,exact_full
Taraxacum macrochlamydeum Kovalevsk.,Taraxacum macrochlamydeum Kovalevsk.,Accepted,Taraxacum macrochlamydeum,Kovalevsk.,Asteraceae,Taraxacum,Species,77306278-1,exact_full
Taraxacum maracandicum Kovalevsk.,Taraxacum maracandicum Kovalevsk.,Accepted,Taraxacum maracandicum,Kovalevsk.,Asteraceae,Taraxacum,Species,253945-1,exact_full
Taraxacum microspermum Schischk.,Taraxacum microspermum Schischk.,Accepted,Taraxacum microspermum,Schischk.,Asteraceae,Taraxacum,Species,254009-1,exact_full
Taraxacum minutilobum Popov ex Kovalevsk.,Taraxacum minutilobum Popov ex Kovalevsk.,Accepted,Taraxacum minutilobum,Popov ex Kovalevsk.,Asteraceae,Taraxacum,Species,254017-1,exact_full
Taraxacum modestum Schischk.,Taraxacum modestum Schischk.,Accepted,Taraxacum modestum,Schischk.,Asteraceae,Taraxacum,Species,254027-1,exact_full
Taraxacum monochlamydeum Hand.-Mazz.,Taraxacum monochlamydeum Hand.-Mazz.,Accepted,Taraxacum monochlamydeum,Hand.-Mazz.,Asteraceae,Taraxacum,Species,254035-1,exact_full
Taraxacum montanum (C.A. Mey.) DC.,Taraxacum montanum DC.,Synonym,Taraxacum sonchoides,(D.Don) Sch.Bip.,Asteraceae,Taraxacum,Species,77222265-1,exact_name_unique
Taraxacum nevskii Juz.,Taraxacum nevskii Juz.,Accepted,Taraxacum nevskii,Juz.,Asteraceae,Taraxacum,Species,254101-1,exact_full
Taraxacum nuratavicum Schischk.,Taraxacum nuratavicum Schischk.,Accepted,Taraxacum nuratavicum,Schischk.,Asteraceae,Taraxacum,Species,254125-1,exact_full
Taraxacum officinale F.H. Wigg.,Taraxacum officinale F.H.Wigg.,Synonym,Taraxacum sect. Taraxacum,F.H.Wigg.,Asteraceae,Taraxacum,Species,254151-1,exact_full
Taraxacum popovii Kovalevsk. ex Vainberg,Taraxacum popovii Kovalevsk. ex Vainberg,Accepted,Taraxacum popovii,Kovalevsk. ex Vainberg,Asteraceae,Taraxacum,Species,960202-1,exact_full
Taraxacum pseudoalpinum Schischk. ex Orazova,Taraxacum pseudoalpinum Schischk.,Invalid,Taraxacum maracandicum,Kovalevsk.,Asteraceae,Taraxacum,Species,253945-1,exact_name_unique
Taraxacum pseudominutilobum Kovalevsk.,Taraxacum pseudominutilobum Kovalevsk.,Accepted,Taraxacum pseudominutilobum,Kovalevsk.,Asteraceae,Taraxacum,Species,254488-1,exact_full
Taraxacum repandum Pavlov,Taraxacum repandum Pavlov,Accepted,Taraxacum repandum,Pavlov,Asteraceae,Taraxacum,Species,77112354-1,exact_full
Taraxacum strobilocephalum Kovalevsk.,Taraxacum strobilocephalum Kovalevsk.,Accepted,Taraxacum strobilocephalum,Kovalevsk.,Asteraceae,Taraxacum,Species,254824-1,exact_full
Taraxacum tadshikorum Ovcz.,Taraxacum tadshicorum Ovcz.,Synonym,Taraxacum multiscaposum,Schischk.,Asteraceae,Taraxacum,Species,254059-1,canon_exact
Taraxacum taschkenticum Orazova,Taraxacum taschkenticum Orazova,Synonym,Taraxacum fedtschenkoi,Hand.-Mazz.,Asteraceae,Taraxacum,Species,253332-1,exact_full
Taraxacum tianschanicum Pavlov,Taraxacum tianschanicum Pavlov,Accepted,Taraxacum tianschanicum,Pavlov,Asteraceae,Taraxacum,Species,77112355-1,exact_full
Tetracme bucharica (Korsh.) O.E. Schulz,Tetracme bucharica (Korsh.) O.E.Schulz,Accepted,Tetracme bucharica,(Korsh.) O.E.Schulz,Brassicaceae,Tetracme,Species,290328-1,exact_full
Tetracme glochidiata (Botsch. & Vved.) Pachomova,Tetracme glochidiata (Botsch. & Vved.) Pachom.,Synonym,Tetracme bucharica,(Korsh.) O.E.Schulz,Brassicaceae,Tetracme,Species,290328-1,exact_name_unique
Tetracme leptopoda Pachomova,Tetracme leptopoda Pachom.,Synonym,Tetracme recurvata,Bunge,Brassicaceae,Tetracme,Species,290335-1,exact_name_unique
Tetracme quadricornis (Steph. ex Willd.) Bunge,Tetracme quadricornis (Willd.) Bunge,Accepted,Tetracme quadricornis,(Willd.) Bunge,Brassicaceae,Tetracme,Species,290334-1,exact_name_unique
Tetracme recurvata Bunge,Tetracme recurvata Bunge,Accepted,Tetracme recurvata,Bunge,Brassicaceae,Tetracme,Species,290335-1,exact_full
Tetradiclis tenella (Ehrenb.) Litv.,Tetradiclis tenella (Ehrenb.) Litv.,Accepted,Tetradiclis tenella,(Ehrenb.) Litv.,Nitrariaceae,Tetradiclis,Species,873381-1,exact_full
Tetrataenium olgae (Regel & Schmalh.) Manden.,Tetrataenium olgae (Regel & Schmalh.) Manden.,Accepted,Tetrataenium olgae,(Regel & Schmalh.) Manden.,Apiaceae,Tetrataenium,Species,849313-1,exact_full
Teucrium scordioides Schreb.,Teucrium scordioides Schreb.,Synonym,Teucrium scordium subsp. scordioides,(Schreb.) Arcang.,Lamiaceae,Teucrium,Subspecies,77189767-1,exact_full
Thalictrum alpinum L.,Thalictrum alpinum L.,Accepted,Thalictrum alpinum,L.,Ranunculaceae,Thalictrum,Species,714201-1,exact_full
Thalictrum isopyroides C.A. Mey.,Thalictrum isopyroides C.A.Mey.,Accepted,Thalictrum isopyroides,C.A.Mey.,Ranunculaceae,Thalictrum,Species,714523-1,exact_full
Thalictrum minus L.,Thalictrum minus L.,Accepted,Thalictrum minus,L.,Ranunculaceae,Thalictrum,Species,714633-1,exact_full
Thalictrum simplex L.,Thalictrum simplex L.,Accepted,Thalictrum simplex,L.,Ranunculaceae,Thalictrum,Species,304708-2,exact_full
Thalictrum sultanabadense Stapf,Thalictrum sultanabadense Stapf,Accepted,Thalictrum sultanabadense,Stapf,Ranunculaceae,Thalictrum,Species,714928-1,exact_full
Thellungiella salsuginea (Pall.) O.E.Schulz,Thellungiella salsuginea (Pall.) O.E.Schulz,Synonym,Eutrema salsugineum,(Pall.) Al-Shehbaz & Warwick,Brassicaceae,Eutrema,Species,60440808-2,exact_full
Thermopsis alterniflora Regel & Schmalh.,Thermopsis alterniflora Regel & Schmalh.,Accepted,Thermopsis alterniflora,Regel & Schmalh.,Fabaceae,Thermopsis,Species,521155-1,exact_full
Thermopsis dolichocarpa V.V. Nikitin,Thermopsis dolichocarpa V.A.Nikitin,Accepted,Thermopsis dolichocarpa,V.A.Nikitin,Fabaceae,Thermopsis,Species,521170-1,exact_name_unique
Thesium alatavicum Kar. & Kir.,Thesium alatavicum Kar. & Kir.,Accepted,Thesium alatavicum,Kar. & Kir.,Santalaceae,Thesium,Species,780692-1,exact_full
Thesium arvense Horv.,Thesium arvense Horv.,Illegitimate,Thesium linophyllon,L.,Santalaceae,Thesium,Species,780950-1,exact_full
Thesium gontscharovii Bobrov,Thesium gontscharovii Bobrov,Accepted,Thesium gontscharovii,Bobrov,Santalaceae,Thesium,Species,780867-1,exact_full
Thesium minkvitzianum B. Fedtsch.,Thesium minkwitzianum B.Fedtsch.,Accepted,Thesium minkwitzianum,B.Fedtsch.,Santalaceae,Thesium,Species,780986-1,canon_exact
Thesium ramosissimum Bobrov,Thesium ramosissimum Bobrov,Accepted,Thesium ramosissimum,Bobrov,Santalaceae,Thesium,Species,781067-1,exact_full
Thevenotia scabra (Boiss.) Boiss.,Thevenotia scabra Boiss.,Accepted,Thevenotia scabra,Boiss.,Asteraceae,Thevenotia,Species,255627-1,exact_name_unique
Thladiantha dubia Bunge,Thladiantha dubia Bunge,Accepted,Thladiantha dubia,Bunge,Cucurbitaceae,Thladiantha,Species,294067-1,exact_full
Thlaspi arvense L.,Thlaspi arvense L.,Accepted,Thlaspi arvense,L.,Brassicaceae,Thlaspi,Species,290477-1,exact_full
Thlaspi ceratocarpum (Pall.) Murray,Thlaspi ceratocarpon (Pall.) Murray,Accepted,Thlaspi ceratocarpon,(Pall.) Murray,Brassicaceae,Thlaspi,Species,290513-1,canon_exact
Thuspeinantha persica (Boiss.) Briq.,Thuspeinanta persica (Boiss.) Briq.,Synonym,Stachys thuspeinantha,Sennikov,Lamiaceae,Stachys,Species,77331149-1,canon_exact
Thymelaea passerina (L.) Coss. & Germ.,Thymelaea passerina (L.) Coss. & Germ.,Accepted,Thymelaea passerina,(L.) Coss. & Germ.,Thymelaeaceae,Thymelaea,Species,77085178-1,exact_full
Thymus dmitrievae Gamajun.,Thymus dmitrievae Gamajun.,Accepted,Thymus dmitrievae,Gamajun.,Lamiaceae,Thymus,Species,461112-1,exact_full
Thymus insertus Klokov,Thymus incertus Klokov,Accepted,Thymus incertus,Klokov,Lamiaceae,Thymus,Species,461272-1,canon_fuzzy1
Thymus serawschanicus Klokov,Thymus seravschanicus Klokov,Accepted,Thymus seravschanicus,Klokov,Lamiaceae,Thymus,Species,461644-1,canon_exact
"Thymus subnervosus Vved., Nabiev & Tulyag.","Thymus subnervosus Vved., Nabiev & Tulyag.",Accepted,Thymus subnervosus,"Vved., Nabiev & Tulyag.",Lamiaceae,Thymus,Species,934225-1,exact_full
Torilis arvensis (Huds.) Link,Torilis arvensis (Huds.) Link,Accepted,Torilis arvensis,(Huds.) Link,Apiaceae,Torilis,Species,849502-1,exact_full
Torilis leptophylla (L.) Rchb. f.,Torilis leptophylla (L.) Rchb.f.,Accepted,Torilis leptophylla,(L.) Rchb.f.,Apiaceae,Torilis,Species,849536-1,exact_full
Torilis nodosa (L.) Gaertn.,Torilis nodosa (L.) Gaertn.,Accepted,Torilis nodosa,(L.) Gaertn.,Apiaceae,Torilis,Species,849545-1,exact_full
Trachelanthus hissaricus Lipsky,Trachelanthus hissaricus Lipsky,Accepted,Trachelanthus hissaricus,Lipsky,Boraginaceae,Trachelanthus,Species,121207-1,exact_full
Trachelanthus korolkovii Lipsky,Trachelanthus korolkowii Lipsky,Accepted,Trachelanthus korolkowii,Lipsky,Boraginaceae,Trachelanthus,Species,121208-1,canon_exact
Trachomitum lancifolium (Russanov) Pobed.,Trachomitum lancifolium (Russanov) Pobed.,Synonym,Apocynum venetum subsp. lancifolium,(Russanov) M.H.J.van der Meer,Apocynaceae,Apocynum,Subspecies,77190050-1,exact_full
Trachomitum scabrum (Russanov) Pobed.,Trachomitum scabrum (Russanov) Pobed.,Synonym,Apocynum venetum subsp. scabrum,(Russanov) M.H.J.van der Meer,Apocynaceae,Apocynum,Subspecies,77190075-1,exact_full
Trachynia distachya (L.) Link,Trachynia distachya (L.) Link,Synonym,Brachypodium distachyon,(L.) P.Beauv.,Poaceae,Brachypodium,Species,393098-1,exact_full
Trachyspermum ammi (L.) Sprague,Trachyspermum ammi (L.) Sprague,Accepted,Trachyspermum ammi,(L.) Sprague,Apiaceae,Trachyspermum,Species,849765-1,exact_full
Tragopogon capitatus S.A. Nikitin,Tragopogon capitatus S.A.Nikitin,Accepted,Tragopogon capitatus,S.A.Nikitin,Asteraceae,Tragopogon,Species,255965-1,exact_full
Tragopogon conduplicatus S.A. Nikitin,Tragopogon conduplicatus S.A.Nikitin,Accepted,Tragopogon conduplicatus,S.A.Nikitin,Asteraceae,Tragopogon,Species,255977-1,exact_full
Tragopogon graminifolius DC.,Tragopogon graminifolius DC.,Accepted,Tragopogon graminifolius,DC.,Asteraceae,Tragopogon,Species,256016-1,exact_full
Tragopogon kraschennikovii S.A. Nikitin,Tragopogon krascheninnikovii S.A.Nikitin,Synonym,Tragopogon coelesyriacus,Boiss.,Asteraceae,Tragopogon,Species,255973-1,manual_alias
Tragopogon kultiassovii Popov & S.A. Nikitin,Tragopogon kultiassovii Popov,Accepted,Tragopogon kultiassovii,Popov,Asteraceae,Tragopogon,Species,256042-1,exact_name_unique
Tragopogon malicus S.A. Nikitin,Tragopogon malikus S.A.Nikitin,Accepted,Tragopogon malikus,S.A.Nikitin,Asteraceae,Tragopogon,Species,256065-1,canon_exact
Tragopogon marginifolius Pavlov,Tragopogon marginifolius Pavlov,Accepted,Tragopogon marginifolius,Pavlov,Asteraceae,Tragopogon,Species,256068-1,exact_full
Tragopogon paradoxus S.A. Nikitin,Tragopogon paradoxus S.A.Nikitin,Accepted,Tragopogon paradoxus,S.A.Nikitin,Asteraceae,Tragopogon,Species,256095-1,exact_full
Tragopogon pseudomajor S.A. Nikitin,Tragopogon pseudomajor S.A.Nikitin,Accepted,Tragopogon pseudomajor,S.A.Nikitin,Asteraceae,Tragopogon,Species,256113-1,exact_full
Tragopogon sabulosus Krash. & S.A. Nikitin,Tragopogon sabulosus Krasch. & S.A.Nikitin,Accepted,Tragopogon sabulosus,Krasch. & S.A.Nikitin,Asteraceae,Tragopogon,Species,77181653-1,exact_name_unique
Tragopogon serawschanicus S.A. Nikitin,Tragopogon serawschanicus S.A.Nikitin,Accepted,Tragopogon serawschanicus,S.A.Nikitin,Asteraceae,Tragopogon,Species,256135-1,exact_full
Tragopogon turkestanicus S.A. Nikitin ex Pavlov,Tragopogon turkestanicus S.A.Nikitin,Accepted,Tragopogon turkestanicus,S.A.Nikitin,Asteraceae,Tragopogon,Species,256165-1,exact_name_unique
Tragopogon vvedenskyi Popov ex Pavlov,Tragopogon vvedenskyi Popov,Accepted,Tragopogon vvedenskyi,Popov,Asteraceae,Tragopogon,Species,256177-1,exact_name_unique
Tribulus macropterus Boiss.,Tribulus macropterus Boiss.,Accepted,Tribulus macropterus,Boiss.,Zygophyllaceae,Tribulus,Species,873447-1,exact_full
Tribulus terrestris L.,Tribulus terrestris L.,Accepted,Tribulus terrestris,L.,Zygophyllaceae,Tribulus,Species,873489-1,name_multi_author_ok
Trichanthemis aurea Krasch.,Trichanthemis aurea Krasch.,Accepted,Trichanthemis aurea,Krasch.,Asteraceae,Trichanthemis,Species,256192-1,exact_full
Trichanthemis butkovii Kovalevsk.,Trichanthemis butkovii Kovalevsk.,Synonym,Pseudoglossanthis butkovii,(Kovalevsk.) Kamelin,Asteraceae,Pseudoglossanthis,Species,986147-1,exact_full
Trichanthemis glabrifolia Novopokr.,Trichanthemis glabriflora Novopokr. & Sidorenko,Accepted,Trichanthemis glabriflora,Novopokr. & Sidorenko,Asteraceae,Trichanthemis,Species,256194-1,manual_alias
Trichanthemis karataviensis Regel & Schmalh.,Trichanthemis karataviensis Regel & Schmalh.,Accepted,Trichanthemis karataviensis,Regel & Schmalh.,Asteraceae,Trichanthemis,Species,256195-1,exact_full
Trichodesma incanum (Bunge) A. DC.,Trichodesma incanum (Bunge) A.DC.,Accepted,Trichodesma incanum,(Bunge) A.DC.,Boraginaceae,Trichodesma,Species,121262-1,exact_full
Trifolium lappaceum L.,Trifolium lappaceum L.,Accepted,Trifolium lappaceum,L.,Fabaceae,Trifolium,Species,523284-1,exact_full
Trifolium pratense L.,Trifolium pratense L.,Accepted,Trifolium pratense,L.,Fabaceae,Trifolium,Species,523575-1,exact_full
Trifolium repens L.,Trifolium repens L.,Accepted,Trifolium repens,L.,Fabaceae,Trifolium,Species,523626-1,exact_full
Triglochin palustris L.,Triglochin palustris L.,Accepted,Triglochin palustris,L.,Juncaginaceae,Triglochin,Species,603552-1,exact_full
Trigonella arcuata C.A. Mey.,Trigonella arcuata C.A.Mey.,Synonym,Medicago medicaginoides,(Retz.) E.Small,Fabaceae,Medicago,Species,943784-1,name_multi_author_ok
Trigonella cancellata Desf.,Trigonella cancellata Desf. ex Spreng.,Illegitimate,Trigonella stellata,Forssk.,Fabaceae,Trigonella,Species,524108-1,exact_name_unique
Trigonella foenum-graecum L.,Trigonella foenum-graecum L.,Accepted,Trigonella foenum-graecum,L.,Fabaceae,Trigonella,Species,523957-1,exact_full
Trigonella geminiflora Bunge,Trigonella geminiflora Bunge,Synonym,Medicago monantha,(C.A.Mey.) Trautv.,Fabaceae,Medicago,Species,60456796-2,name_multi_author_ok
Trigonella grandiflora Bunge,Trigonella grandiflora Bunge,Accepted,Trigonella grandiflora,Bunge,Fabaceae,Trigonella,Species,523973-1,exact_full
Trigonella iskanderi Vassilcz.,Trigonella iskanderi Vassilcz.,Accepted,Trigonella iskanderi,Vassilcz.,Fabaceae,Trigonella,Species,523992-1,exact_full
Trigonella orthoceras Kar. & Kir.,Trigonella orthoceras Kar. & Kir.,Synonym,Medicago orthoceras,(Kar. & Kir.) Trautv.,Fabaceae,Medicago,Species,506325-1,exact_full
Trigonella verae Širj.,Trigonella verae Širj.,Accepted,Trigonella verae,Širj.,Fabaceae,Trigonella,Species,524135-1,exact_full
Trigonotis peduncularis (Trev.) Benth. ex Baker & S. Moore,Trigonotis peduncularis (Trevir.) Benth. ex F.B.Forbes & Hemsl.,Accepted,Trigonotis peduncularis,(Trevir.) Benth. ex F.B.Forbes & Hemsl.,Boraginaceae,Trigonotis,Species,121356-1,exact_name_unique
Tripleurospermum disciforme (C.A. Mey.) Sch. Bip.,Tripleurospermum disciforme (C.A.Mey.) Sch.Bip.,Accepted,Tripleurospermum disciforme,(C.A.Mey.) Sch.Bip.,Asteraceae,Tripleurospermum,Species,256489-1,exact_full
Tripolium pannonicum subsp. tripolium (L.) Greuter,Tripolium pannonicum subsp. tripolium (L.) Greuter,Synonym,Tripolium pannonicum,(Jacq.) Dobrocz.,Asteraceae,Tripolium,Species,256563-1,exact_full
Trisetaria cavanillesii (Trin.) Maire,Trisetaria cavanillesii Maire,Illegitimate,Trisetaria loeflingiana,(L.) Paunero,Poaceae,Trisetaria,Species,425067-1,exact_name_unique
Trisetum spicatum (L.) K. Richt.,Trisetum spicatum (L.) K.Richt.,Synonym,Koeleria spicata,"(L.) Barberá, Quintanar, Soreng & P.M.Peterson",Poaceae,Koeleria,Species,77217043-1,exact_full
Triticum durum Desf.,Triticum durum Desf.,Synonym,Triticum turgidum subsp. durum,(Desf.) Husn.,Poaceae,Triticum,Subspecies,77188896-1,exact_full
Trollius altaicus C.A. Mey.,Trollius altaicus C.A.Mey.,Accepted,Trollius altaicus,C.A.Mey.,Ranunculaceae,Trollius,Species,715069-1,exact_full
Trollius dschungaricus Regel,Trollius dschungaricus Regel,Accepted,Trollius dschungaricus,Regel,Ranunculaceae,Trollius,Species,715092-1,exact_full
Trollius komarovii Pachom.,Trollius komarovii Pachom.,Accepted,Trollius komarovii,Pachom.,Ranunculaceae,Trollius,Species,715112-1,exact_full
Tulipa affinis Botschantz.,Tulipa affinis Botschantz.,Synonym,Tulipa fosteriana,W.Irving,Liliaceae,Tulipa,Species,542916-1,exact_full
Tulipa bactriana J.J. de Groot ined.,Tulipa bactriana J.de Groot & Tojibaev,Accepted,Tulipa bactriana,J.de Groot & Tojibaev,Liliaceae,Tulipa,Species,77213155-1,exact_name_unique
Tulipa biflora Pall.,Tulipa biflora Pall.,Accepted,Tulipa biflora,Pall.,Liliaceae,Tulipa,Species,542845-1,exact_full
Tulipa bifloriformis Vved.,Tulipa bifloriformis Vved.,Accepted,Tulipa bifloriformis,Vved.,Liliaceae,Tulipa,Species,542848-1,exact_full
Tulipa borszczowii Regel,Tulipa borszczowii Regel,Accepted,Tulipa borszczowii,Regel,Liliaceae,Tulipa,Species,542856-1,name_multi_author_ok
Tulipa buhseana Boiss.,Tulipa buhseana Boiss.,Synonym,Tulipa biflora,Pall.,Liliaceae,Tulipa,Species,542845-1,exact_full
Tulipa butkovii Botschantz.,Tulipa butkovii Botschantz.,Accepted,Tulipa butkovii,Botschantz.,Liliaceae,Tulipa,Species,542867-1,exact_full
Tulipa carinata Vved.,Tulipa carinata Vved.,Accepted,Tulipa carinata,Vved.,Liliaceae,Tulipa,Species,542871-1,exact_full
Tulipa dasystemon Regel,Tulipa dasystemon (Regel) Regel,Accepted,Tulipa dasystemon,(Regel) Regel,Liliaceae,Tulipa,Species,542897-1,exact_name_unique
Tulipa dasystemonoides Vved.,Tulipa dasystemonoides Vved.,Synonym,Tulipa dasystemon,(Regel) Regel,Liliaceae,Tulipa,Species,542897-1,exact_full
Tulipa dubia Vved.,Tulipa dubia Vved.,Accepted,Tulipa dubia,Vved.,Liliaceae,Tulipa,Species,542902-1,exact_full
Tulipa ferganica Vved.,Tulipa ferganica Vved.,Accepted,Tulipa ferganica,Vved.,Liliaceae,Tulipa,Species,542911-1,exact_full
Tulipa fosteriana Irving,Tulipa fosteriana W.Irving,Accepted,Tulipa fosteriana,W.Irving,Liliaceae,Tulipa,Species,542916-1,exact_name_unique
Tulipa greigii Regel,Tulipa greigii Regel,Accepted,Tulipa greigii,Regel,Liliaceae,Tulipa,Species,542931-1,exact_full
Tulipa hissarica Vved.,Tulipa hissarica Popov & Vved.,Accepted,Tulipa hissarica,Popov & Vved.,Liliaceae,Tulipa,Species,542948-1,exact_name_unique
Tulipa ingens Hoog,Tulipa ingens Hoog,Accepted,Tulipa ingens,Hoog,Liliaceae,Tulipa,Species,542957-1,exact_full
Tulipa intermedia Tojibaev & J.J. de Groot,Tulipa intermedia Tojibaev & J.de Groot,Accepted,Tulipa intermedia,Tojibaev & J.de Groot,Liliaceae,Tulipa,Species,77143360-1,exact_name_unique
Tulipa kaufmanniana Regel,Tulipa kaufmanniana Regel,Accepted,Tulipa kaufmanniana,Regel,Liliaceae,Tulipa,Species,542962-1,exact_full
Tulipa kaufmanniana Regel subsp. tschimganica (Botschantz.) Tojibaev,Tulipa kaufmanniana Regel,Accepted,Tulipa kaufmanniana,Regel,Liliaceae,Tulipa,Species,542962-1,exact_name_unique
Tulipa korolkovii Regel,Tulipa korolkowii Regel,Accepted,Tulipa korolkowii,Regel,Liliaceae,Tulipa,Species,542968-1,canon_exact
Tulipa korshinskyi Vved.,Tulipa korshinskyi Vved.,Synonym,Tulipa anisophylla,Vved.,Liliaceae,Tulipa,Species,542823-1,exact_full
Tulipa lanata Regel,Tulipa lanata Regel,Accepted,Tulipa lanata,Regel,Liliaceae,Tulipa,Species,542977-1,exact_full
Tulipa lehmanniana Merckl. ex Bunge,Tulipa lehmanniana Merckl.,Accepted,Tulipa lehmanniana,Merckl.,Liliaceae,Tulipa,Species,928064-1,exact_name_unique
Tulipa micheliana Th.M. Hoog,Tulipa micheliana Hoog,Synonym,Tulipa undulatifolia var. micheliana,(Hoog) Wilford,Liliaceae,Tulipa,Variety,77129270-1,exact_name_unique
Tulipa mogoltavica Popov & Vved.,Tulipa mogoltavica Popov & Vved.,Synonym,Tulipa greigii,Regel,Liliaceae,Tulipa,Species,542931-1,exact_full
Tulipa orythioides Vved.,Tulipa orithyioides Vved.,Accepted,Tulipa orithyioides,Vved.,Liliaceae,Tulipa,Species,543025-1,canon_exact
Tulipa scharipovii Tojibaev,Tulipa scharipovii Tojibaev,Accepted,Tulipa scharipovii,Tojibaev,Liliaceae,Tulipa,Species,77103808-1,exact_full
Tulipa sogdiana Merckl.,Tulipa sogdiana Bunge,Synonym,Tulipa biflora,Pall.,Liliaceae,Tulipa,Species,542845-1,exact_name_unique
Tulipa talassica Lazkov aff.,Tulipa talassica Lazkov,Accepted,Tulipa talassica,Lazkov,Liliaceae,Tulipa,Species,77119699-1,exact_name_unique
Tulipa tubergeniana Hoog,Tulipa tubergeniana Hoog,Synonym,Tulipa ingens,Hoog,Liliaceae,Tulipa,Species,542957-1,exact_full
Tulipa turkestanica Regel,Tulipa turkestanica (Regel) Regel,Accepted,Tulipa turkestanica,(Regel) Regel,Liliaceae,Tulipa,Species,543131-1,exact_name_unique
Tulipa uzbekistanica Botschantz. & Scharipov,Tulipa uzbekistanica Botschantz. & Sharipov,Accepted,Tulipa uzbekistanica,Botschantz. & Sharipov,Liliaceae,Tulipa,Species,543139-1,exact_name_unique
Tulipa vvedenskyi Botschantz.,Tulipa vvedenskyi Botschantz.,Accepted,Tulipa vvedenskyi,Botschantz.,Liliaceae,Tulipa,Species,543146-1,exact_full
Turaniphytum eranthemum (Bunge) Poljakov,Turaniphytum eranthemum (Bunge) Poljakov,Synonym,Artemisia eranthema,Bunge,Asteraceae,Artemisia,Species,179451-1,exact_full
Turgenia latifolia (L.) Hoffm.,Turgenia latifolia (L.) Hoffm.,Accepted,Turgenia latifolia,(L.) Hoffm.,Apiaceae,Turgenia,Species,849900-1,exact_full
Turritis glabra L.,Turritis glabra L.,Accepted,Turritis glabra,L.,Brassicaceae,Turritis,Species,290916-1,exact_full
Tussilago farfara L.,Tussilago farfara L.,Accepted,Tussilago farfara,L.,Asteraceae,Tussilago,Species,256904-1,exact_full
Tylosperma lignosa (Willd.) Botsch.,Tylosperma lignosa (Willd. ex Schltdl.) Botsch.,Synonym,Argentina lignosa,(D.F.K.Schltdl.) Soják,Rosaceae,Argentina,Species,77146926-1,exact_name_unique
Typha angustata Bory & Chaub.,Typha angustata Bory & Chaub.,Synonym,Typha angustifolia,L.,Typhaceae,Typha,Species,259280-2,exact_full
Typha angustifolia L.,Typha angustifolia L.,Accepted,Typha angustifolia,L.,Typhaceae,Typha,Species,259280-2,exact_full
Typha elephantina Roxb.,Typha elephantina Roxb.,Accepted,Typha elephantina,Roxb.,Typhaceae,Typha,Species,836843-1,exact_full
Typha latifolia L.,Typha latifolia L.,Accepted,Typha latifolia,L.,Typhaceae,Typha,Species,836870-1,exact_full
Typha laxmannii Lepech.,Typha laxmannii Lepech.,Accepted,Typha laxmannii,Lepech.,Typhaceae,Typha,Species,836872-1,exact_full
Typha minima Funck,Typha minima Funck,Accepted,Typha minima,Funck,Typhaceae,Typha,Species,20003722-1,name_multi_author_ok
Tytthostemma alsinoides (Boiss. & Buhse) Nevski,Tytthostemma alsinoides (Boiss. & Buhse) Nevski,Synonym,Stellaria alsinoides,Boiss. & Buhse,Caryophyllaceae,Stellaria,Species,159039-1,exact_full
Ugamia angrenica (Krasch.) Tzvelev,Ugamia angrenica (Krasch.) Pavlov,Accepted,Ugamia angrenica,(Krasch.) Pavlov,Asteraceae,Ugamia,Species,256988-1,exact_name_unique
Ulmus androssowii Litv.,Ulmus × androssowii Litv.,Accepted,Ulmus × androssowii,Litv.,Ulmaceae,Ulmus,Species,837110-1,distribution_resolved
Ulmus glabra Huds.,Ulmus glabra Huds.,Accepted,Ulmus glabra,Huds.,Ulmaceae,Ulmus,Species,302887-2,name_multi_author_ok
Ulmus laevis Pall.,Ulmus laevis Pall.,Accepted,Ulmus laevis,Pall.,Ulmaceae,Ulmus,Species,856879-1,exact_full
Ulmus minor Mill.,Ulmus minor Mill.,Accepted,Ulmus minor,Mill.,Ulmaceae,Ulmus,Species,856890-1,exact_full
Ulmus pumila L.,Ulmus pumila L.,Accepted,Ulmus pumila,L.,Ulmaceae,Ulmus,Species,303333-2,name_multi_author_ok
Ulugbekia tschimganica (B. Fedtsch.) Zakirov,Ulugbekia tschimganica (B.Fedtsch.) Zakirov,Synonym,Arnebia tschimganica,(B.Fedtsch.) G.L.Zhu,Boraginaceae,Arnebia,Species,910042-1,exact_full
Ungernia oligostroma Popov & Vved.,Ungernia oligostroma Popov & Vved.,Accepted,Ungernia oligostroma,Popov & Vved.,Amaryllidaceae,Ungernia,Species,66977-1,exact_full
Ungernia sewerzowii (Regel) B. Fedtsch.,Ungernia sewerzowii (Regel) B.Fedtsch.,Accepted,Ungernia sewerzowii,(Regel) B.Fedtsch.,Amaryllidaceae,Ungernia,Species,66978-1,exact_full
Ungernia victoris Vved.,Ungernia victoris Vved. ex Artjush.,Accepted,Ungernia victoris,Vved. ex Artjush.,Amaryllidaceae,Ungernia,Species,66983-1,exact_name_unique
Urtica dioica L.,Urtica dioica L.,Accepted,Urtica dioica,L.,Urticaceae,Urtica,Species,260630-2,name_multi_author_ok
Utricularia minor L.,Utricularia minor L.,Accepted,Utricularia minor,L.,Lentibulariaceae,Utricularia,Species,526922-1,exact_full
Utricularia vulgaris L.,Utricularia vulgaris L.,Accepted,Utricularia vulgaris,L.,Lentibulariaceae,Utricularia,Species,527199-1,exact_full
Vaccaria hispanica (Mill.) Rauschert,Vaccaria hispanica (Mill.) Rauschert,Synonym,Gypsophila vaccaria,(L.) Sm.,Caryophyllaceae,Gypsophila,Species,154685-1,exact_full
Valeriana chionophila Popov & Kult.,Valeriana chionophila Popov & Kult.,Accepted,Valeriana chionophila,Popov & Kult.,Caprifoliaceae,Valeriana,Species,859685-1,name_multi_author_ok
Valeriana fedtschenkoi Coincy,Valeriana fedtschenkoi Coincy,Accepted,Valeriana fedtschenkoi,Coincy,Caprifoliaceae,Valeriana,Species,859790-1,exact_full
Valeriana ficariifolia Boiss.,Valeriana ficariifolia Boiss.,Accepted,Valeriana ficariifolia,Boiss.,Caprifoliaceae,Valeriana,Species,859793-1,exact_full
Valerianella aksaensis M.N. Abdull.,Valerianella aksaensis M.N.Abdull.,Synonym,Valeriana tuberculata,(Boiss.) Christenh. & Byng,Caprifoliaceae,Valeriana,Species,77185697-1,exact_full
Valerianella anodon Lincz.,Valerianella anodon Lincz.,Synonym,Valeriana oxyrhyncha,(Fisch. & C.A.Mey.) Christenh. & Byng,Caprifoliaceae,Valeriana,Species,77183986-1,exact_full
Valerianella coronata (L.) DC.,Valerianella coronata (L.) DC.,Synonym,Valeriana coronata,(L.) Mill.,Caprifoliaceae,Valeriana,Species,859711-1,exact_full
Valerianella cymbocarpa C.A. Mey.,Valerianella cymbaecarpa C.A.Mey.,Synonym,Valeriana cymbaecarpa,(C.A.Mey.) Sennikov,Caprifoliaceae,Valeriana,Species,77331183-1,canon_fuzzy1
Valerianella dactylophylla Boiss. & Hohen.,Valerianella dactylophylla Boiss. & Hohen.,Synonym,Valeriana dactylophylla,(Boiss. & Hohen.) Sennikov,Caprifoliaceae,Valeriana,Species,77331184-1,exact_full
Valerianella diodon Boiss.,Valerianella diodon Boiss.,Synonym,Valeriana oxyrhyncha,(Fisch. & C.A.Mey.) Christenh. & Byng,Caprifoliaceae,Valeriana,Species,77183986-1,exact_full
Valerianella dufresnia Bunge,Valerianella dufresnia Bunge ex Boiss.,Synonym,Valeriana orientalis,(DC.) Sennikov,Caprifoliaceae,Valeriana,Species,77331186-1,exact_name_unique
Valerianella muricata (Stev. ex M. Bieb.) J.W. Loud.,Valerianella muricata (Steven ex Roem. & Schult.) W.H.Baxter,Synonym,Valeriana muricata,(Steven ex Roem. & Schult.) Sennikov,Caprifoliaceae,Valeriana,Species,77331185-1,exact_name_unique
Valerianella oxyrrhyncha Fisch. & C.A. Mey.,Valerianella oxyrhyncha Fisch. & C.A.Mey.,Synonym,Valeriana oxyrhyncha,(Fisch. & C.A.Mey.) Christenh. & Byng,Caprifoliaceae,Valeriana,Species,77183986-1,canon_exact
Valerianella plagiostephana Fisch. & C.A. Mey.,Valerianella plagiostephana Fisch. & C.A.Mey.,Synonym,Valeriana plagiostephana,(Fisch. & C.A.Mey.) Christenh. & Byng,Caprifoliaceae,Valeriana,Species,77183658-1,exact_full
Valerianella szovitsiana Fisch. & C.A. Mey.,Valerianella szovitsiana Fisch. & C.A.Mey.,Synonym,Valeriana szovitsiana,(Fisch. & C.A.Mey.) Christenh. & Byng,Caprifoliaceae,Valeriana,Species,77185703-1,exact_full
Valerianella triplaris Boiss. & Buhse,Valerianella triplaris Boiss. & Buhse,Synonym,Valeriana triplaris,(Boiss. & Buhse) Christenh. & Byng,Caprifoliaceae,Valeriana,Species,77185701-1,exact_full
Valerianella tuberculata Boiss.,Valerianella tuberculata Boiss.,Synonym,Valeriana tuberculata,(Boiss.) Christenh. & Byng,Caprifoliaceae,Valeriana,Species,77185697-1,exact_full
Valerianella turkestanica Regel & Schmalh.,Valerianella turkestanica Regel & Schmalh.,Synonym,Valeriana regelii,Sennikov,Caprifoliaceae,Valeriana,Species,77331187-1,exact_full
Valerianella uncinata (M. Bieb.) Dufr.,Valerianella uncinata (M.Bieb.) Dufr.,Synonym,Valeriana uncinata,M.Bieb.,Caprifoliaceae,Valeriana,Species,860279-1,exact_full
Valerianella vvedenskyi Lincz.,Valerianella vvedenskyi Lincz.,Synonym,Valeriana szovitsiana,(Fisch. & C.A.Mey.) Christenh. & Byng,Caprifoliaceae,Valeriana,Species,77185703-1,exact_full
Vallisneria spiralis L.,Vallisneria spiralis L.,Accepted,Vallisneria spiralis,L.,Hydrocharitaceae,Vallisneria,Species,431996-1,exact_full
Velezia rigida L.,Velezia rigida L.,Synonym,Dianthus nudiflorus,Griff.,Caryophyllaceae,Dianthus,Species,153658-1,exact_full
Verbascum agrimonifolium (K. Koch) Hub.-Mor.,Verbascum agrimoniifolium (K.Koch) Hub.-Mor.,Accepted,Verbascum agrimoniifolium,(K.Koch) Hub.-Mor.,Scrophulariaceae,Verbascum,Species,810698-1,manual_alias
Verbascum blattaria L.,Verbascum blattaria L.,Accepted,Verbascum blattaria,L.,Scrophulariaceae,Verbascum,Species,810828-1,exact_full
Verbascum erianthum Benth. ex DC.,Verbascum erianthum Benth.,Accepted,Verbascum erianthum,Benth.,Scrophulariaceae,Verbascum,Species,811059-1,exact_name_unique
Verbascum songaricum Schrenk,Verbascum songaricum Schrenk ex Fisch. & C.A.Mey.,Accepted,Verbascum songaricum,Schrenk ex Fisch. & C.A.Mey.,Scrophulariaceae,Verbascum,Species,770139-1,exact_name_unique
Verbascum turkestanicum Franch.,Verbascum turkestanicum Franch.,Accepted,Verbascum turkestanicum,Franch.,Scrophulariaceae,Verbascum,Species,770194-1,exact_full
Verbena officinalis L.,Verbena officinalis L.,Accepted,Verbena officinalis,L.,Verbenaceae,Verbena,Species,330554-2,exact_full
Veronica anagallis-aquatica L.,Veronica anagallis-aquatica L.,Accepted,Veronica anagallis-aquatica,L.,Plantaginaceae,Veronica,Species,811610-1,exact_full
Veronica anagalloides Guss.,Veronica anagalloides Guss.,Accepted,Veronica anagalloides,Guss.,Plantaginaceae,Veronica,Species,811612-1,exact_full
Veronica arguteserrata Regel & Schmalh.,Veronica argute-serrata Regel & Schmalh.,Accepted,Veronica argute-serrata,Regel & Schmalh.,Plantaginaceae,Veronica,Species,811645-1,canon_exact
Veronica arvensis L.,Veronica arvensis L.,Accepted,Veronica arvensis,L.,Plantaginaceae,Veronica,Species,811649-1,exact_full
Veronica beccabunga L.,Veronica beccabunga L.,Accepted,Veronica beccabunga,L.,Plantaginaceae,Veronica,Species,811680-1,exact_full
Veronica biloba L.,Veronica biloba Schreb. ex L.,Accepted,Veronica biloba,Schreb. ex L.,Plantaginaceae,Veronica,Species,286904-2,manual_alias
Veronica bucharica B. Fedtsch.,Veronica bucharica B.Fedtsch.,Accepted,Veronica bucharica,B.Fedtsch.,Plantaginaceae,Veronica,Species,811737-1,exact_full
Veronica campylopoda Boiss.,Veronica campylopoda Boiss.,Accepted,Veronica campylopoda,Boiss.,Plantaginaceae,Veronica,Species,811755-1,exact_full
Veronica capillipes Nevski,Veronica capillipes Nevski,Accepted,Veronica capillipes,Nevski,Plantaginaceae,Veronica,Species,811767-1,exact_full
Veronica cardiocarpa (Kar. & Kir.) Walp.,Veronica cardiocarpa (Kar. & Kir.) Walp.,Accepted,Veronica cardiocarpa,(Kar. & Kir.) Walp.,Plantaginaceae,Veronica,Species,811773-1,exact_full
Veronica ferganica Popov,Veronica ferganica Popov,Accepted,Veronica ferganica,Popov,Plantaginaceae,Veronica,Species,811975-1,exact_full
Veronica hederifolia L.,Veronica hederifolia L.,Accepted,Veronica hederifolia,L.,Plantaginaceae,Veronica,Species,812075-1,exact_full
Veronica hispidula Boiss. & Huett,Veronica hispidula Boiss. & A.Huet,Accepted,Veronica hispidula,Boiss. & A.Huet,Plantaginaceae,Veronica,Species,812097-1,exact_name_unique
Veronica intercedens Bornm.,Veronica intercedens Bornm.,Accepted,Veronica intercedens,Bornm.,Plantaginaceae,Veronica,Species,812134-1,exact_full
Veronica oxycarpa Boiss.,Veronica oxycarpa Boiss.,Synonym,Veronica anagallis-aquatica,L.,Plantaginaceae,Veronica,Species,811610-1,exact_full
Veronica persica Poir.,Veronica persica Poir.,Accepted,Veronica persica,Poir.,Plantaginaceae,Veronica,Species,30198355-2,exact_full
Veronica polita Fries,Veronica polita Fr.,Accepted,Veronica polita,Fr.,Plantaginaceae,Veronica,Species,812496-1,exact_name_unique
Veronica ramosissima Boriss.,Veronica ramosissima Boriss.,Accepted,Veronica ramosissima,Boriss.,Plantaginaceae,Veronica,Species,812558-1,exact_full
Veronica rubrifolia Boiss.,Veronica rubrifolia Boiss.,Accepted,Veronica rubrifolia,Boiss.,Plantaginaceae,Veronica,Species,812600-1,exact_full
Veronica spuria L.,Veronica spuria L.,Accepted,Veronica spuria,L.,Plantaginaceae,Veronica,Species,812680-1,name_multi_author_ok
Veronica stylophora Popov,Veronica stylophora Popov ex Vved.,Accepted,Veronica stylophora,Popov ex Vved.,Plantaginaceae,Veronica,Species,812697-1,exact_name_unique
Veronica tenuissima Boriss.,Veronica tenuissima Boriss.,Accepted,Veronica tenuissima,Boriss.,Plantaginaceae,Veronica,Species,812733-1,exact_full
Veronica tianschanica Lincz.,Veronica tianschanica Lincz.,Accepted,Veronica tianschanica,Lincz.,Plantaginaceae,Veronica,Species,812756-1,exact_full
Veronica triphyllos L.,Veronica triphyllos L.,Accepted,Veronica triphyllos,L.,Plantaginaceae,Veronica,Species,812774-1,exact_full
Veronica verna L.,Veronica verna L.,Accepted,Veronica verna,L.,Plantaginaceae,Veronica,Species,812811-1,exact_full
Vexibia alopecuroides (L.) Yakovlev,Vexibia alopecuroides (L.) Yakovlev,Synonym,Sophora alopecuroides,L.,Fabaceae,Sophora,Species,518788-1,exact_full
Vexibia pachycarpa (C.A. Mey.) Yakovlev,Vexibia pachycarpa (Schrenk ex C.A.Mey.) W.A.Weber,Synonym,Sophora pachycarpa,Schrenk ex C.A.Mey.,Fabaceae,Sophora,Species,518906-1,exact_name_unique
Vicatia atrosanguinea (Kar. & Kir.) P.K. Mukh. & Pimenov,Vicatia atrosanguinea (Kar. & Kir.) P.K.Mukh. & Pimenov,Accepted,Vicatia atrosanguinea,(Kar. & Kir.) P.K.Mukh. & Pimenov,Apiaceae,Vicatia,Species,963303-1,exact_full
Vicia angustifolia Reichard,Vicia angustifolia L.,Synonym,Vicia sativa subsp. nigra,Ehrh.,Fabaceae,Vicia,Subspecies,60467411-2,manual_alias
Vicia cinerea M. Bieb.,Vicia cinerea M.Bieb.,Synonym,Vicia monantha subsp. monantha,"",Fabaceae,Vicia,Subspecies,77208451-1,exact_full
Vicia cracca L.,Vicia cracca L.,Accepted,Vicia cracca,L.,Fabaceae,Vicia,Species,30263827-2,exact_full
Vicia ervilia (L.) Willd.,Vicia ervilia (L.) Willd.,Accepted,Vicia ervilia,(L.) Willd.,Fabaceae,Vicia,Species,524727-1,exact_full
Vicia gracilior (Popov) Popov ex B. Fedtsch.,Vicia gracilior (Popov) Popov,Accepted,Vicia gracilior,(Popov) Popov,Fabaceae,Vicia,Species,524785-1,exact_name_unique
Vicia hajastana Grossh.,Vicia hajastana Grossh.,Synonym,Vicia anatolica,Turrill,Fabaceae,Vicia,Species,524517-1,exact_full
Vicia hybrida L.,Vicia hybrida L.,Accepted,Vicia hybrida,L.,Fabaceae,Vicia,Species,524828-1,name_multi_author_ok
Vicia hyrcanica Fisch. & C.A. Mey.,Vicia hyrcanica Fisch. & C.A.Mey.,Accepted,Vicia hyrcanica,Fisch. & C.A.Mey.,Fabaceae,Vicia,Species,524831-1,exact_full
Vicia kokanica Regel & Schmalh.,Vicia kokanica Regel & Schmalh.,Accepted,Vicia kokanica,Regel & Schmalh.,Fabaceae,Vicia,Species,524855-1,exact_full
Vicia michauxii Spreng.,Vicia michauxii Biehler,Accepted,Vicia michauxii,Biehler,Fabaceae,Vicia,Species,524931-1,exact_name_unique
Vicia narbonensis L.,Vicia narbonensis L.,Accepted,Vicia narbonensis,L.,Fabaceae,Vicia,Species,524974-1,exact_full
Vicia peregrina L.,Vicia peregrina L.,Accepted,Vicia peregrina,L.,Fabaceae,Vicia,Species,525037-1,exact_full
Vicia subvillosa (Ledeb.) Boiss.,Vicia subvillosa (Ledeb.) Boiss.,Accepted,Vicia subvillosa,(Ledeb.) Boiss.,Fabaceae,Vicia,Species,525178-1,exact_full
Vicia tenuifolia Roth,Vicia tenuifolia Roth,Accepted,Vicia tenuifolia,Roth,Fabaceae,Vicia,Species,525193-1,name_multi_author_ok
Vicia tetrasperma (L.) Schreb.,Vicia tetrasperma (L.) Schreb.,Accepted,Vicia tetrasperma,(L.) Schreb.,Fabaceae,Vicia,Species,60016556-3,name_multi_author_ok
Vicia venulosa Boiss. & Hohen,Vicia venulosa Boiss. & Hohen.,Accepted,Vicia venulosa,Boiss. & Hohen.,Fabaceae,Vicia,Species,525250-1,exact_name_unique
Vicia villosa Roth,Vicia villosa Roth,Accepted,Vicia villosa,Roth,Fabaceae,Vicia,Species,525259-1,name_multi_author_ok
Vicoa albertoregelia C. Winkl.,Vicoa albertoregelia C.Winkl.,Accepted,Vicoa albertoregelia,C.Winkl.,Asteraceae,Vicoa,Species,259705-1,exact_full
Vicoa discoidea (Nabiev) Kamelin,Vicoa discoidea (Nabiev) Kamelin,Accepted,Vicoa discoidea,(Nabiev) Kamelin,Asteraceae,Vicoa,Species,259711-1,exact_full
Vicoa krascheninnikovii Kamelin,Vicoa krascheninnikovii Kamelin,Accepted,Vicoa krascheninnikovii,Kamelin,Asteraceae,Vicoa,Species,259720-1,exact_full
Vicoa parietarioides Nevski,Vicoa parietarioides Nevski,Accepted,Vicoa parietarioides,Nevski,Asteraceae,Vicoa,Species,259723-1,exact_full
Vicoa propinqua Nevski,Vicoa propinqua Nevski,Accepted,Vicoa propinqua,Nevski,Asteraceae,Vicoa,Species,259725-1,exact_full
Vicoa rupicola Krasch.,Vicoa rupicola Krasch.,Accepted,Vicoa rupicola,Krasch.,Asteraceae,Vicoa,Species,259727-1,exact_full
Vinca erecta Regel & Schmalh.,Vinca erecta Regel & Schmalh.,Accepted,Vinca erecta,Regel & Schmalh.,Apocynaceae,Vinca,Species,82686-1,exact_full
Viola acutifolia (Kar. & Kir.) W. Becker,Viola acutifolia (Kar. & Kir.) W.Becker,Accepted,Viola acutifolia,(Kar. & Kir.) W.Becker,Violaceae,Viola,Species,867557-1,exact_full
Viola alaica Vved.,Viola alaica Vved.,Accepted,Viola alaica,Vved.,Violaceae,Viola,Species,867575-1,exact_full
Viola allochroa Botsch.,Viola allochroa Botsch.,Accepted,Viola allochroa,Botsch.,Violaceae,Viola,Species,867596-1,exact_full
Viola biflora L.,Viola biflora L.,Accepted,Viola biflora,L.,Violaceae,Viola,Species,867746-1,exact_full
Viola canina subsp. montana (L.) Hartm.,Viola canina subsp. montana (L.) Hartm.,Synonym,Viola elatior,Fr.,Violaceae,Viola,Species,868097-1,name_multi_author_ok
Viola collina Besser,Viola collina Besser,Accepted,Viola collina,Besser,Violaceae,Viola,Species,867910-1,exact_full
Viola hissarica Juz.,Viola hissarica Juz.,Accepted,Viola hissarica,Juz.,Violaceae,Viola,Species,868317-1,exact_full
Viola isopetala Juz.,Viola isopetala Juz.,Accepted,Viola isopetala,Juz.,Violaceae,Viola,Species,868399-1,exact_full
Viola occulta Lehm.,Viola occulta Lehm.,Accepted,Viola occulta,Lehm.,Violaceae,Viola,Species,868820-1,exact_full
Viola pumila Chaix,Viola pumila Chaix,Accepted,Viola pumila,Chaix,Violaceae,Viola,Species,869057-1,name_multi_author_ok
Viola rupestris F.M. Schmidt.,Viola rupestris F.W.Schmidt,Accepted,Viola rupestris,F.W.Schmidt,Violaceae,Viola,Species,869158-1,exact_name_unique
Viola sintenisii W. Becker,Viola sintenisii W.Becker,Accepted,Viola sintenisii,W.Becker,Violaceae,Viola,Species,869270-1,exact_full
Viola suavis M. Bieb.,Viola suavis M.Bieb.,Accepted,Viola suavis,M.Bieb.,Violaceae,Viola,Species,869322-1,exact_full
Viola turkestanica Regel & Schmalh.,Viola turkestanica Regel & Schmalh.,Accepted,Viola turkestanica,Regel & Schmalh.,Violaceae,Viola,Species,869447-1,exact_full
Vitex pseudo-negundo (Hausskn.) Hand.-Mazz.,Vitex pseudonegundo (Hausskn.) Hand.-Mazz.,Synonym,Vitex agnus-castus,L.,Lamiaceae,Vitex,Species,865568-1,canon_exact
Vitis vinifera L.,Vitis vinifera L.,Accepted,Vitis vinifera,L.,Vitaceae,Vitis,Species,30478388-2,exact_full
Vulpia ciliata Dumort.,Vulpia ciliata Dumort.,Synonym,Festuca ambigua,Le Gall,Poaceae,Festuca,Species,402328-1,name_multi_author_ok
Vulpia myuros (L.) C.C. Gmel.,Vulpia myuros (L.) C.C.Gmel.,Synonym,Festuca myuros,L.,Poaceae,Festuca,Species,403134-1,exact_full
Vulpia persica (Boiss. & Buhse) V. Krecz. & Bobrov,Vulpia persica (Boiss. & Buhse) V.I.Krecz. & Bobrov,Synonym,Festuca hirtiglumis,(Boiss. & Hausskn.) Sennikov,Poaceae,Festuca,Species,77331090-1,exact_name_unique
Vulpia villosa T. Massl.,Vulpia villosa Maslenn.,Synonym,Festuca hirtiglumis,(Boiss. & Hausskn.) Sennikov,Poaceae,Festuca,Species,77331090-1,exact_name_unique
Vvedenskya pinnatifolia Korovin,Vvedenskya pinnatifolia Korovin,Accepted,Vvedenskya pinnatifolia,Korovin,Apiaceae,Vvedenskya,Species,849961-1,exact_full
Waldheimia glabra (Decne.) Regel,Waldheimia glabra (Decne.) Regel,Synonym,Allardia glabra,Decne.,Asteraceae,Allardia,Species,175899-1,exact_full
Waldheimia tomentosa (Decne.) Regel,Waldheimia tomentosa (Decne.) Regel,Synonym,Allardia tomentosa,Decne.,Asteraceae,Allardia,Species,175905-1,exact_full
Wikstroemia alberti (Regel) Domke,Wikstroemia alberti (Regel) Mottet,Synonym,Restella alberti,(Regel) Pobed.,Thymelaeaceae,Restella,Species,832732-1,exact_name_unique
Xanthium spinosum L.,Xanthium spinosum L.,Accepted,Xanthium spinosum,L.,Asteraceae,Xanthium,Species,260892-1,exact_full
Xanthium strumarium L.,Xanthium strumarium L.,Accepted,Xanthium strumarium,L.,Asteraceae,Xanthium,Species,260893-1,exact_full
Xanthoxalis corniculata (L.) Small,Xanthoxalis corniculata (L.) Small,Synonym,Oxalis corniculata,L.,Oxalidaceae,Oxalis,Species,177893-2,exact_full
Xeranthemum longipapposum Fisch. & C.A. Mey.,Xeranthemum longepapposum Fisch. & C.A.Mey.,Accepted,Xeranthemum longepapposum,Fisch. & C.A.Mey.,Asteraceae,Xeranthemum,Species,260996-1,canon_fuzzy1
Xylanthemum rupestre (Popov ex Nevski) Tzvelev,Xylanthemum rupestre (Popov) Tzvelev,Synonym,Xylanthemum fisherae,(Aitch. & Hemsl.) Tzvelev,Asteraceae,Xylanthemum,Species,261067-1,exact_name_unique
Youngia corniculata (Regel & Schmalh.) Kamelin,Youngia corniculata (Regel & Schmalh.) Kamelin,Accepted,Youngia corniculata,(Regel & Schmalh.) Kamelin,Asteraceae,Youngia,Species,986099-1,exact_full
Youngia karelinii (Popov & Schischk.) Kamelin,Youngia karelinii (Popov & Schischk. ex Czerep.) Kamelin,Synonym,Askellia karelinii,(Popov & Schischk.) W.A.Weber,Asteraceae,Askellia,Species,913692-1,exact_name_unique
Youngia serawschanica (B. Fedtsch.) Babc. & Stebbins,Youngia serawschanica (B.Fedtsch.) Babc. & Stebbins,Synonym,Crepidiastrum serawschanicum,(B.Fedtsch.) Sennikov,Asteraceae,Crepidiastrum,Species,77136133-1,exact_full
Zannichellia pedunculata Rchb.,Zannichellia pedunculata Rchb.,Synonym,Zannichellia palustris subsp. pedicellata,(Rosén & Wahlenb.) Arcang.,Potamogetonaceae,Zannichellia,Subspecies,77189751-1,name_multi_author_ok
Zeravschania regeliana Korovin,Zeravschania regeliana Korovin,Accepted,Zeravschania regeliana,Korovin,Apiaceae,Zeravschania,Species,850040-1,exact_full
Zeuxine strateumatica (L.) Schltr.,Zeuxine strateumatica (L.) Schltr.,Accepted,Zeuxine strateumatica,(L.) Schltr.,Orchidaceae,Zeuxine,Species,661629-1,exact_full
Ziziphora capitata L.,Ziziphora capitata L.,Accepted,Ziziphora capitata,L.,Lamiaceae,Ziziphora,Species,461975-1,exact_full
Ziziphora clinopodioides Lam.,Ziziphora clinopodioides Lam.,Accepted,Ziziphora clinopodioides,Lam.,Lamiaceae,Ziziphora,Species,461978-1,exact_full
Ziziphora interrupta Juz.,Ziziphora interrupta Juz.,Synonym,Ziziphora clinopodioides subsp. interrupta,(Juz.) Sennikov,Lamiaceae,Ziziphora,Subspecies,77331150-1,exact_full
Ziziphora pamiroalaica Juz.,Ziziphora pamiroalaica Juz.,Synonym,Ziziphora clinopodioides subsp. pamiroalaica,(Juz.) Sennikov & Lazkov,Lamiaceae,Ziziphora,Subspecies,77331151-1,exact_full
Ziziphora pedicellata Pazij & Vved.,Ziziphora pedicellata Pazij & Vved.,Accepted,Ziziphora pedicellata,Pazij & Vved.,Lamiaceae,Ziziphora,Species,462010-1,exact_full
Ziziphora persica Bunge,Ziziphora persica Bunge,Accepted,Ziziphora persica,Bunge,Lamiaceae,Ziziphora,Species,462011-1,exact_full
Ziziphora suffruticosa Pazij & Vved.,Ziziphora suffruticosa Pazij & Vved.,Accepted,Ziziphora suffruticosa,Pazij & Vved.,Lamiaceae,Ziziphora,Species,462028-1,exact_full
Ziziphora tenuior L.,Ziziphora tenuior L.,Accepted,Ziziphora tenuior,L.,Lamiaceae,Ziziphora,Species,462033-1,exact_full
Zizyphus jujuba Mill.,Ziziphus jujuba Mill.,Accepted,Ziziphus jujuba,Mill.,Rhamnaceae,Ziziphus,Species,719213-1,manual_alias
Zoegea baldshuanica C. Winkl.,Zoegea baldschuanica C.Winkl.,Synonym,Zoegea crinita,Boiss.,Asteraceae,Zoegea,Species,261381-1,canon_exact
Zosima korovinii Pimenov,Zosima korovinii Pimenov,Accepted,Zosima korovinii,Pimenov,Apiaceae,Zosima,Species,850064-1,exact_full
Zosima orientalis Hoffm.,Zosima orientalis Hoffm.,Illegitimate,Zosima absinthiifolia,(Vent.) Link,Apiaceae,Zosima,Species,850054-1,exact_full
Zostera minor (Cavol.) Nolte ex Rchb.,Zostera minor Nolte ex Rchb.,Synonym,Zostera noltii,Hornem.,Zosteraceae,Zostera,Species,603626-1,exact_name_unique
Zygophyllum bucharicum B. Fedtsch.,Zygophyllum bucharicum B.Fedtsch.,Accepted,Zygophyllum bucharicum,B.Fedtsch.,Zygophyllaceae,Zygophyllum,Species,873518-1,exact_full
Zygophyllum eichwaldii C.A. Mey.,Zygophyllum eichwaldii C.A.Mey.,Accepted,Zygophyllum eichwaldii,C.A.Mey.,Zygophyllaceae,Zygophyllum,Species,873550-1,exact_full
Zygophyllum ferganense (Drobow) Boriss.,Zygophyllum ferganense (Drobow) Boriss.,Synonym,Zygophyllum xanthoxylum,(Bunge) Maxim.,Zygophyllaceae,Zygophyllum,Species,77205534-1,exact_full
Zygophyllum jaxarticum Popov,Zygophyllum jaxarticum Popov,Accepted,Zygophyllum jaxarticum,Popov,Zygophyllaceae,Zygophyllum,Species,873595-1,exact_full
Zygophyllum lehmannianum Bunge,Zygophyllum lehmannianum Bunge,Accepted,Zygophyllum lehmannianum,Bunge,Zygophyllaceae,Zygophyllum,Species,873607-1,exact_full
Zygophyllum macrophyllum Regel & Schmalh.,Zygophyllum macrophyllum Regel & Schmalh.,Synonym,Miltianthus portulacoides,Bunge,Zygophyllaceae,Miltianthus,Species,873325-1,exact_full
Zygophyllum miniatum Cham.,Zygophyllum miniatum Cham.,Accepted,Zygophyllum miniatum,Cham.,Zygophyllaceae,Zygophyllum,Species,873640-1,exact_full
Zygophyllum ovigerum Fisch. & C.A. Mey. ex Kar.,Zygophyllum ovigerum Fisch. & C.A.Mey. ex Bunge,Accepted,Zygophyllum ovigerum,Fisch. & C.A.Mey. ex Bunge,Zygophyllaceae,Zygophyllum,Species,873650-1,exact_name_unique
Zygophyllum oxianum Boriss.,Zygophyllum oxianum Boriss.,Accepted,Zygophyllum oxianum,Boriss.,Zygophyllaceae,Zygophyllum,Species,873651-1,exact_full
Zygophyllum pinnatum Cham.,Zygophyllum pinnatum Cham.,Accepted,Zygophyllum pinnatum,Cham.,Zygophyllaceae,Zygophyllum,Species,873657-1,exact_full
Zygophyllum turcomanicum Fisch. ex Bunge,Zygophyllum turcomanicum Fisch. ex Boiss.,Accepted,Zygophyllum turcomanicum,Fisch. ex Boiss.,Zygophyllaceae,Zygophyllum,Species,873717-1,exact_name_unique
